transaction_id,user_id,transaction_time,amount,rule_score,behavioral_risk_score,model_score,final_score,risk_class,triggered_rules
txn_000259,user_0000,2024-01-04 11:26:28.666085665,54.25,0.0,0.0,0.007744429788617291,0.0030977719154469167,low_risk,[]
txn_000650,user_0000,2024-01-09 09:40:47.217910319,69.88,0.0,0.0,0.03378054801206018,0.013512219204824073,low_risk,[]
txn_000788,user_0000,2024-01-11 04:30:43.064037715,45.09,0.0,0.0,0.007917117241771071,0.003166846896708429,low_risk,[]
txn_000815,user_0000,2024-01-11 12:39:56.286265991,5647.38,0.7,0.8,0.9999467184017954,0.8449786873607181,high_risk,"['jump_from_previous', 'high_vs_average', 'high_share_of_total']"
txn_000880,user_0000,2024-01-12 12:21:59.300755066,46.98,0.0,0.0,4.987704447546021e-05,1.9950817790184086e-05,low_risk,[]
txn_000892,user_0000,2024-01-12 17:04:01.786579911,82.16,0.0,0.0,0.0011069674716453098,0.00044278698865812393,low_risk,[]
txn_001190,user_0000,2024-01-16 21:11:05.507851681,72.48,0.0,0.0,0.0001751704380946806,7.006817523787223e-05,low_risk,[]
txn_001212,user_0000,2024-01-17 02:02:33.183389736,75.38,0.0,0.0,0.00042203465895004015,0.00016881386358001606,low_risk,[]
txn_001337,user_0000,2024-01-18 18:40:17.284270866,65.89,0.0,0.0,0.0001751704380946806,7.006817523787223e-05,low_risk,[]
txn_001412,user_0000,2024-01-19 20:39:39.734593426,80.94,0.0,0.0,0.0001751704380946806,7.006817523787223e-05,low_risk,[]
txn_001588,user_0000,2024-01-21 16:16:58.355676226,61.12,0.0,0.0,0.0001751704380946806,7.006817523787223e-05,low_risk,[]
txn_001820,user_0000,2024-01-25 02:23:33.910704607,65.12,0.0,0.0,0.0001751704380946806,7.006817523787223e-05,low_risk,[]
txn_001829,user_0000,2024-01-25 04:08:47.890503551,72.94,0.1,0.0,0.00042203465895004015,0.03516881386358001,low_risk,['increasing_sequence']
txn_002541,user_0000,2024-02-03 10:04:57.237273438,70.96,0.0,0.0,0.0001751704380946806,7.006817523787223e-05,low_risk,[]
txn_002761,user_0000,2024-02-06 09:04:16.080231038,52.45,0.0,0.0,0.0001751704380946806,7.006817523787223e-05,low_risk,[]
txn_003091,user_0000,2024-02-10 15:54:01.457331970,85.5,0.0,0.0,0.00046530566453676405,0.00018612226581470563,low_risk,[]
txn_003100,user_0000,2024-02-10 21:06:51.986423359,63.15,0.0,0.0,4.987704447546021e-05,1.9950817790184086e-05,low_risk,[]
txn_003673,user_0000,2024-02-18 17:15:46.836630665,70.35,0.0,0.0,0.0001751704380946806,7.006817523787223e-05,low_risk,[]
txn_003683,user_0000,2024-02-18 20:50:32.573344361,62.14,0.0,0.0,0.00042203465895004015,0.00016881386358001606,low_risk,[]
txn_003760,user_0000,2024-02-20 01:08:02.704138929,66.98,0.0,0.0,0.0001751704380946806,7.006817523787223e-05,low_risk,[]
txn_003838,user_0000,2024-02-20 20:53:06.319687425,57.97,0.0,0.0,0.00042203465895004015,0.00016881386358001606,low_risk,[]
txn_003948,user_0000,2024-02-22 08:59:35.892950645,42.39,0.0,0.0,0.0001751704380946806,7.006817523787223e-05,low_risk,[]
txn_004040,user_0000,2024-02-23 09:27:16.452662964,56.81,0.0,0.0,0.0006693652505612588,0.0002677461002245035,low_risk,[]
txn_004129,user_0000,2024-02-24 19:07:50.392311042,78.38,0.1,0.0,9.745218207163335e-05,0.03503898087282865,low_risk,['increasing_sequence']
txn_004237,user_0000,2024-02-26 07:52:46.956209287,70.31,0.0,0.0,0.0001751704380946806,7.006817523787223e-05,low_risk,[]
txn_004288,user_0000,2024-02-26 22:58:57.623279991,90.12,0.0,0.0,0.00034431640292699293,0.00013772656117079718,low_risk,[]
txn_004496,user_0000,2024-02-29 16:32:48.723410578,82.86,0.0,0.0,0.0001751704380946806,7.006817523787223e-05,low_risk,[]
txn_000532,user_0001,2024-01-08 01:41:42.782295828,46.0,0.0,0.0,0.02229717863776745,0.00891887145510698,low_risk,[]
txn_000862,user_0001,2024-01-12 07:29:00.732403646,48.1,0.0,0.0,0.10277569507480169,0.04111027802992068,low_risk,[]
txn_001072,user_0001,2024-01-15 07:12:26.936212919,37.4,0.0,0.0,0.028781148051500813,0.011512459220600325,low_risk,[]
txn_001113,user_0001,2024-01-15 19:17:02.677237579,54.14,0.0,0.0,0.09361810121504717,0.03744724048601887,low_risk,[]
txn_001302,user_0001,2024-01-18 06:30:39.677433630,45.05,0.0,0.0,0.14144327270370047,0.05657730908148019,low_risk,[]
txn_001791,user_0001,2024-01-24 16:56:47.925848266,45.38,0.0,0.0,0.2555317582948024,0.10221270331792097,low_risk,[]
txn_002008,user_0001,2024-01-27 11:21:38.728123213,34.52,0.0,0.0,0.061386832074653556,0.024554732829861425,low_risk,[]
txn_002284,user_0001,2024-01-31 04:08:23.673306151,46.36,0.0,0.0,0.15391181017578956,0.061564724070315824,low_risk,[]
txn_002296,user_0001,2024-01-31 07:35:55.565167409,49.47,0.1,0.0,0.2656881611598419,0.14127526446393676,low_risk,['increasing_sequence']
txn_002378,user_0001,2024-02-01 09:15:01.148263968,39.56,0.0,0.0,0.1608214011834882,0.06432856047339529,low_risk,[]
txn_002390,user_0001,2024-02-01 15:32:20.354296145,37.83,0.0,0.0,0.10795683009977894,0.043182732039911575,low_risk,[]
txn_002653,user_0001,2024-02-04 23:00:28.306846563,50.85,0.0,0.0,0.14274714709118577,0.05709885883647431,low_risk,[]
txn_003092,user_0001,2024-02-10 16:16:46.083593511,40.65,0.0,0.0,0.14858715023721233,0.05943486009488494,low_risk,[]
txn_003319,user_0001,2024-02-13 16:51:35.822429384,42.94,0.0,0.0,0.17600334132333514,0.07040133652933406,low_risk,[]
txn_003358,user_0001,2024-02-14 04:35:36.360566587,34.67,0.0,0.0,0.03515259782659777,0.014061039130639108,low_risk,[]
txn_003394,user_0001,2024-02-14 16:28:12.489802053,40.68,0.0,0.0,0.36760342775125104,0.14704137110050042,low_risk,[]
txn_003412,user_0001,2024-02-14 23:04:05.235047647,41.07,0.1,0.0,0.32803826391391605,0.16621530556556643,low_risk,['increasing_sequence']
txn_003544,user_0001,2024-02-16 20:24:26.029826744,543.11,0.6,0.6677408122738772,0.9999814778244542,0.776927794198251,high_risk,"['jump_from_previous', 'high_vs_average', 'increasing_sequence']"
txn_003567,user_0001,2024-02-17 05:07:24.921436943,40.91,0.0,0.0,0.005513746090209346,0.0022054984360837383,low_risk,[]
txn_003709,user_0001,2024-02-19 05:31:42.812963003,30.32,0.0,0.0,0.002514811493194231,0.0010059245972776924,low_risk,[]
txn_003968,user_0001,2024-02-22 14:24:59.471288827,41.14,0.0,0.0,0.002896613430821609,0.0011586453723286436,low_risk,[]
txn_004128,user_0001,2024-02-24 18:56:29.041799925,49.68,0.1,0.0,0.006535176067327549,0.03761407042693102,low_risk,['increasing_sequence']
txn_004235,user_0001,2024-02-26 07:27:23.403254165,30.61,0.0,0.0,0.0065723023535316305,0.0026289209414126526,low_risk,[]
txn_000325,user_0002,2024-01-05 06:40:42.705214238,77.06,0.0,0.0,0.01842564463680863,0.007370257854723453,low_risk,[]
txn_000334,user_0002,2024-01-05 10:38:35.030585277,81.75,0.0,0.0,0.06397407656716476,0.02558963062686591,low_risk,[]
txn_000392,user_0002,2024-01-06 09:36:07.211177745,83.71,0.1,0.0,0.07893976602672162,0.06657590641068864,low_risk,['increasing_sequence']
txn_000544,user_0002,2024-01-08 04:57:33.506445576,79.46,0.0,0.0,0.11290679437600565,0.04516271775040226,low_risk,[]
txn_000604,user_0002,2024-01-08 22:51:38.147652128,86.34,0.0,0.0,0.1085678401231612,0.043427136049264486,low_risk,[]
txn_000787,user_0002,2024-01-11 04:23:17.920830938,67.94,0.0,0.0,0.026306134317752708,0.010522453727101084,low_risk,[]
txn_000954,user_0002,2024-01-13 16:57:06.895409352,88.79,0.0,0.0,0.059808857915363195,0.02392354316614528,low_risk,[]
txn_001593,user_0002,2024-01-21 18:19:54.857938144,102.67,0.1,0.0,0.0898232679198456,0.07092930716793824,low_risk,['increasing_sequence']
txn_002031,user_0002,2024-01-27 20:14:44.025290295,76.57,0.0,0.0,0.05358282313128329,0.021433129252513318,low_risk,[]
txn_002120,user_0002,2024-01-29 01:25:10.313501901,68.25,0.0,0.0,0.0024971829703423916,0.0009988731881369567,low_risk,[]
txn_002373,user_0002,2024-02-01 07:51:36.481609934,63.24,0.0,0.0,0.0014717878975385823,0.0005887151590154329,low_risk,[]
txn_002643,user_0002,2024-02-04 19:32:45.283595417,85.74,0.0,0.0,0.028989789467903496,0.011595915787161399,low_risk,[]
txn_002878,user_0002,2024-02-07 20:30:47.848293443,109.1,0.1,0.0,0.14040554957045606,0.09116221982818243,low_risk,['increasing_sequence']
txn_002913,user_0002,2024-02-08 07:23:35.663932415,70.38,0.0,0.0,0.008050830020967428,0.003220332008386971,low_risk,[]
txn_003242,user_0002,2024-02-12 18:21:34.412458577,60.35,0.0,0.0,0.0011045389145317417,0.00044181556581269674,low_risk,[]
txn_003519,user_0002,2024-02-16 11:09:38.788487419,79.26,0.0,0.0,0.03268170558912833,0.013072682235651332,low_risk,[]
txn_003608,user_0002,2024-02-17 19:03:47.847297152,78.24,0.0,0.0,0.04134741221844438,0.016538964887377754,low_risk,[]
txn_003737,user_0002,2024-02-19 15:14:47.823542378,85.35,0.0,0.0,0.03294694054494744,0.013178776217978978,low_risk,[]
txn_004002,user_0002,2024-02-22 22:19:55.564585267,46.8,0.0,0.0,0.002546680504192299,0.0010186722016769197,low_risk,[]
txn_004468,user_0002,2024-02-29 09:20:42.790758064,766.33,0.5,0.6557940575813018,0.9999467184017954,0.7389272017560437,high_risk,"['jump_from_previous', 'high_vs_average']"
txn_000001,user_0003,2024-01-01 00:49:05.182078368,48.43,0.0,0.0,0.028805221741264087,0.011522088696505636,low_risk,[]
txn_000134,user_0003,2024-01-02 22:17:40.871169975,43.09,0.0,0.0,0.09976113281129256,0.03990445312451703,low_risk,[]
txn_000417,user_0003,2024-01-06 17:04:12.198738873,21.27,0.0,0.0,0.031959750566188265,0.012783900226475306,low_risk,[]
txn_000714,user_0003,2024-01-10 06:10:03.722143459,686.51,0.7,0.7689745589061961,0.9999467184017954,0.8372223270872672,high_risk,"['jump_from_previous', 'high_vs_average', 'high_share_of_total']"
txn_000776,user_0003,2024-01-11 01:00:20.158155425,20.81,0.0,0.0,0.0014762695120674146,0.0005905078048269659,low_risk,[]
txn_000980,user_0003,2024-01-14 00:21:33.180625206,48.9,0.0,0.013118692936088416,0.017692470172187905,0.010356661302897266,low_risk,[]
txn_001957,user_0003,2024-01-26 22:00:06.306626498,42.33,0.0,0.0,0.0035243585886473596,0.0014097434354589438,low_risk,[]
txn_002600,user_0003,2024-02-04 04:46:31.372231466,55.99,0.0,0.0,0.00861260037620294,0.003445040150481176,low_risk,[]
txn_003343,user_0003,2024-02-14 00:11:30.039474349,18.58,0.0,0.0,0.0006435879793687309,0.0002574351917474924,low_risk,[]
txn_003497,user_0003,2024-02-16 03:42:33.541449980,58.3,0.0,0.042666846071044144,0.0304924268976964,0.022863682276839596,low_risk,[]
txn_004245,user_0003,2024-02-26 11:08:59.460220191,58.73,0.1,0.0,0.0013784671955039795,0.035551386878201585,low_risk,['increasing_sequence']
txn_000089,user_0004,2024-01-02 06:27:52.763218353,219.47,0.0,0.0,0.03227956277534813,0.012911825110139254,low_risk,[]
txn_000580,user_0004,2024-01-08 15:12:19.386447236,284.2,0.0,0.0,0.07251966212367289,0.029007864849469156,low_risk,[]
txn_000821,user_0004,2024-01-11 14:52:55.315253032,331.72,0.1,0.0,0.09437285828934605,0.07274914331573842,low_risk,['increasing_sequence']
txn_000863,user_0004,2024-01-12 07:44:44.096789917,127.72,0.0,0.0,0.00019733883779284034,7.893553511713614e-05,low_risk,[]
txn_001037,user_0004,2024-01-14 16:07:46.605489890,362.55,0.0,0.03144867679298466,0.1805221146593394,0.08007101506198191,low_risk,[]
txn_001421,user_0004,2024-01-19 23:33:37.794833531,268.71,0.0,0.0,0.031721323137512886,0.012688529255005155,low_risk,[]
txn_001442,user_0004,2024-01-20 06:01:26.783964299,301.2,0.0,0.0,0.01661780205823156,0.0066471208232926245,low_risk,[]
txn_001507,user_0004,2024-01-20 20:10:29.552169891,264.17,0.0,0.0,0.031590879684558655,0.012636351873823462,low_risk,[]
txn_001521,user_0004,2024-01-21 00:18:42.818863794,192.98,0.0,0.0,0.0007577923176081253,0.00030311692704325014,low_risk,[]
txn_001851,user_0004,2024-01-25 11:59:06.549329414,155.51,0.0,0.0,0.00019733883779284034,7.893553511713614e-05,low_risk,[]
txn_002025,user_0004,2024-01-27 18:38:47.643201009,395.68,0.0,0.020415085846569352,0.20810891949726945,0.08834733926055013,low_risk,[]
txn_002297,user_0004,2024-01-31 07:55:26.615547035,108.57,0.0,0.0,4.987704447546021e-05,1.9950817790184086e-05,low_risk,[]
txn_002483,user_0004,2024-02-02 20:05:14.248806070,206.3,0.0,0.0,0.0008769757738115305,0.00035079030952461223,low_risk,[]
txn_002519,user_0004,2024-02-03 05:43:58.156234599,76.66,0.0,0.0,4.987704447546021e-05,1.9950817790184086e-05,low_risk,[]
txn_002561,user_0004,2024-02-03 15:31:09.909729471,261.17,0.0,0.05275730498304202,0.06054893154715238,0.03740889886462146,low_risk,[]
txn_002908,user_0004,2024-02-08 04:48:18.731086130,289.86,0.1,0.0,0.031008924484523255,0.0474035697938093,low_risk,['increasing_sequence']
txn_002997,user_0004,2024-02-09 08:27:24.911335045,149.46,0.0,0.0,0.00019733883779284034,7.893553511713614e-05,low_risk,[]
txn_003411,user_0004,2024-02-14 22:48:38.831523723,222.22,0.0,0.0,0.005793280778583938,0.0023173123114335753,low_risk,[]
txn_003454,user_0004,2024-02-15 13:27:04.262516056,282.35,0.1,0.0,0.02951896969381128,0.04680758787752451,low_risk,['increasing_sequence']
txn_003850,user_0004,2024-02-21 00:45:00.236328318,2500.8,0.6,0.6200172827702561,0.994832430008223,0.7629372926958533,high_risk,"['jump_from_previous', 'high_vs_average', 'increasing_sequence']"
txn_000049,user_0005,2024-01-01 17:21:16.857874556,27.35,0.0,0.0,0.015850186635604405,0.0063400746542417626,low_risk,[]
txn_000339,user_0005,2024-01-05 12:01:29.721310395,41.26,0.0,0.0,0.06979062230899008,0.027916248923596034,low_risk,[]
txn_000350,user_0005,2024-01-05 16:32:41.429165852,245.76,0.6,0.42301845116078274,0.9998495767475376,0.7156944434892107,high_risk,"['jump_from_previous', 'high_vs_average', 'increasing_sequence']"
txn_000710,user_0005,2024-01-10 05:09:17.574782417,25.1,0.0,0.0,0.02486224910819355,0.009944899643277421,low_risk,[]
txn_000810,user_0005,2024-01-11 11:43:21.490231898,31.43,0.0,0.0,0.03174927378464328,0.012699709513857314,low_risk,[]
txn_000991,user_0005,2024-01-14 04:11:40.605975641,12.78,0.0,0.0,0.017631195479609042,0.007052478191843617,low_risk,[]
txn_001397,user_0005,2024-01-19 17:35:18.790828053,24.49,0.0,0.0,0.02501571515154907,0.010006286060619629,low_risk,[]
txn_001689,user_0005,2024-01-23 03:20:36.660308988,23.51,0.0,0.0,0.024081580175849982,0.009632632070339993,low_risk,[]
txn_001880,user_0005,2024-01-26 00:50:42.713507429,32.67,0.0,0.0,0.04277956896099387,0.01711182758439755,low_risk,[]
txn_002138,user_0005,2024-01-29 08:21:17.624494306,25.29,0.0,0.0,0.03620206660966803,0.014480826643867212,low_risk,[]
txn_002326,user_0005,2024-01-31 14:09:20.617639743,38.1,0.0,0.0,0.05447838045010043,0.021791352180040174,low_risk,[]
txn_002499,user_0005,2024-02-03 00:27:57.053536562,28.31,0.0,0.0,0.04549888032305003,0.018199552129220014,low_risk,[]
txn_002608,user_0005,2024-02-04 07:27:08.806285429,25.41,0.0,0.0,0.02754595268076711,0.011018381072306845,low_risk,[]
txn_002803,user_0005,2024-02-06 19:54:45.678113916,28.72,0.0,0.0,0.030425966010570946,0.012170386404228378,low_risk,[]
txn_002808,user_0005,2024-02-06 21:13:15.281872090,32.61,0.1,0.0,0.0627033148081652,0.06008132592326608,low_risk,['increasing_sequence']
txn_003331,user_0005,2024-02-13 18:53:03.496355017,27.13,0.0,0.0,0.02444161083481657,0.009776644333926629,low_risk,[]
txn_003340,user_0005,2024-02-13 23:41:57.276116683,28.14,0.0,0.0,0.03951133874767415,0.015804535499069662,low_risk,[]
txn_003370,user_0005,2024-02-14 09:16:07.817718923,44.57,0.1,0.0,0.23183305235284293,0.12773322094113718,low_risk,['increasing_sequence']
txn_003467,user_0005,2024-02-15 18:44:52.034490662,15.13,0.0,0.0,0.034013515394290296,0.013605406157716118,low_risk,[]
txn_003844,user_0005,2024-02-20 22:31:44.142887243,43.57,0.0,0.032989094514210164,0.16243676716014896,0.07322198049261212,low_risk,[]
txn_003848,user_0005,2024-02-20 23:41:47.201421307,26.06,0.0,0.0,0.04300547457618078,0.017202189830472312,low_risk,[]
txn_004104,user_0005,2024-02-24 08:29:57.102351363,28.59,0.0,0.0,0.03704101999213469,0.014816407996853876,low_risk,[]
txn_004178,user_0005,2024-02-25 11:56:45.458512805,32.28,0.1,0.0,0.049279675832030814,0.05471187033281232,low_risk,['increasing_sequence']
txn_004295,user_0005,2024-02-27 02:46:38.847779427,24.05,0.0,0.0,0.014702131840942833,0.0058808527363771335,low_risk,[]
txn_004383,user_0005,2024-02-28 04:01:13.298033446,35.13,0.0,0.0,0.08807996125689779,0.03523198450275912,low_risk,[]
txn_004386,user_0005,2024-02-28 05:05:24.952202069,38.57,0.1,0.0,0.14572094352785428,0.09328837741114171,low_risk,['increasing_sequence']
txn_004390,user_0005,2024-02-28 05:49:21.475641169,33.15,0.0,0.0,0.2353576925476655,0.09414307701906621,low_risk,[]
txn_000069,user_0006,2024-01-01 23:22:18.685679371,72.58,0.0,0.0,0.01842564463680863,0.007370257854723453,low_risk,[]
txn_000219,user_0006,2024-01-04 02:28:44.212798571,55.2,0.0,0.0,0.011591942541692758,0.004636777016677103,low_risk,[]
txn_000397,user_0006,2024-01-06 10:36:37.955410397,66.76,0.0,0.0,0.05929938949607653,0.023719755798430612,low_risk,[]
txn_000597,user_0006,2024-01-08 20:31:36.082167451,49.11,0.0,0.0,0.021105898518215708,0.008442359407286283,low_risk,[]
txn_001166,user_0006,2024-01-16 12:43:23.943438680,68.65,0.0,0.0,0.10806371749774554,0.04322548699909822,low_risk,[]
txn_001199,user_0006,2024-01-16 22:45:55.998417940,51.46,0.0,0.0,0.07341805295222718,0.029367221180890874,low_risk,[]
txn_001264,user_0006,2024-01-17 18:27:42.544587863,49.11,0.0,0.0,0.05260146860567975,0.0210405874422719,low_risk,[]
txn_001469,user_0006,2024-01-20 10:25:04.145936791,60.29,0.0,0.0,0.08344046636081108,0.033376186544324435,low_risk,[]
txn_001535,user_0006,2024-01-21 04:15:05.744935443,67.06,0.1,0.0,0.11793102924086347,0.0821724116963454,low_risk,['increasing_sequence']
txn_001761,user_0006,2024-01-24 09:26:27.006635605,88.38,0.1,0.0,0.14419000174188853,0.09267600069675541,low_risk,['increasing_sequence']
txn_001910,user_0006,2024-01-26 10:03:48.144934336,59.79,0.0,0.0,0.08292235795615886,0.033168943182463544,low_risk,[]
txn_002034,user_0006,2024-01-27 21:29:00.206006608,40.79,0.0,0.0,0.008694249132413703,0.003477699652965481,low_risk,[]
txn_002057,user_0006,2024-01-28 03:36:41.117022407,48.1,0.0,0.0,0.009257593841681136,0.0037030375366724545,low_risk,[]
txn_002152,user_0006,2024-01-29 11:49:21.520290049,62.03,0.1,0.0,0.0502796268901947,0.05511185075607788,low_risk,['increasing_sequence']
txn_002167,user_0006,2024-01-29 18:54:35.438282715,56.09,0.0,0.0,0.045506762223618234,0.018202704889447294,low_risk,[]
txn_002279,user_0006,2024-01-31 03:28:28.958982785,58.92,0.0,0.0,0.05057737358345058,0.020230949433380233,low_risk,[]
txn_002292,user_0006,2024-01-31 05:51:07.291630632,569.68,0.6,0.616656143443001,0.9999814778244542,0.764156626990532,high_risk,"['jump_from_previous', 'high_vs_average', 'increasing_sequence']"
txn_002293,user_0006,2024-01-31 06:32:42.522625210,39.08,0.0,0.0,0.00015291771152491445,6.116708460996578e-05,low_risk,[]
txn_002402,user_0006,2024-02-01 20:14:29.540856253,59.82,0.0,0.0,0.003414316593156276,0.0013657266372625104,low_risk,[]
txn_003807,user_0006,2024-02-20 13:25:21.558987128,59.79,0.0,0.0,0.0012394765397603005,0.0004957906159041202,low_risk,[]
txn_003881,user_0006,2024-02-21 07:53:04.283958298,49.92,0.0,0.0,0.0024861730932170378,0.0009944692372868152,low_risk,[]
txn_003895,user_0006,2024-02-21 13:43:27.624739541,47.48,0.0,0.0,0.0020598564738901056,0.0008239425895560423,low_risk,[]
txn_004200,user_0006,2024-02-25 19:21:07.011792643,69.67,0.0,0.0,0.01771237539032415,0.007084950156129661,low_risk,[]
txn_004266,user_0006,2024-02-26 17:23:59.511528693,54.47,0.0,0.0,0.0020593184085197667,0.0008237273634079067,low_risk,[]
txn_004391,user_0006,2024-02-28 06:26:04.626943268,64.01,0.0,0.0,0.0013023355276687812,0.0005209342110675126,low_risk,[]
txn_004422,user_0006,2024-02-28 16:23:09.146164889,60.59,0.0,0.0,0.0014717878975385823,0.0005887151590154329,low_risk,[]
txn_004460,user_0006,2024-02-29 06:12:44.369169498,60.21,0.0,0.0,0.008431314480862791,0.0033725257923451165,low_risk,[]
txn_000141,user_0007,2024-01-03 01:13:06.066252100,16.91,0.0,0.0,0.019623477377710617,0.007849390951084247,low_risk,[]
txn_000178,user_0007,2024-01-03 13:08:22.027460861,26.31,0.0,0.0,0.04107205582796878,0.016428822331187514,low_risk,[]
txn_000408,user_0007,2024-01-06 14:18:36.373201312,17.77,0.0,0.0,0.049041448506760565,0.019616579402704226,low_risk,[]
txn_000430,user_0007,2024-01-06 20:57:06.924633832,15.28,0.0,0.0,0.043965324531437124,0.01758612981257485,low_risk,[]
txn_000701,user_0007,2024-01-10 02:35:40.184280661,25.0,0.0,0.0,0.046406464515137406,0.018562585806054962,low_risk,[]
txn_001157,user_0007,2024-01-16 10:36:58.070877877,27.43,0.1,0.0,0.0808722659986775,0.067348906399471,low_risk,['increasing_sequence']
txn_001195,user_0007,2024-01-16 21:54:26.556487542,35.96,0.1,0.0,0.3687048302038674,0.18248193208154698,low_risk,['increasing_sequence']
txn_001222,user_0007,2024-01-17 05:17:27.591215280,15.75,0.0,0.0,0.12785526945487452,0.05114210778194981,low_risk,[]
txn_001249,user_0007,2024-01-17 13:19:49.197139575,25.53,0.0,0.0,0.12146058443770473,0.04858423377508189,low_risk,[]
txn_001494,user_0007,2024-01-20 16:02:35.224077623,20.75,0.0,0.0,0.1345857399410418,0.05383429597641673,low_risk,[]
txn_001617,user_0007,2024-01-22 02:46:44.824631056,15.0,0.0,0.0,0.0560468494444901,0.022418739777796043,low_risk,[]
txn_001776,user_0007,2024-01-24 13:32:18.302735487,21.32,0.0,0.0,0.17442807146725708,0.06977122858690284,low_risk,[]
txn_001866,user_0007,2024-01-25 20:24:56.271936404,37.18,0.1,0.0,0.6370165892280292,0.2898066356912117,low_risk,['increasing_sequence']
txn_001883,user_0007,2024-01-26 01:33:01.196504960,52.06,0.1,0.012725273993137675,0.9651220980889906,0.42423015773388073,medium_risk,['increasing_sequence']
txn_001914,user_0007,2024-01-26 12:08:52.044248116,70.65,0.1,0.04039744499645139,0.9926900177736795,0.4421753683585847,medium_risk,['increasing_sequence']
txn_001922,user_0007,2024-01-26 13:23:53.481589810,92.96,0.1,0.06486166942539606,0.9881238045032406,0.44646493915764524,medium_risk,['increasing_sequence']
txn_002033,user_0007,2024-01-27 21:25:52.197968925,9.91,0.0,0.0,0.03903633364696788,0.015614533458787154,low_risk,[]
txn_002280,user_0007,2024-01-31 03:37:02.463753397,16.36,0.0,0.0,0.03860658010889997,0.015442632043559987,low_risk,[]
txn_002282,user_0007,2024-01-31 03:51:29.619742810,18.23,0.1,0.0,0.044167348378961926,0.05266693935158477,low_risk,['increasing_sequence']
txn_002744,user_0007,2024-02-06 03:28:14.752026065,21.98,0.1,0.0,0.07655187686851343,0.06562075074740537,low_risk,['increasing_sequence']
txn_002999,user_0007,2024-02-09 08:58:14.495776323,23.0,0.1,0.0,0.09031798767438909,0.07112719506975564,low_risk,['increasing_sequence']
txn_003500,user_0007,2024-02-16 04:55:50.282935579,17.8,0.0,0.0,0.04082776788025104,0.016331107152100417,low_risk,[]
txn_003501,user_0007,2024-02-16 05:04:09.145918644,9.0,0.0,0.0,0.0331016126258075,0.013240645050323,low_risk,[]
txn_003621,user_0007,2024-02-17 22:52:51.625880542,9.72,0.0,0.0,0.03017176210270007,0.012068704841080028,low_risk,[]
txn_003886,user_0007,2024-02-21 09:52:44.271695501,17.23,0.1,0.0,0.02871624602340564,0.046486498409362254,low_risk,['increasing_sequence']
txn_003979,user_0007,2024-02-22 18:21:10.426400159,23.24,0.1,0.0,0.12925415586460845,0.08670166234584338,low_risk,['increasing_sequence']
txn_004059,user_0007,2024-02-23 14:59:24.379265155,14.1,0.0,0.0,0.051388341370626964,0.020555336548250785,low_risk,[]
txn_004491,user_0007,2024-02-29 15:44:51.424782458,21.02,0.0,0.0,0.05258711741882112,0.02103484696752845,low_risk,[]
txn_000152,user_0008,2024-01-03 04:27:34.134420067,120.12,0.0,0.0,0.010492396756456081,0.004196958702582433,low_risk,[]
txn_000264,user_0008,2024-01-04 12:33:17.645674376,74.14,0.0,0.0,0.003402862856648993,0.0013611451426595973,low_risk,[]
txn_000402,user_0008,2024-01-06 13:36:39.794193017,1401.09,0.5,0.6428094472176813,0.9999467184017954,0.7356810491651384,high_risk,"['jump_from_previous', 'high_vs_average']"
txn_000573,user_0008,2024-01-08 14:15:06.698370610,105.19,0.0,0.0,0.00019733883779284034,7.893553511713614e-05,low_risk,[]
txn_000977,user_0008,2024-01-13 23:25:40.101990506,139.43,0.0,0.0,0.0006121629583958542,0.0002448651833583417,low_risk,[]
txn_001590,user_0008,2024-01-21 17:21:07.510190646,71.37,0.0,0.0,4.987704447546021e-05,1.9950817790184086e-05,low_risk,[]
txn_001720,user_0008,2024-01-23 17:34:11.485707810,91.43,0.0,0.0,0.00024491397538901346,9.796559015560539e-05,low_risk,[]
txn_001942,user_0008,2024-01-26 17:54:08.549696627,88.21,0.0,0.0,0.00032263223141206073,0.0001290528925648243,low_risk,[]
txn_002079,user_0008,2024-01-28 12:03:42.693381281,80.63,0.0,0.0,0.0001751704380946806,7.006817523787223e-05,low_risk,[]
txn_002314,user_0008,2024-01-31 11:03:17.554841856,125.05,0.0,0.0,0.0006127674578541442,0.0002451069831416577,low_risk,[]
txn_002372,user_0008,2024-02-01 07:39:04.911587974,76.85,0.0,0.0,4.987704447546021e-05,1.9950817790184086e-05,low_risk,[]
txn_002416,user_0008,2024-02-02 00:49:26.800032781,113.93,0.0,0.0,0.0004917781962443731,0.00019671127849774924,low_risk,[]
txn_002533,user_0008,2024-02-03 08:54:50.498599739,45.85,0.0,0.0,4.987704447546021e-05,1.9950817790184086e-05,low_risk,[]
txn_002569,user_0008,2024-02-03 17:17:35.561711507,111.12,0.0,0.015883315158124318,0.011464304757582802,0.0085565506925642,low_risk,[]
txn_002678,user_0008,2024-02-05 06:01:41.049409477,128.02,0.1,0.0,0.0006898812144189015,0.03527595248576756,low_risk,['increasing_sequence']
txn_002794,user_0008,2024-02-06 17:54:45.482848493,101.97,0.0,0.0,0.00019733883779284034,7.893553511713614e-05,low_risk,[]
txn_002868,user_0008,2024-02-07 17:41:06.520971836,118.34,0.0,0.0,0.0005694964522674203,0.00022779858090696812,low_risk,[]
txn_002950,user_0008,2024-02-08 21:41:33.600094224,123.91,0.1,0.0,0.00032263223141206073,0.03512905289256482,low_risk,['increasing_sequence']
txn_003177,user_0008,2024-02-11 21:34:42.626390761,28.03,0.0,0.0,0.000475403475569045,0.000190161390227618,low_risk,[]
txn_003296,user_0008,2024-02-13 09:44:28.213667853,156.48,0.25,0.13434712807706026,0.06199856757426556,0.1458862090489713,low_risk,['jump_from_previous']
txn_003423,user_0008,2024-02-15 02:11:17.400488375,139.59,0.0,0.0,0.0015055120809340681,0.0006022048323736273,low_risk,[]
txn_003435,user_0008,2024-02-15 06:34:52.411559048,136.2,0.0,0.0,0.0006898812144189015,0.0002759524857675606,low_risk,[]
txn_003506,user_0008,2024-02-16 07:28:45.043734911,116.95,0.0,0.0,0.00032263223141206073,0.0001290528925648243,low_risk,[]
txn_003596,user_0008,2024-02-17 14:53:18.884145317,166.63,0.0,0.0,0.01187909808310361,0.004751639233241445,low_risk,[]
txn_003805,user_0008,2024-02-20 13:08:06.727530627,119.12,0.0,0.0,0.00019733883779284034,7.893553511713614e-05,low_risk,[]
txn_003905,user_0008,2024-02-21 14:53:53.097812765,138.74,0.0,0.0,0.0027610354836214756,0.0011044141934485902,low_risk,[]
txn_003938,user_0008,2024-02-22 03:26:14.828059982,131.61,0.0,0.0,0.0006898812144189015,0.0002759524857675606,low_risk,[]
txn_003941,user_0008,2024-02-22 03:52:51.710538267,88.07,0.0,0.0,0.005152917711524914,0.0020611670846099658,low_risk,[]
txn_004113,user_0008,2024-02-24 14:06:30.636666951,94.81,0.0,0.0,0.00032263223141206073,0.0001290528925648243,low_risk,[]
txn_004368,user_0008,2024-02-27 23:19:54.409908625,35.85,0.0,0.0,4.987704447546021e-05,1.9950817790184086e-05,low_risk,[]
txn_004454,user_0008,2024-02-29 04:51:54.554131468,94.73,0.0,0.024089958158995815,0.006217440536727442,0.008509465754439931,low_risk,[]
txn_001183,user_0009,2024-01-16 19:10:36.791217621,46.42,0.0,0.0,0.009580603009503865,0.003832241203801546,low_risk,[]
txn_001487,user_0009,2024-01-20 14:44:01.056130312,42.64,0.0,0.0,0.1127755492260687,0.04511021969042748,low_risk,[]
txn_001681,user_0009,2024-01-22 23:52:36.233179077,54.92,0.0,0.0,0.5169618301079643,0.2067847320431857,low_risk,[]
txn_001886,user_0009,2024-01-26 02:44:51.718417779,76.88,0.1,0.0,0.8174935624093238,0.3619974249637295,low_risk,['increasing_sequence']
txn_002095,user_0009,2024-01-28 17:36:29.589864775,104.34,0.1,0.0,0.9423800200097872,0.41195200800391485,medium_risk,['increasing_sequence']
txn_002371,user_0009,2024-02-01 06:52:41.601459042,137.29,0.1,0.01980780978634749,0.9993887214127304,0.4397074410116791,medium_risk,['increasing_sequence']
txn_003039,user_0009,2024-02-09 21:54:29.197691764,44.57,0.0,0.0,0.03601754075727339,0.014407016302909357,low_risk,[]
txn_003113,user_0009,2024-02-11 02:42:32.586794033,48.48,0.0,0.0,0.03894912078351549,0.015579648313406198,low_risk,[]
txn_004019,user_0009,2024-02-23 04:19:19.727268794,27.03,0.0,0.0,0.05494085833767226,0.021976343335068906,low_risk,[]
txn_000306,user_0010,2024-01-05 01:01:08.397809504,62.57,0.0,0.0,0.016365110023275037,0.006546044009310015,low_risk,[]
txn_000483,user_0010,2024-01-07 10:29:36.106203000,75.79,0.0,0.0,0.051102331962079334,0.020440932784831736,low_risk,[]
txn_001066,user_0010,2024-01-15 04:51:03.139625911,44.62,0.0,0.0,0.010876529563832555,0.004350611825533022,low_risk,[]
txn_001119,user_0010,2024-01-15 20:03:52.558683840,654.7,0.5,0.6503657389200571,0.9999467184017954,0.7375701220907325,high_risk,"['jump_from_previous', 'high_vs_average']"
txn_001341,user_0010,2024-01-18 20:16:23.595941118,73.65,0.0,0.0,0.001600969878523339,0.0006403879514093356,low_risk,[]
txn_001503,user_0010,2024-01-20 18:53:27.407594988,56.77,0.0,0.0,0.0006898812144189015,0.0002759524857675606,low_risk,[]
txn_001878,user_0010,2024-01-26 00:21:14.590349971,69.09,0.0,0.0,0.0013784671955039795,0.0005513868782015918,low_risk,[]
txn_002194,user_0010,2024-01-30 05:26:46.336846730,86.29,0.1,0.0,0.0010681171823455908,0.03542724687293823,low_risk,['increasing_sequence']
txn_002391,user_0010,2024-02-01 15:47:46.893373635,51.03,0.0,0.0,0.00019733883779284034,7.893553511713614e-05,low_risk,[]
txn_002438,user_0010,2024-02-02 05:54:36.380267014,55.07,0.0,0.0,0.0020681021869570033,0.0008272408747828013,low_risk,[]
txn_002525,user_0010,2024-02-03 07:34:05.133561891,61.77,0.1,0.0,0.0010002312275772902,0.03540009249103091,low_risk,['increasing_sequence']
txn_002532,user_0010,2024-02-03 08:27:48.466875945,74.87,0.1,0.0,0.0010681171823455908,0.03542724687293823,low_risk,['increasing_sequence']
txn_002712,user_0010,2024-02-05 18:52:51.395083657,71.34,0.0,0.0,0.0010681171823455908,0.00042724687293823634,low_risk,[]
txn_003101,user_0010,2024-02-10 21:55:48.371867709,81.09,0.0,0.0,0.0010681171823455908,0.00042724687293823634,low_risk,[]
txn_003431,user_0010,2024-02-15 04:25:31.850448722,85.05,0.1,0.0,0.0010681171823455908,0.03542724687293823,low_risk,['increasing_sequence']
txn_003588,user_0010,2024-02-17 12:52:12.019891366,55.24,0.0,0.0,0.00019733883779284034,7.893553511713614e-05,low_risk,[]
txn_003651,user_0010,2024-02-18 08:18:45.668206490,45.52,0.0,0.0,0.0009963511369646917,0.00039854045478587667,low_risk,[]
txn_004052,user_0010,2024-02-23 13:15:35.109017732,65.24,0.0,0.0,0.004967560743811801,0.0019870242975247206,low_risk,[]
txn_004205,user_0010,2024-02-25 21:18:18.641537282,58.0,0.0,0.0,0.0006898812144189015,0.0002759524857675606,low_risk,[]
txn_004207,user_0010,2024-02-25 21:59:59.610088301,95.52,0.0,0.0,0.03399743342588598,0.013598973370354393,low_risk,[]
txn_004407,user_0010,2024-02-28 11:24:36.702293733,85.59,0.0,0.0,0.011978623063763086,0.004791449225505235,low_risk,[]
txn_000140,user_0011,2024-01-03 00:47:02.490019012,40.25,0.0,0.0,0.01568200213180472,0.006272800852721888,low_risk,[]
txn_000213,user_0011,2024-01-04 00:32:48.563287865,40.22,0.0,0.0,0.09574039684466712,0.03829615873786685,low_risk,[]
txn_000216,user_0011,2024-01-04 01:21:34.157391667,47.51,0.0,0.0,0.11618017317607476,0.046472069270429905,low_risk,[]
txn_000478,user_0011,2024-01-07 08:16:48.712600488,32.4,0.0,0.0,0.03709436852280235,0.014837747409120942,low_risk,[]
txn_000505,user_0011,2024-01-07 15:34:54.870118082,35.53,0.0,0.0,0.06874377182513122,0.02749750873005249,low_risk,[]
txn_000662,user_0011,2024-01-09 13:55:50.368475980,38.7,0.1,0.0,0.11058058286005125,0.0792322331440205,low_risk,['increasing_sequence']
txn_000885,user_0011,2024-01-12 13:57:22.582572097,40.06,0.1,0.0,0.1650322636453456,0.10101290545813824,low_risk,['increasing_sequence']
txn_000953,user_0011,2024-01-13 16:54:25.876791431,42.43,0.1,0.0,0.17844270870869652,0.1063770834834786,low_risk,['increasing_sequence']
txn_001058,user_0011,2024-01-15 02:10:11.406335854,40.1,0.0,0.0,0.17423322182056242,0.06969328872822497,low_risk,[]
txn_001257,user_0011,2024-01-17 15:09:55.158851438,37.64,0.0,0.0,0.17649187570875974,0.0705967502835039,low_risk,[]
txn_001548,user_0011,2024-01-21 07:09:35.839541765,31.81,0.0,0.0,0.06289684207297462,0.02515873682918985,low_risk,[]
txn_001686,user_0011,2024-01-23 02:15:16.690311555,40.89,0.0,0.0,0.11312427440168206,0.04524970976067283,low_risk,[]
txn_001704,user_0011,2024-01-23 09:40:20.288252969,37.77,0.0,0.0,0.17171518814683953,0.06868607525873581,low_risk,[]
txn_001735,user_0011,2024-01-24 00:00:49.041040073,41.83,0.0,0.0,0.5900896647551138,0.23603586590204553,low_risk,[]
txn_001823,user_0011,2024-01-25 03:04:43.780300023,42.9,0.1,0.0,0.15587902113508315,0.09735160845403326,low_risk,['increasing_sequence']
txn_002251,user_0011,2024-01-30 21:59:02.599024783,42.33,0.0,0.0,0.16775105032411908,0.06710042012964763,low_risk,[]
txn_002295,user_0011,2024-01-31 07:25:15.198947753,38.7,0.0,0.0,0.13746506925518515,0.05498602770207406,low_risk,[]
txn_002374,user_0011,2024-02-01 07:53:01.262331465,48.0,0.0,0.0,0.12828945453934953,0.051315781815739814,low_risk,[]
txn_002508,user_0011,2024-02-03 03:14:40.175863346,41.71,0.0,0.0,0.13076352249661424,0.0523054089986457,low_risk,[]
txn_002772,user_0011,2024-02-06 12:28:12.157617246,48.74,0.0,0.0,0.13884722865995375,0.0555388914639815,low_risk,[]
txn_003106,user_0011,2024-02-10 23:32:29.534231604,43.64,0.0,0.0,0.13963891789827731,0.05585556715931093,low_risk,[]
txn_003510,user_0011,2024-02-16 08:24:30.098420191,48.66,0.0,0.0,0.14073078786683793,0.056292315146735175,low_risk,[]
txn_003641,user_0011,2024-02-18 03:53:42.596241740,50.24,0.1,0.0,0.12409035464097443,0.08463614185638976,low_risk,['increasing_sequence']
txn_003687,user_0011,2024-02-18 22:39:07.614696678,40.75,0.0,0.0,0.1415899015386427,0.05663596061545709,low_risk,[]
txn_003702,user_0011,2024-02-19 04:00:32.716743399,51.2,0.0,0.0,0.11293642250851679,0.04517456900340672,low_risk,[]
txn_003746,user_0011,2024-02-19 17:58:36.141952369,42.99,0.0,0.0,0.33985734119868793,0.13594293647947517,low_risk,[]
txn_004007,user_0011,2024-02-23 00:28:46.003671751,42.4,0.0,0.0,0.15032701208788404,0.06013080483515362,low_risk,[]
txn_004169,user_0011,2024-02-25 09:33:21.146296843,33.47,0.0,0.0,0.032362244359346794,0.012944897743738719,low_risk,[]
txn_004258,user_0011,2024-02-26 15:34:00.666443408,51.59,0.0,0.0,0.09499088845989428,0.037996355383957715,low_risk,[]
txn_004291,user_0011,2024-02-27 00:42:52.662657228,41.24,0.0,0.0,0.16169050144275596,0.06467620057710238,low_risk,[]
txn_004327,user_0011,2024-02-27 13:05:53.992515838,52.17,0.0,0.0,0.2163425959411224,0.08653703837644897,low_risk,[]
txn_004425,user_0011,2024-02-28 17:33:05.892856476,30.45,0.0,0.0,0.4969519647789506,0.19878078591158024,low_risk,[]
txn_004426,user_0011,2024-02-28 17:35:35.576504039,46.4,0.0,0.0,0.34433473163177974,0.1377338926527119,low_risk,[]
txn_004427,user_0011,2024-02-28 17:36:58.051714364,45.19,0.0,0.0,0.6447092012520953,0.25788368050083815,low_risk,[]
txn_004428,user_0011,2024-02-28 17:39:12.690773326,46.09,0.0,0.0,0.7941609508529082,0.3176643803411633,low_risk,[]
txn_004429,user_0011,2024-02-28 17:52:52.862956562,41.87,0.0,0.0,0.7778035957373166,0.31112143829492667,low_risk,[]
txn_004430,user_0011,2024-02-28 17:54:56.877928367,38.41,0.0,0.013333333333333334,0.8748819924078711,0.3532861302964818,low_risk,[]
txn_000388,user_0012,2024-01-06 07:46:39.611752897,81.54,0.0,0.0,0.01721088867219997,0.006884355468879989,low_risk,[]
txn_000561,user_0012,2024-01-08 11:09:03.455158299,86.21,0.0,0.0,0.07073279664598432,0.02829311865839373,low_risk,[]
txn_000769,user_0012,2024-01-10 23:01:47.253148749,121.31,0.1,0.0,0.27455061328801766,0.14482024531520707,low_risk,['increasing_sequence']
txn_001335,user_0012,2024-01-18 17:21:45.879775865,95.48,0.0,0.0,0.09844442538579226,0.039377770154316906,low_risk,[]
txn_001824,user_0012,2024-01-25 03:24:50.658364601,79.62,0.0,0.0,0.03004212623945173,0.012016850495780693,low_risk,[]
txn_001846,user_0012,2024-01-25 09:52:20.671402044,93.6,0.0,0.0,0.08896428978735725,0.0355857159149429,low_risk,[]
txn_001859,user_0012,2024-01-25 16:07:57.269821458,101.25,0.1,0.0,0.32256958430743926,0.16402783372297572,low_risk,['increasing_sequence']
txn_002051,user_0012,2024-01-28 01:34:11.393607450,112.3,0.1,0.0,0.07988073475960661,0.06695229390384264,low_risk,['increasing_sequence']
txn_002978,user_0012,2024-02-09 03:41:48.633160552,125.56,0.1,0.0,0.18010912097785886,0.10704364839114355,low_risk,['increasing_sequence']
txn_003488,user_0012,2024-02-16 01:25:54.793510276,175.79,0.1,0.0,0.9080408201375103,0.3982163280550041,low_risk,['increasing_sequence']
txn_004057,user_0012,2024-02-23 14:06:27.506667048,238.57,0.1,0.01120485521973411,0.9994025995871332,0.4375622536397868,medium_risk,['increasing_sequence']
txn_004130,user_0012,2024-02-24 19:10:42.050778539,313.91,0.1,0.031670645119468,0.9996723901252846,0.44278661732998087,medium_risk,['increasing_sequence']
txn_004251,user_0012,2024-02-26 13:12:23.946106367,112.01,0.0,0.0,0.0004725341386700754,0.00018901365546803017,low_risk,[]
txn_004292,user_0012,2024-02-27 00:57:26.538177814,85.74,0.0,0.0,0.006283490078852194,0.0025133960315408778,low_risk,[]
txn_000906,user_0013,2024-01-12 21:40:17.281651441,86.39,0.0,0.0,0.010492396756456081,0.004196958702582433,low_risk,[]
txn_001315,user_0013,2024-01-18 11:06:45.027104169,55.89,0.0,0.0,0.009354246196162073,0.0037416984784648293,low_risk,[]
txn_001897,user_0013,2024-01-26 05:02:04.237855726,34.23,0.0,0.0,0.01174247701866065,0.00469699080746426,low_risk,[]
txn_002625,user_0013,2024-02-04 11:48:41.113871774,2324.97,0.7,0.8,0.9999467184017954,0.8449786873607181,high_risk,"['jump_from_previous', 'high_vs_average', 'high_share_of_total']"
txn_003038,user_0013,2024-02-09 20:59:41.214189596,76.29,0.0,0.0,0.00019733883779284034,7.893553511713614e-05,low_risk,[]
txn_003257,user_0013,2024-02-12 23:56:12.370874390,54.41,0.0,0.0,4.987704447546021e-05,1.9950817790184086e-05,low_risk,[]
txn_003329,user_0013,2024-02-13 18:21:03.822562793,88.65,0.0,0.0,0.0024758000740859143,0.0009903200296343658,low_risk,[]
txn_003456,user_0013,2024-02-15 14:22:42.299596055,39.11,0.0,0.0,4.987704447546021e-05,1.9950817790184086e-05,low_risk,[]
txn_003619,user_0013,2024-02-17 22:11:59.107116967,64.44,0.0,0.0,0.0027367175969910474,0.001094687038796419,low_risk,[]
txn_003719,user_0013,2024-02-19 09:01:39.587369016,58.75,0.0,0.0,0.00032263223141206073,0.0001290528925648243,low_risk,[]
txn_003830,user_0013,2024-02-20 18:44:02.200076001,56.91,0.0,0.0,0.00041441575027769073,0.00016576630011107631,low_risk,[]
txn_003917,user_0013,2024-02-21 18:36:50.327765831,58.64,0.0,0.0,0.0009963511369646917,0.00039854045478587667,low_risk,[]
txn_003998,user_0013,2024-02-22 21:31:43.674923003,76.43,0.1,0.0,0.0015530882360996815,0.03562123529443987,low_risk,['increasing_sequence']
txn_004483,user_0013,2024-02-29 14:03:44.504328225,69.15,0.0,0.0,0.00032263223141206073,0.0001290528925648243,low_risk,[]
txn_000050,user_0014,2024-01-01 17:28:58.430379873,38.9,0.0,0.0,0.007983183327326575,0.00319327333093063,low_risk,[]
txn_000135,user_0014,2024-01-02 22:17:42.464201309,47.98,0.0,0.0,0.03626315621129077,0.014505262484516307,low_risk,[]
txn_000649,user_0014,2024-01-09 08:52:42.027835992,47.17,0.0,0.0,0.048352898711684175,0.019341159484673673,low_risk,[]
txn_000768,user_0014,2024-01-10 22:50:49.498085809,51.34,0.0,0.0,0.04866757071624199,0.019467028286496796,low_risk,[]
txn_000780,user_0014,2024-01-11 01:49:50.491424509,50.13,0.0,0.0,0.06568599682546993,0.02627439873018797,low_risk,[]
txn_000790,user_0014,2024-01-11 05:21:49.583478311,49.43,0.0,0.0,0.1958334655915227,0.07833338623660908,low_risk,[]
txn_001029,user_0014,2024-01-14 14:00:44.849492356,36.88,0.0,0.0,0.028452762345405728,0.011381104938162292,low_risk,[]
txn_001042,user_0014,2024-01-14 19:07:30.524371790,54.52,0.0,0.0,0.049568829291786985,0.019827531716714794,low_risk,[]
txn_001118,user_0014,2024-01-15 20:02:58.076022297,43.24,0.0,0.0,0.07455181297915636,0.029820725191662546,low_risk,[]
txn_001130,user_0014,2024-01-15 23:31:31.244392956,48.11,0.0,0.0,0.07135855810174548,0.028543423240698192,low_risk,[]
txn_001635,user_0014,2024-01-22 07:36:19.501041595,54.84,0.1,0.0,0.049242272052243845,0.05469690882089753,low_risk,['increasing_sequence']
txn_001728,user_0014,2024-01-23 21:04:58.279358156,39.78,0.0,0.0,0.04614677447017439,0.018458709788069756,low_risk,[]
txn_001752,user_0014,2024-01-24 06:31:27.106028305,45.14,0.0,0.0,0.06205496149742992,0.02482198459897197,low_risk,[]
txn_001780,user_0014,2024-01-24 14:21:16.965097212,52.89,0.1,0.0,0.09513719992756542,0.07305487997102617,low_risk,['increasing_sequence']
txn_001856,user_0014,2024-01-25 14:53:29.604532631,49.59,0.0,0.0,0.032333885991105385,0.012933554396442155,low_risk,[]
txn_002123,user_0014,2024-01-29 02:30:13.176887650,52.32,0.0,0.0,0.04181360202195497,0.01672544080878199,low_risk,[]
txn_002286,user_0014,2024-01-31 04:34:37.482541818,54.25,0.1,0.0,0.034813954404232045,0.048925581761692816,low_risk,['increasing_sequence']
txn_002335,user_0014,2024-01-31 16:02:49.269620825,46.25,0.0,0.0,0.045200458281185345,0.01808018331247414,low_risk,[]
txn_002340,user_0014,2024-01-31 17:41:46.397382439,49.06,0.0,0.0,0.09929307464553651,0.0397172298582146,low_risk,[]
txn_002413,user_0014,2024-02-01 23:08:46.375319560,7020.18,0.7999999999999999,0.8,0.9999814778244542,0.8799925911297817,high_risk,"['jump_from_previous', 'high_vs_average', 'high_share_of_total', 'increasing_sequence']"
txn_002536,user_0014,2024-02-03 09:20:23.893207956,40.59,0.0,0.0,4.987704447546021e-05,1.9950817790184086e-05,low_risk,[]
txn_002931,user_0014,2024-02-08 13:38:14.714305287,47.68,0.0,0.0,0.0007470835065843059,0.0002988334026337224,low_risk,[]
txn_003131,user_0014,2024-02-11 07:48:11.470947424,53.38,0.1,0.0,0.0001751704380946806,0.03507006817523787,low_risk,['increasing_sequence']
txn_003228,user_0014,2024-02-12 13:45:50.766067577,48.32,0.0,0.0,0.0001751704380946806,7.006817523787223e-05,low_risk,[]
txn_003658,user_0014,2024-02-18 10:43:27.199310242,48.34,0.0,0.0,0.00038235865183360555,0.00015294346073344223,low_risk,[]
txn_003675,user_0014,2024-02-18 17:42:27.370501962,45.11,0.0,0.0,0.0008168322452032263,0.00032673289808129053,low_risk,[]
txn_003704,user_0014,2024-02-19 04:18:28.210070285,58.09,0.0,0.0,0.0007644573713465681,0.0003057829485386273,low_risk,[]
txn_003907,user_0014,2024-02-21 15:12:41.470538509,40.42,0.0,0.0,0.0001751704380946806,7.006817523787223e-05,low_risk,[]
txn_003945,user_0014,2024-02-22 05:51:21.807279806,44.57,0.0,0.0,0.0011815570999539268,0.00047262283998157075,low_risk,[]
txn_003952,user_0014,2024-02-22 11:47:06.800205966,44.92,0.1,0.0,0.0017622816188988465,0.03570491264755953,low_risk,['increasing_sequence']
txn_003960,user_0014,2024-02-22 13:03:48.311233269,61.71,0.1,0.0,0.0,0.034999999999999996,low_risk,['increasing_sequence']
txn_004051,user_0014,2024-02-23 13:10:38.804094876,42.28,0.0,0.0,0.0001751704380946806,7.006817523787223e-05,low_risk,[]
txn_004284,user_0014,2024-02-26 22:03:03.289677540,36.86,0.0,0.0,0.0007470835065843059,0.0002988334026337224,low_risk,[]
txn_004394,user_0014,2024-02-28 07:40:18.672565977,54.09,0.0,0.0,0.0006693652505612588,0.0002677461002245035,low_risk,[]
txn_004455,user_0014,2024-02-29 05:12:00.708960989,46.31,0.0,0.0,0.0006096440314643012,0.0002438576125857205,low_risk,[]
txn_004474,user_0014,2024-02-29 10:51:22.925963429,41.11,0.0,0.0,0.0008168322452032263,0.00032673289808129053,low_risk,[]
txn_000194,user_0015,2024-01-03 17:45:13.287703884,22.9,0.0,0.0,0.0275073760148516,0.01100295040594064,low_risk,[]
txn_000230,user_0015,2024-01-04 05:50:17.551430818,22.23,0.0,0.0,0.13785693711523245,0.05514277484609298,low_risk,[]
txn_000943,user_0015,2024-01-13 13:34:31.027085679,19.67,0.0,0.0,0.08682816544345695,0.03473126617738278,low_risk,[]
txn_000994,user_0015,2024-01-14 04:47:25.989472522,17.4,0.0,0.0,0.0440162142636336,0.01760648570545344,low_risk,[]
txn_000999,user_0015,2024-01-14 07:36:49.741083959,15.45,0.0,0.0,0.12375535884830675,0.0495021435393227,low_risk,[]
txn_001104,user_0015,2024-01-15 17:18:46.877415920,30.13,0.0,0.0,0.049318810524436006,0.019727524209774402,low_risk,[]
txn_001223,user_0015,2024-01-17 05:28:36.891518770,42.18,0.1,0.0,0.7345126981731082,0.32880507926924324,low_risk,['increasing_sequence']
txn_001300,user_0015,2024-01-18 06:26:41.933559731,57.24,0.1,0.017874794069192766,0.9963054270828533,0.4379908693504395,medium_risk,['increasing_sequence']
txn_001699,user_0015,2024-01-23 07:15:51.170956304,75.32,0.1,0.03260563380281689,0.9931238470800876,0.44040094728273926,medium_risk,['increasing_sequence']
txn_001962,user_0015,2024-01-26 23:31:02.747440314,14.31,0.0,0.0,0.07417080139288554,0.029668320557154217,low_risk,[]
txn_001970,user_0015,2024-01-27 01:49:48.046730124,30.0,0.0,0.003616352201257866,0.1718275186828115,0.06963509552343906,low_risk,[]
txn_001991,user_0015,2024-01-27 07:03:47.643141981,21.61,0.0,0.0,0.26370714827472697,0.10548285930989079,low_risk,[]
txn_002052,user_0015,2024-01-28 01:45:00.084911265,16.33,0.0,0.0,0.2151952406498603,0.08607809625994411,low_risk,[]
txn_002098,user_0015,2024-01-28 18:25:49.693642213,17.56,0.0,0.0,0.08018677257484702,0.03207470902993881,low_risk,[]
txn_002110,user_0015,2024-01-28 21:54:21.452585563,16.9,0.0,0.0,0.23976267815041521,0.09590507126016609,low_risk,[]
txn_002714,user_0015,2024-02-05 19:17:09.400639118,24.52,0.0,0.0,0.1487275261719564,0.05949101046878256,low_risk,[]
txn_002934,user_0015,2024-02-08 14:09:40.545711646,11.08,0.0,0.0,0.03911048059937803,0.015644192239751213,low_risk,[]
txn_002964,user_0015,2024-02-08 23:45:05.358568035,23.92,0.0,0.005956678700361012,0.13880249154435004,0.05701016629283027,low_risk,[]
txn_003093,user_0015,2024-02-10 17:58:09.589987224,19.33,0.0,0.0,0.0780791587131699,0.031231663485267958,low_risk,[]
txn_003108,user_0015,2024-02-11 00:44:10.843587852,31.15,0.0,0.0,0.15510652523054516,0.062042610092218065,low_risk,[]
txn_003356,user_0015,2024-02-14 04:20:59.639610163,14.7,0.0,0.0,0.07937083278568033,0.03174833311427213,low_risk,[]
txn_003367,user_0015,2024-02-14 08:16:02.876821082,25.62,0.0,0.0,0.14284093941005677,0.05713637576402271,low_risk,[]
txn_003569,user_0015,2024-02-17 05:11:42.848050049,19.38,0.0,0.0,0.07888460865565103,0.031553843462260416,low_risk,[]
txn_003676,user_0015,2024-02-18 18:01:24.707845449,21.34,0.0,0.0,0.09895566217981104,0.03958226487192442,low_risk,[]
txn_003734,user_0015,2024-02-19 14:01:52.291058524,19.03,0.0,0.0,0.06564889822681605,0.02625955929072642,low_risk,[]
txn_004170,user_0015,2024-02-25 09:34:12.323016359,23.36,0.0,0.0,0.16359787971043452,0.0654391518841738,low_risk,[]
txn_004312,user_0015,2024-02-27 08:26:21.009235389,13.95,0.0,0.0,0.06368767139331927,0.02547506855732771,low_risk,[]
txn_004440,user_0015,2024-02-28 20:17:26.713636898,16.4,0.0,0.0,0.03838241409867224,0.015352965639468898,low_risk,[]
txn_000035,user_0016,2024-01-01 10:46:31.851817478,72.35,0.0,0.0,0.003404759328166095,0.001361903731266438,low_risk,[]
txn_000143,user_0016,2024-01-03 01:38:17.626845042,65.81,0.0,0.0,0.016930252589896076,0.006772101035958431,low_risk,[]
txn_000274,user_0016,2024-01-04 14:23:12.486490445,54.56,0.0,0.0,0.0033760921631946434,0.0013504368652778574,low_risk,[]
txn_000745,user_0016,2024-01-10 15:54:20.819738568,62.7,0.0,0.0,0.03240811459697674,0.012963245838790697,low_risk,[]
txn_000935,user_0016,2024-01-13 10:59:51.100134880,3299.99,0.7999999999999999,0.8,0.9999814778244542,0.8799925911297817,high_risk,"['jump_from_previous', 'high_vs_average', 'high_share_of_total', 'increasing_sequence']"
txn_001674,user_0016,2024-01-22 21:51:57.500461212,64.61,0.0,0.0,4.987704447546021e-05,1.9950817790184086e-05,low_risk,[]
txn_002682,user_0016,2024-02-05 06:55:50.668623340,67.04,0.0,0.0,0.0001751704380946806,7.006817523787223e-05,low_risk,[]
txn_002688,user_0016,2024-02-05 09:17:51.276308772,61.89,0.0,0.0,0.00042203465895004015,0.00016881386358001606,low_risk,[]
txn_002703,user_0016,2024-02-05 15:47:02.314823645,62.87,0.0,0.0,0.0010477012920277386,0.0004190805168110955,low_risk,[]
txn_003072,user_0016,2024-02-10 10:46:04.055830009,59.63,0.0,0.0,0.0001751704380946806,7.006817523787223e-05,low_risk,[]
txn_003109,user_0016,2024-02-11 00:57:36.536860515,61.26,0.0,0.0,0.0006096440314643012,0.0002438576125857205,low_risk,[]
txn_003171,user_0016,2024-02-11 20:05:11.422394736,57.54,0.0,0.0,0.00042203465895004015,0.00016881386358001606,low_risk,[]
txn_003225,user_0016,2024-02-12 12:45:41.014637171,53.63,0.0,0.0,0.0006096440314643012,0.0002438576125857205,low_risk,[]
txn_003877,user_0016,2024-02-21 06:19:32.228510296,62.44,0.0,0.0,0.0001751704380946806,7.006817523787223e-05,low_risk,[]
txn_004511,user_0016,2024-02-29 23:07:17.949291307,58.07,0.0,0.0,0.0001751704380946806,7.006817523787223e-05,low_risk,[]
txn_000276,user_0017,2024-01-04 15:25:06.044976310,20.18,0.0,0.0,0.022390004937066523,0.00895600197482661,low_risk,[]
txn_000300,user_0017,2024-01-04 23:32:52.934746692,45.27,0.0,0.02128964321110012,0.061235523633725066,0.029816620256265056,low_risk,[]
txn_000433,user_0017,2024-01-06 23:17:37.988614529,38.09,0.0,0.0,0.10153694691488649,0.040614778765954596,low_risk,[]
txn_000585,user_0017,2024-01-08 16:34:55.867379656,26.27,0.0,0.0,0.05128354739188893,0.020513418956755573,low_risk,[]
txn_000740,user_0017,2024-01-10 14:53:12.839703827,48.51,0.0,0.0,0.12328936210801919,0.04931574484320768,low_risk,[]
txn_001085,user_0017,2024-01-15 11:27:45.253558524,3.23,0.0,0.0,0.02267432444531707,0.009069729778126829,low_risk,[]
txn_001259,user_0017,2024-01-17 16:37:57.714523683,51.32,0.25,0.3,0.08849933205270394,0.19789973282108156,low_risk,['jump_from_previous']
txn_002299,user_0017,2024-01-31 08:14:36.841970183,53.88,0.1,0.0,0.3449035044671473,0.17296140178685893,low_risk,['increasing_sequence']
txn_002493,user_0017,2024-02-02 22:23:53.261410043,35.17,0.0,0.0,0.24382095908621085,0.09752838363448435,low_risk,[]
txn_002760,user_0017,2024-02-06 09:00:03.211229533,501.69,0.5,0.7110144872356222,0.9999467184017954,0.7527323091696237,high_risk,"['jump_from_previous', 'high_vs_average']"
txn_002802,user_0017,2024-02-06 19:35:30.575283254,39.77,0.0,0.0,0.005977541450511373,0.0023910165802045495,low_risk,[]
txn_002969,user_0017,2024-02-09 01:10:10.781988276,21.37,0.0,0.0,0.003954214220922724,0.0015816856883690896,low_risk,[]
txn_002985,user_0017,2024-02-09 05:37:25.752339592,31.48,0.0,0.0,0.0040222264302035024,0.001608890572081401,low_risk,[]
txn_003231,user_0017,2024-02-12 14:24:04.879297676,23.12,0.0,0.0,0.0022114861211567517,0.0008845944484627007,low_risk,[]
txn_003255,user_0017,2024-02-12 23:13:42.798106872,36.2,0.0,0.0,0.010154246084838751,0.0040616984339355,low_risk,[]
txn_003703,user_0017,2024-02-19 04:07:13.006248430,20.22,0.0,0.0,0.008940812947210268,0.003576325178884107,low_risk,[]
txn_003954,user_0017,2024-02-22 12:08:37.866366674,38.41,0.0,0.0,0.011539848640865824,0.00461593945634633,low_risk,[]
txn_004202,user_0017,2024-02-25 20:03:20.700225871,16.4,0.0,0.0,0.005582750952151866,0.0022331003808607466,low_risk,[]
txn_000024,user_0018,2024-01-01 07:10:42.060086547,79.35,0.0,0.0,0.01842564463680863,0.007370257854723453,low_risk,[]
txn_000428,user_0018,2024-01-06 20:27:51.759911142,67.51,0.0,0.0,0.02118601114792557,0.008474404459170227,low_risk,[]
txn_000700,user_0018,2024-01-10 02:23:44.666312640,921.54,0.5,0.6693618159274537,0.9999467184017954,0.7423191413425816,high_risk,"['jump_from_previous', 'high_vs_average']"
txn_000850,user_0018,2024-01-12 01:24:23.050833820,87.13,0.0,0.0,0.0005755748057195296,0.00023022992228781186,low_risk,[]
txn_000974,user_0018,2024-01-13 22:25:18.562351852,65.25,0.0,0.0,0.00019733883779284034,7.893553511713614e-05,low_risk,[]
txn_001126,user_0018,2024-01-15 22:05:29.447995522,84.13,0.0,0.0,0.0009903989263225436,0.00039615957052901746,low_risk,[]
txn_001219,user_0018,2024-01-17 04:39:18.199069676,65.82,0.0,0.0,0.00032263223141206073,0.0001290528925648243,low_risk,[]
txn_001723,user_0018,2024-01-23 18:47:44.988480955,76.7,0.0,0.0,0.0006898812144189015,0.0002759524857675606,low_risk,[]
txn_002030,user_0018,2024-01-27 20:13:59.033416558,74.07,0.0,0.0,0.0006898812144189015,0.0002759524857675606,low_risk,[]
txn_002088,user_0018,2024-01-28 15:48:44.595252423,64.54,0.0,0.0,0.0005694964522674203,0.00022779858090696812,low_risk,[]
txn_002236,user_0018,2024-01-30 17:34:12.424726783,76.1,0.0,0.0,0.0006898812144189015,0.0002759524857675606,low_risk,[]
txn_002806,user_0018,2024-02-06 21:01:58.640604577,76.67,0.1,0.0,0.0006898812144189015,0.03527595248576756,low_risk,['increasing_sequence']
txn_002821,user_0018,2024-02-07 00:58:47.366014756,51.22,0.0,0.0,0.00019733883779284034,7.893553511713614e-05,low_risk,[]
txn_002898,user_0018,2024-02-08 03:10:46.062772438,71.29,0.0,0.0,0.002681738255940445,0.001072695302376178,low_risk,[]
txn_002929,user_0018,2024-02-08 13:14:14.202814157,66.6,0.0,0.0,0.0005694964522674203,0.00022779858090696812,low_risk,[]
txn_002952,user_0018,2024-02-08 21:45:55.316326359,74.03,0.0,0.0,0.00015291771152491445,6.116708460996578e-05,low_risk,[]
txn_003414,user_0018,2024-02-14 23:18:05.643558394,61.1,0.0,0.0,0.00032263223141206073,0.0001290528925648243,low_risk,[]
txn_003474,user_0018,2024-02-15 21:12:10.352030873,72.69,0.0,0.0,0.0006898812144189015,0.0002759524857675606,low_risk,[]
txn_003551,user_0018,2024-02-16 23:17:12.995809186,70.93,0.0,0.0,0.0006898812144189015,0.0002759524857675606,low_risk,[]
txn_004022,user_0018,2024-02-23 04:38:36.224445987,69.14,0.0,0.0,0.0006898812144189015,0.0002759524857675606,low_risk,[]
txn_004147,user_0018,2024-02-25 02:52:37.364477754,61.15,0.0,0.0,0.00032263223141206073,0.0001290528925648243,low_risk,[]
txn_004173,user_0018,2024-02-25 10:57:49.508992251,67.02,0.0,0.0,0.0005694964522674203,0.00022779858090696812,low_risk,[]
txn_004413,user_0018,2024-02-28 12:34:56.014715132,63.96,0.0,0.0,0.00032263223141206073,0.0001290528925648243,low_risk,[]
txn_000180,user_0019,2024-01-03 13:51:32.340315341,62.36,0.0,0.0,0.019370693291645494,0.0077482773166581975,low_risk,[]
txn_000250,user_0019,2024-01-04 09:49:02.844825503,68.94,0.0,0.0,0.07514434752610513,0.030057739010442053,low_risk,[]
txn_000431,user_0019,2024-01-06 21:34:33.208396481,55.67,0.0,0.0,0.027853311595977263,0.011141324638390905,low_risk,[]
txn_000590,user_0019,2024-01-08 17:35:00.465811743,68.35,0.0,0.0,0.07541096464689805,0.03016438585875922,low_risk,[]
txn_000874,user_0019,2024-01-12 10:12:14.712190355,81.12,0.1,0.0,0.13122885121985672,0.08749154048794269,low_risk,['increasing_sequence']
txn_000884,user_0019,2024-01-12 13:55:51.067447044,65.74,0.0,0.0,0.14128834512302973,0.0565153380492119,low_risk,[]
txn_001513,user_0019,2024-01-20 21:00:05.496653925,78.47,0.0,0.0,0.1102268617332598,0.04409074469330392,low_risk,[]
txn_001924,user_0019,2024-01-26 14:35:08.502708136,52.5,0.0,0.0,0.023368329079262815,0.009347331631705126,low_risk,[]
txn_002060,user_0019,2024-01-28 06:01:03.996664563,60.18,0.0,0.0,0.08123235363050618,0.032492941452202474,low_risk,[]
txn_002454,user_0019,2024-02-02 12:06:12.755502176,726.44,0.6,0.6853470811496725,0.9999814778244542,0.7813293614171998,high_risk,"['jump_from_previous', 'high_vs_average', 'increasing_sequence']"
txn_003133,user_0019,2024-02-11 08:00:42.089414121,77.53,0.0,0.0,0.0020353449206620584,0.0008141379682648234,low_risk,[]
txn_003284,user_0019,2024-02-13 06:46:16.261031746,57.84,0.0,0.0,0.0010681171823455908,0.00042724687293823634,low_risk,[]
txn_003462,user_0019,2024-02-15 15:52:15.834336078,87.85,0.0,0.0,0.004325666491697861,0.0017302665966791445,low_risk,[]
txn_003811,user_0019,2024-02-20 14:00:13.921166454,81.85,0.0,0.0,0.0010681171823455908,0.00042724687293823634,low_risk,[]
txn_004085,user_0019,2024-02-24 01:35:29.943373108,72.97,0.0,0.0,0.0010681171823455908,0.00042724687293823634,low_risk,[]
txn_004255,user_0019,2024-02-26 15:17:01.900471700,59.56,0.0,0.0,0.0010681171823455908,0.00042724687293823634,low_risk,[]
txn_000257,user_0020,2024-01-04 11:04:38.809918825,57.59,0.0,0.0,0.009251629173957547,0.003700651669583019,low_risk,[]
txn_000358,user_0020,2024-01-05 19:59:05.003760778,47.07,0.0,0.0,0.042250133170660904,0.016900053268264364,low_risk,[]
txn_000663,user_0020,2024-01-09 14:21:01.182684913,52.75,0.0,0.0,0.1360282179581265,0.054411287183250605,low_risk,[]
txn_003314,user_0020,2024-02-13 14:53:44.536503666,608.57,0.7999999999999999,0.8,0.9999814778244542,0.8799925911297817,high_risk,"['jump_from_previous', 'high_vs_average', 'high_share_of_total', 'increasing_sequence']"
txn_003925,user_0020,2024-02-21 20:16:02.056327301,55.35,0.0,0.0,0.0005420391264303196,0.00021681565057212783,low_risk,[]
txn_000418,user_0021,2024-01-06 17:18:32.301299947,177.8,0.0,0.0,0.0275690369110496,0.01102761476441984,low_risk,[]
txn_000497,user_0021,2024-01-07 13:39:42.296433026,175.7,0.0,0.0,0.15500532187487256,0.06200212874994903,low_risk,[]
txn_001615,user_0021,2024-01-22 02:27:05.194167765,166.34,0.0,0.0,0.0504917194982593,0.020196687799303722,low_risk,[]
txn_002691,user_0021,2024-02-05 09:54:25.614202534,181.94,0.0,0.0,0.09156334385439763,0.036625337541759055,low_risk,[]
txn_003185,user_0021,2024-02-12 01:49:47.864054910,201.36,0.1,0.0,0.13326253896589163,0.08830501558635664,low_risk,['increasing_sequence']
txn_003583,user_0021,2024-02-17 10:32:03.413416966,211.22,0.1,0.0,0.16306971874282777,0.1002278874971311,low_risk,['increasing_sequence']
txn_000156,user_0022,2024-01-03 05:43:36.555816776,169.17,0.0,0.0,0.017330030107845725,0.00693201204313829,low_risk,[]
txn_000181,user_0022,2024-01-03 13:53:03.051353523,140.8,0.0,0.0,0.017260914899350457,0.006904365959740183,low_risk,[]
txn_000355,user_0022,2024-01-05 18:12:58.805356627,181.03,0.0,0.0,0.030204159518994293,0.012081663807597717,low_risk,[]
txn_000434,user_0022,2024-01-06 23:54:06.497712733,233.62,0.1,0.0,0.0702053929587047,0.06308215718348188,low_risk,['increasing_sequence']
txn_000453,user_0022,2024-01-07 02:03:59.303629318,145.29,0.0,0.0,0.0036150466871901765,0.0014460186748760707,low_risk,[]
txn_000512,user_0022,2024-01-07 17:27:26.479440863,211.09,0.0,0.0,0.008349622392818258,0.0033398489571273035,low_risk,[]
txn_000518,user_0022,2024-01-07 21:21:42.952255223,328.89,0.1,0.0,0.11826335748049813,0.08230534299219924,low_risk,['increasing_sequence']
txn_000605,user_0022,2024-01-08 22:52:00.093200369,274.19,0.0,0.0,0.03042315261055921,0.012169261044223684,low_risk,[]
txn_000761,user_0022,2024-01-10 20:31:29.559526118,277.97,0.0,0.0,0.02894877846089907,0.011579511384359628,low_risk,[]
txn_001227,user_0022,2024-01-17 06:07:31.319314643,201.4,0.0,0.0,0.004346259470435478,0.0017385037881741912,low_risk,[]
txn_001292,user_0022,2024-01-18 02:12:18.555261126,237.66,0.0,0.0,0.01094004411545937,0.004376017646183748,low_risk,[]
txn_001353,user_0022,2024-01-18 23:53:30.711811810,317.98,0.1,0.0,0.06037835098392131,0.05915134039356852,low_risk,['increasing_sequence']
txn_001384,user_0022,2024-01-19 12:35:52.164399577,144.16,0.0,0.0,4.987704447546021e-05,1.9950817790184086e-05,low_risk,[]
txn_001448,user_0022,2024-01-20 07:47:45.863038651,316.85,0.0,0.007421441453940075,0.06865973018426441,0.029319252437190788,low_risk,[]
txn_001591,user_0022,2024-01-21 17:34:23.765439450,248.6,0.0,0.0,0.018758574255772313,0.007503429702308925,low_risk,[]
txn_001633,user_0022,2024-01-22 07:29:39.213521704,261.24,0.0,0.0,0.012543177604614321,0.0050172710418457285,low_risk,[]
txn_002139,user_0022,2024-01-29 08:30:21.080542260,174.13,0.0,0.0,9.429817074338609e-05,3.7719268297354435e-05,low_risk,[]
txn_002198,user_0022,2024-01-30 08:07:29.071544719,145.57,0.0,0.0,4.987704447546021e-05,1.9950817790184086e-05,low_risk,[]
txn_002357,user_0022,2024-02-01 02:21:29.365981337,482.64,0.0,0.05766485419380209,0.771596520842198,0.32305482188532975,low_risk,[]
txn_002514,user_0022,2024-02-03 04:20:19.424889400,675.7,0.1,0.04289291851799088,0.9696977843406621,0.4336023433657626,medium_risk,['increasing_sequence']
txn_002534,user_0022,2024-02-03 08:57:16.458922121,917.02,0.1,0.07744263716190851,0.9597280167770563,0.4382518660012997,medium_risk,['increasing_sequence']
txn_002573,user_0022,2024-02-03 18:40:15.284360062,1206.6,0.35,0.10820542317173376,0.9797340663838319,0.5414449823464662,medium_risk,"['high_vs_average', 'increasing_sequence']"
txn_002582,user_0022,2024-02-03 22:03:20.979673626,156.47,0.0,0.0,0.0,0.0,low_risk,[]
txn_003636,user_0022,2024-02-18 02:44:45.024816039,261.57,0.0,0.0,4.4421126267925864e-05,1.7768450507170346e-05,low_risk,[]
txn_003643,user_0022,2024-02-18 05:45:42.014803742,278.37,0.1,0.0,0.0009452851852943836,0.03537811407411775,low_risk,['increasing_sequence']
txn_003980,user_0022,2024-02-22 18:22:10.951798039,141.71,0.0,0.0,4.987704447546021e-05,1.9950817790184086e-05,low_risk,[]
txn_004080,user_0022,2024-02-23 21:28:50.307803498,256.08,0.0,0.0,4.4421126267925864e-05,1.7768450507170346e-05,low_risk,[]
txn_004149,user_0022,2024-02-25 03:35:24.916070288,137.59,0.0,0.0,4.987704447546021e-05,1.9950817790184086e-05,low_risk,[]
txn_004306,user_0022,2024-02-27 05:54:57.318698919,214.66,0.0,0.0,0.0005097267908046899,0.00020389071632187598,low_risk,[]
txn_004392,user_0022,2024-02-28 06:45:25.180859275,364.7,0.1,0.0,0.02114481579101896,0.04345792631640758,low_risk,['increasing_sequence']
txn_000137,user_0023,2024-01-02 23:19:46.002661375,89.08,0.0,0.0,0.003404759328166095,0.001361903731266438,low_risk,[]
txn_000165,user_0023,2024-01-03 07:45:37.964771116,85.43,0.0,0.0,0.01985581070262009,0.007942324281048036,low_risk,[]
txn_000466,user_0023,2024-01-07 05:03:17.230919343,82.98,0.0,0.0,0.024540236946340985,0.009816094778536394,low_risk,[]
txn_000524,user_0023,2024-01-07 23:10:58.812161669,71.24,0.0,0.0,0.011414975744624349,0.0045659902978497395,low_risk,[]
txn_000733,user_0023,2024-01-10 10:56:46.244887471,72.81,0.0,0.0,0.029163910622176978,0.011665564248870792,low_risk,[]
txn_001319,user_0023,2024-01-18 12:58:01.369336680,79.21,0.1,0.0,0.020084966230455196,0.043033986492182076,low_risk,['increasing_sequence']
txn_001500,user_0023,2024-01-20 17:40:43.884070138,79.76,0.1,0.0,0.021412908651596622,0.04356516346063864,low_risk,['increasing_sequence']
txn_001563,user_0023,2024-01-21 09:48:00.335921077,70.95,0.0,0.0,0.014683131900820401,0.0058732527603281605,low_risk,[]
txn_001639,user_0023,2024-01-22 09:05:49.835277573,79.17,0.0,0.0,0.010864859184933405,0.004345943673973362,low_risk,[]
txn_001775,user_0023,2024-01-24 13:30:08.943579828,82.71,0.1,0.0,0.010084824236819,0.0390339296947276,low_risk,['increasing_sequence']
txn_002235,user_0023,2024-01-30 17:30:27.113136849,78.89,0.0,0.0,0.005710731887892812,0.002284292755157125,low_risk,[]
txn_002285,user_0023,2024-01-31 04:18:47.392783727,66.24,0.0,0.0,0.0007241389590415314,0.0002896555836166126,low_risk,[]
txn_002370,user_0023,2024-02-01 05:54:34.831660331,70.41,0.0,0.0,0.005855743414577592,0.002342297365831037,low_risk,[]
txn_002559,user_0023,2024-02-03 15:15:47.678744177,75.76,0.1,0.0,0.00550159427598391,0.03720063771039356,low_risk,['increasing_sequence']
txn_002687,user_0023,2024-02-05 09:03:35.237461160,4423.71,0.7999999999999999,0.8,0.9949814778244543,0.8779925911297817,high_risk,"['jump_from_previous', 'high_vs_average', 'high_share_of_total', 'increasing_sequence']"
txn_003062,user_0023,2024-02-10 07:31:05.244608310,84.03,0.0,0.0,4.987704447546021e-05,1.9950817790184086e-05,low_risk,[]
txn_003517,user_0023,2024-02-16 10:20:37.162677699,61.28,0.0,0.0,4.987704447546021e-05,1.9950817790184086e-05,low_risk,[]
txn_003601,user_0023,2024-02-17 17:33:22.642454534,81.07,0.0,0.0,9.745218207163335e-05,3.8980872828653343e-05,low_risk,[]
txn_003713,user_0023,2024-02-19 07:21:11.539790671,76.96,0.0,0.0,0.0001751704380946806,7.006817523787223e-05,low_risk,[]
txn_000234,user_0024,2024-01-04 06:18:36.154080783,133.98,0.0,0.0,0.010492396756456081,0.004196958702582433,low_risk,[]
txn_000252,user_0024,2024-01-04 10:30:58.516338087,144.81,0.0,0.0,0.09564380803889229,0.03825752321555692,low_risk,[]
txn_000343,user_0024,2024-01-05 13:21:56.328852595,85.05,0.0,0.0,0.0069974038965548305,0.0027989615586219325,low_risk,[]
txn_000378,user_0024,2024-01-06 04:21:28.552616277,124.91,0.0,0.0,0.03421708443714793,0.013686833774859172,low_risk,[]
txn_000443,user_0024,2024-01-07 01:10:06.182524427,126.03,0.1,0.0,0.028275576576185818,0.046310230630474326,low_risk,['increasing_sequence']
txn_000609,user_0024,2024-01-09 00:55:37.904483175,77.25,0.0,0.0,0.0010732658321140672,0.0004293063328456269,low_risk,[]
txn_000713,user_0024,2024-01-10 06:02:05.533271049,111.94,0.0,0.0,0.02384130040310641,0.009536520161242564,low_risk,[]
txn_001047,user_0024,2024-01-14 22:11:45.108112180,125.07,0.1,0.0,0.01428571943029155,0.040714287772116615,low_risk,['increasing_sequence']
txn_001123,user_0024,2024-01-15 20:58:42.360084852,145.22,0.1,0.0,0.018971069433226562,0.042588427773290624,low_risk,['increasing_sequence']
txn_001141,user_0024,2024-01-16 02:27:47.966829056,211.18,0.1,0.0,0.2024494067561435,0.11597976270245741,low_risk,['increasing_sequence']
txn_001352,user_0024,2024-01-18 23:17:52.749583764,153.22,0.0,0.0,0.024978470936705896,0.009991388374682358,low_risk,[]
txn_001452,user_0024,2024-01-20 08:10:04.198236901,116.23,0.0,0.0,0.0034325493061017564,0.0013730197224407026,low_risk,[]
txn_001499,user_0024,2024-01-20 17:27:04.539047575,93.36,0.0,0.0,4.987704447546021e-05,1.9950817790184086e-05,low_risk,[]
txn_001574,user_0024,2024-01-21 12:52:02.881109110,104.45,0.0,0.0,0.0005694964522674203,0.00022779858090696812,low_risk,[]
txn_001825,user_0024,2024-01-25 03:45:45.956350682,160.2,0.1,0.0,0.02603463296462203,0.04541385318584881,low_risk,['increasing_sequence']
txn_002300,user_0024,2024-01-31 08:36:17.012275311,125.82,0.0,0.0,0.015856029509260777,0.006342411803704311,low_risk,[]
txn_002336,user_0024,2024-01-31 16:05:20.637603748,152.13,0.0,0.0,0.012325478158607475,0.00493019126344299,low_risk,[]
txn_002396,user_0024,2024-02-01 17:16:25.977831164,107.75,0.0,0.0,0.005197338837792841,0.0020789355351171364,low_risk,[]
txn_002543,user_0024,2024-02-03 10:56:31.096394358,86.42,0.0,0.0,0.0001751704380946806,7.006817523787223e-05,low_risk,[]
txn_002568,user_0024,2024-02-03 17:11:41.747948505,1658.13,0.5,0.6433422534975536,0.9998913718268139,0.7357921121051139,high_risk,"['jump_from_previous', 'high_vs_average']"
txn_002572,user_0024,2024-02-03 18:02:25.777998993,74.52,0.0,0.0,4.987704447546021e-05,1.9950817790184086e-05,low_risk,[]
txn_002832,user_0024,2024-02-07 04:50:43.517417300,48.6,0.0,0.0,4.987704447546021e-05,1.9950817790184086e-05,low_risk,[]
txn_003007,user_0024,2024-02-09 12:44:18.433686241,121.92,0.0,0.019074074074074066,0.001644033334511376,0.005426131852323067,low_risk,[]
txn_003008,user_0024,2024-02-09 12:57:57.077990150,138.83,0.1,0.0,0.0005694964522674203,0.035227798580906966,low_risk,['increasing_sequence']
txn_003566,user_0024,2024-02-17 04:58:22.315124685,141.66,0.1,0.0,0.00032263223141206073,0.03512905289256482,low_risk,['increasing_sequence']
txn_003711,user_0024,2024-02-19 07:07:22.502267116,136.53,0.0,0.0,0.00032263223141206073,0.0001290528925648243,low_risk,[]
txn_003849,user_0024,2024-02-21 00:24:30.623845512,97.16,0.0,0.0,4.987704447546021e-05,1.9950817790184086e-05,low_risk,[]
txn_003909,user_0024,2024-02-21 15:30:19.730644669,151.19,0.0,0.0,0.0018031622438643953,0.0007212648975457582,low_risk,[]
txn_003976,user_0024,2024-02-22 16:59:59.653572802,211.13,0.1,0.0,0.011528247199332995,0.03961129887973319,low_risk,['increasing_sequence']
txn_004174,user_0024,2024-02-25 10:58:38.112779411,72.15,0.0,0.0,4.987704447546021e-05,1.9950817790184086e-05,low_risk,[]
txn_004450,user_0024,2024-02-29 01:50:04.640299220,140.49,0.0,0.0,0.0006127674578541442,0.0002451069831416577,low_risk,[]
txn_000070,user_0025,2024-01-01 23:44:50.686540137,28.6,0.0,0.0,0.019003322827068056,0.007601329130827223,low_risk,[]
txn_000209,user_0025,2024-01-03 22:09:37.060286140,19.67,0.0,0.0,0.05748768627133728,0.022995074508534913,low_risk,[]
txn_000709,user_0025,2024-01-10 05:04:50.676327364,26.04,0.0,0.0,0.06772449425424748,0.027089797701698993,low_risk,[]
txn_000762,user_0025,2024-01-10 20:42:19.315192316,18.29,0.0,0.0,0.1026105822634185,0.041044232905367406,low_risk,[]
txn_002144,user_0025,2024-01-29 09:48:16.483938589,25.0,0.0,0.0,0.07205271335584743,0.028821085342338973,low_risk,[]
txn_002187,user_0025,2024-01-30 01:30:47.999700322,16.13,0.0,0.0,0.10170367217220648,0.040681468868882596,low_risk,[]
txn_003213,user_0025,2024-02-12 07:22:52.904059966,26.65,0.0,0.0,0.08827156249941608,0.03530862499976643,low_risk,[]
txn_003600,user_0025,2024-02-17 17:15:56.829743863,27.24,0.1,0.0,0.15260489171789837,0.09604195668715934,low_risk,['increasing_sequence']
txn_003778,user_0025,2024-02-20 06:10:08.046162845,297.6,0.7999999999999999,0.7653320143440089,0.9999352704312714,0.8713071117585107,high_risk,"['jump_from_previous', 'high_vs_average', 'high_share_of_total', 'increasing_sequence']"
txn_000187,user_0026,2024-01-03 15:55:55.587184499,32.25,0.0,0.0,0.01568200213180472,0.006272800852721888,low_risk,[]
txn_000333,user_0026,2024-01-05 10:08:43.366274803,33.02,0.0,0.0,0.07924684609084139,0.031698738436336554,low_risk,[]
txn_000380,user_0026,2024-01-06 04:59:33.498330149,34.83,0.1,0.0,0.07864557360887521,0.06645822944355008,low_risk,['increasing_sequence']
txn_000653,user_0026,2024-01-09 10:14:53.621088693,29.53,0.0,0.0,0.05023624543182478,0.020094498172729916,low_risk,[]
txn_000852,user_0026,2024-01-12 01:36:07.861237385,21.28,0.0,0.0,0.012790651821740407,0.005116260728696163,low_risk,[]
txn_001156,user_0026,2024-01-16 09:36:47.824864996,32.49,0.0,0.0,0.051450772352795236,0.020580308941118095,low_risk,[]
txn_001321,user_0026,2024-01-18 13:20:10.353777856,28.22,0.0,0.0,0.050053517421120484,0.020021406968448195,low_risk,[]
txn_001374,user_0026,2024-01-19 09:45:16.849264231,27.58,0.0,0.0,0.09102694776650773,0.03641077910660309,low_risk,[]
txn_001376,user_0026,2024-01-19 10:09:17.132349645,33.23,0.0,0.0,0.45099718643493786,0.18039887457397516,low_risk,[]
txn_001451,user_0026,2024-01-20 08:08:25.418855499,37.24,0.1,0.0,0.4967805876729685,0.23371223506918742,low_risk,['increasing_sequence']
txn_001496,user_0026,2024-01-20 16:25:20.803035919,22.19,0.0,0.0,0.06206595773642461,0.024826383094569845,low_risk,[]
txn_001748,user_0026,2024-01-24 05:18:16.727395767,32.21,0.0,0.0,0.10412417705000142,0.04164967082000057,low_risk,[]
txn_001767,user_0026,2024-01-24 10:14:34.709897840,26.9,0.0,0.0,0.1427520892816154,0.05710083571264616,low_risk,[]
txn_001821,user_0026,2024-01-25 02:26:46.452204866,42.98,0.0,0.0,0.21361916668252076,0.08544766667300831,low_risk,[]
txn_002022,user_0026,2024-01-27 17:51:18.126856855,34.07,0.0,0.0,0.16397614926533066,0.06559045970613227,low_risk,[]
txn_002178,user_0026,2024-01-29 23:23:14.203011633,19.01,0.0,0.0,0.027670096554220747,0.0110680386216883,low_risk,[]
txn_002185,user_0026,2024-01-30 01:16:02.858027854,37.15,0.0,0.0,0.12817100419381242,0.05126840167752497,low_risk,[]
txn_002256,user_0026,2024-01-30 23:35:05.685102767,38.72,0.1,0.0,0.19193241088138513,0.11177296435255404,low_risk,['increasing_sequence']
txn_002257,user_0026,2024-01-30 23:39:00.525865669,30.96,0.0,0.0,0.6095470228081232,0.2438188091232493,low_risk,[]
txn_002262,user_0026,2024-01-31 00:10:32.111584991,30.55,0.0,0.0,0.8629429487754696,0.3451771795101879,low_risk,[]
txn_002263,user_0026,2024-01-31 00:10:38.243953438,36.48,0.0,0.0,0.8746857092996497,0.3498742837198599,low_risk,[]
txn_002265,user_0026,2024-01-31 00:16:17.669764881,17.57,0.0,0.013333333333333334,0.7674707301451755,0.31032162539140357,low_risk,[]
txn_002267,user_0026,2024-01-31 00:22:59.671301673,41.08,0.0,0.039344526655283624,0.7939660034334364,0.3274225330371955,low_risk,[]
txn_002291,user_0026,2024-01-31 05:39:48.487606334,27.37,0.0,0.02666666666666667,0.6385097166640401,0.2620705533322827,low_risk,[]
txn_003288,user_0026,2024-02-13 08:22:05.035300167,22.09,0.0,0.0,0.01678889977386112,0.006715559909544449,low_risk,[]
txn_003399,user_0026,2024-02-14 17:12:17.596449302,30.16,0.0,0.0,0.048356450917029475,0.01934258036681179,low_risk,[]
txn_003465,user_0026,2024-02-15 17:12:19.357676684,41.05,0.1,0.0,0.10227317645218817,0.07590927058087527,low_risk,['increasing_sequence']
txn_003481,user_0026,2024-02-15 22:39:51.533358075,35.35,0.0,0.0,0.117853626502219,0.047141450600887605,low_risk,[]
txn_003539,user_0026,2024-02-16 18:16:29.512169615,36.5,0.0,0.0,0.13709724052731612,0.05483889621092645,low_risk,[]
txn_003586,user_0026,2024-02-17 12:30:48.490829543,35.93,0.0,0.0,0.14117779773001413,0.05647111909200565,low_risk,[]
txn_003630,user_0026,2024-02-18 01:01:36.054906667,28.8,0.0,0.0,0.07432101854553629,0.029728407418214517,low_risk,[]
txn_003642,user_0026,2024-02-18 05:35:28.125761200,12.88,0.0,0.0,0.039851885992538284,0.015940754397015314,low_risk,[]
txn_003652,user_0026,2024-02-18 08:37:35.179086630,33.98,0.0,0.023932453416149052,0.2410556345071636,0.10240536715690271,low_risk,[]
txn_003674,user_0026,2024-02-18 17:33:15.820796579,34.73,0.1,0.0,0.4781327041095524,0.22625308164382096,low_risk,['increasing_sequence']
txn_003708,user_0026,2024-02-19 04:57:02.996958690,28.66,0.0,0.0,0.29593033473587765,0.11837213389435107,low_risk,[]
txn_003773,user_0026,2024-02-20 05:34:12.831766105,46.65,0.0,0.0,0.09925624137485033,0.03970249654994013,low_risk,[]
txn_003908,user_0026,2024-02-21 15:27:21.747907484,22.32,0.0,0.0,0.05482470743097442,0.02192988297238977,low_risk,[]
txn_004096,user_0026,2024-02-24 06:29:20.920574414,28.76,0.0,0.0,0.04926802722348568,0.019707210889394273,low_risk,[]
txn_004136,user_0026,2024-02-24 21:47:57.485014594,33.04,0.1,0.0,0.09571885642526837,0.07328754257010735,low_risk,['increasing_sequence']
txn_004400,user_0026,2024-02-28 09:37:19.576538775,50.6,0.1,0.0,0.18045556177619157,0.10718222471047661,low_risk,['increasing_sequence']
txn_004506,user_0026,2024-02-29 20:39:09.519165158,13.94,0.0,0.0,0.04169527653156911,0.016678110612627646,low_risk,[]
txn_000103,user_0027,2024-01-02 11:40:48.504837717,60.25,0.0,0.0,0.013647218776703685,0.0054588875106814745,low_risk,[]
txn_000203,user_0027,2024-01-03 20:13:59.868110431,76.85,0.0,0.0,0.19803341489761306,0.07921336595904523,low_risk,[]
txn_001351,user_0027,2024-01-18 23:09:09.189128862,63.63,0.0,0.0,0.11785043609433327,0.04714017443773331,low_risk,[]
txn_001908,user_0027,2024-01-26 09:57:46.445560172,48.34,0.0,0.0,0.047835523900469884,0.019134209560187954,low_risk,[]
txn_001949,user_0027,2024-01-26 19:14:17.737042382,74.66,0.0,0.0,0.23040544357942255,0.09216217743176902,low_risk,[]
txn_002462,user_0027,2024-02-02 13:15:48.464310376,494.48,0.7999999999999999,0.5960734804826061,0.9999814778244542,0.8290109612504332,high_risk,"['jump_from_previous', 'high_vs_average', 'high_share_of_total', 'increasing_sequence']"
txn_003427,user_0027,2024-02-15 02:48:31.434880715,77.4,0.0,0.0,0.003685797394463779,0.0014743189577855118,low_risk,[]
txn_000375,user_0028,2024-01-06 02:11:46.171388779,16.61,0.0,0.0,0.010319741878932934,0.004127896751573173,low_risk,[]
txn_000395,user_0028,2024-01-06 09:47:50.114886374,22.97,0.0,0.0,0.02011982864563652,0.008047931458254607,low_risk,[]
txn_000866,user_0028,2024-01-12 08:06:10.631794856,16.04,0.0,0.0,0.02571873465639198,0.010287493862556792,low_risk,[]
txn_000914,user_0028,2024-01-13 00:23:23.983187302,27.23,0.0,0.0,0.02010028865319409,0.008040115461277636,low_risk,[]
txn_000951,user_0028,2024-01-13 16:07:08.244630636,19.61,0.0,0.0,0.04654611648117326,0.018618446592469303,low_risk,[]
txn_001134,user_0028,2024-01-16 00:14:46.737741273,19.76,0.0,0.0,0.0438982522784871,0.01755930091139484,low_risk,[]
txn_001389,user_0028,2024-01-19 13:47:00.138779391,20.29,0.1,0.0,0.04132894265983279,0.05153157706393312,low_risk,['increasing_sequence']
txn_002007,user_0028,2024-01-27 11:21:01.175905399,22.34,0.1,0.0,0.027892934397414595,0.04615717375896584,low_risk,['increasing_sequence']
txn_002046,user_0028,2024-01-28 01:03:43.655250001,29.1,0.1,0.0,0.02690605708748131,0.045762422834992524,low_risk,['increasing_sequence']
txn_002105,user_0028,2024-01-28 21:01:39.812008701,23.63,0.0,0.0,0.04429789103928131,0.017719156415712527,low_risk,[]
txn_002332,user_0028,2024-01-31 15:29:21.627304300,17.79,0.0,0.0,0.03067248058117868,0.012268992232471472,low_risk,[]
txn_002337,user_0028,2024-01-31 16:36:17.412329565,1789.03,0.7,0.8,0.9999467184017954,0.8449786873607181,high_risk,"['jump_from_previous', 'high_vs_average', 'high_share_of_total']"
txn_003260,user_0028,2024-02-13 00:30:28.946802815,18.53,0.0,0.0,0.000475403475569045,0.000190161390227618,low_risk,[]
txn_003299,user_0028,2024-02-13 11:37:12.556451498,21.43,0.0,0.0,0.0012423586762968111,0.0004969434705187245,low_risk,[]
txn_003422,user_0028,2024-02-15 01:53:22.157622692,19.34,0.0,0.0,0.0013348560372840371,0.0005339424149136149,low_risk,[]
txn_003603,user_0028,2024-02-17 17:56:41.304910740,20.91,0.0,0.0,0.0008078850829271906,0.00032315403317087623,low_risk,[]
txn_003883,user_0028,2024-02-21 09:21:15.268673851,21.17,0.1,0.0,0.0001751704380946806,0.03507006817523787,low_risk,['increasing_sequence']
txn_003967,user_0028,2024-02-22 14:00:30.387892558,22.92,0.1,0.0,0.0001751704380946806,0.03507006817523787,low_risk,['increasing_sequence']
txn_000086,user_0029,2024-01-02 05:00:28.940238386,88.88,0.0,0.0,0.014162692345314016,0.0056650769381256065,low_risk,[]
txn_000128,user_0029,2024-01-02 20:45:40.389161629,101.9,0.0,0.0,0.025428451173429553,0.010171380469371822,low_risk,[]
txn_000281,user_0029,2024-01-04 16:41:48.795779113,132.34,0.1,0.0,0.06125486479409395,0.05950194591763758,low_risk,['increasing_sequence']
txn_000630,user_0029,2024-01-09 06:04:52.105404807,95.62,0.0,0.0,0.03949058617577126,0.015796234470308503,low_risk,[]
txn_000731,user_0029,2024-01-10 10:43:28.403320353,104.34,0.0,0.0,0.034497137806555375,0.01379885512262215,low_risk,[]
txn_001224,user_0029,2024-01-17 05:52:01.606641589,121.78,0.1,0.0,0.04013082306811551,0.0510523292272462,low_risk,['increasing_sequence']
txn_001266,user_0029,2024-01-17 18:56:57.560958576,132.39,0.1,0.0,0.02673533238177081,0.04569413295270832,low_risk,['increasing_sequence']
txn_001312,user_0029,2024-01-18 10:02:43.186772563,127.44,0.0,0.0,0.02480254643208555,0.009921018572834221,low_risk,[]
txn_001495,user_0029,2024-01-20 16:05:33.129416241,137.23,0.0,0.0,0.017464868159295547,0.006985947263718219,low_risk,[]
txn_001765,user_0029,2024-01-24 09:58:20.732462261,137.31,0.1,0.0,0.02298191269692316,0.044192765078769264,low_risk,['increasing_sequence']
txn_001865,user_0029,2024-01-25 19:47:20.212725645,70.82,0.0,0.0,4.987704447546021e-05,1.9950817790184086e-05,low_risk,[]
txn_001929,user_0029,2024-01-26 16:03:06.787737489,126.14,0.0,0.0,0.01583385324218755,0.00633354129687502,low_risk,[]
txn_001952,user_0029,2024-01-26 20:28:27.308177861,83.63,0.0,0.0,4.987704447546021e-05,1.9950817790184086e-05,low_risk,[]
txn_002132,user_0029,2024-01-29 05:03:44.904284436,108.08,0.0,0.0,0.006817713245066581,0.0027270852980266326,low_risk,[]
txn_002156,user_0029,2024-01-29 13:18:50.061264626,55.94,0.0,0.0,4.987704447546021e-05,1.9950817790184086e-05,low_risk,[]
txn_002442,user_0029,2024-02-02 07:12:59.439742340,149.72,0.0,0.025366464068644973,0.06601658755948422,0.03274825104095493,low_risk,[]
txn_002473,user_0029,2024-02-02 16:46:31.558774930,100.52,0.0,0.0,0.009457058317503637,0.003782823327001455,low_risk,[]
txn_002576,user_0029,2024-02-03 20:15:48.309308013,162.3,0.0,0.0,0.04151197652980867,0.016604790611923468,low_risk,[]
txn_002591,user_0029,2024-02-04 01:34:07.709704735,155.49,0.0,0.0,0.05361833613811611,0.021447334455246447,low_risk,[]
txn_002837,user_0029,2024-02-07 06:07:38.298648385,131.3,0.0,0.0,0.022953857324171493,0.009181542929668598,low_risk,[]
txn_002848,user_0029,2024-02-07 11:04:53.878687705,128.31,0.0,0.0,0.01299423082474538,0.0051976923298981525,low_risk,[]
txn_002865,user_0029,2024-02-07 15:57:46.864579923,79.27,0.0,0.0,4.987704447546021e-05,1.9950817790184086e-05,low_risk,[]
txn_002873,user_0029,2024-02-07 18:36:10.798993936,100.82,0.0,0.0,0.02632551606056194,0.010530206424224777,low_risk,[]
txn_003044,user_0029,2024-02-09 23:11:00.085694295,103.7,0.1,0.0,0.002386333910557607,0.03595453356422304,low_risk,['increasing_sequence']
txn_003117,user_0029,2024-02-11 03:35:45.040481902,33.32,0.0,0.0,4.987704447546021e-05,1.9950817790184086e-05,low_risk,[]
txn_003291,user_0029,2024-02-13 09:01:29.849218919,114.82,0.0,0.054224189675870345,0.041340194300182126,0.030092125139040436,low_risk,[]
txn_003491,user_0029,2024-02-16 02:39:52.089633099,117.99,0.1,0.0,0.01563536407625324,0.041254145630501296,low_risk,['increasing_sequence']
txn_003615,user_0029,2024-02-17 21:21:44.422603651,94.74,0.0,0.0,0.00755658433650676,0.003022633734602704,low_risk,[]
txn_003800,user_0029,2024-02-20 10:57:36.118476872,1596.74,0.5,0.6502777930758765,0.9999467184017954,0.7375481356296874,high_risk,"['jump_from_previous', 'high_vs_average']"
txn_004218,user_0029,2024-02-26 03:16:25.581059139,108.32,0.0,0.0,0.00019733883779284034,7.893553511713614e-05,low_risk,[]
txn_004220,user_0029,2024-02-26 03:23:03.986639452,101.37,0.0,0.0,0.0005694964522674203,0.00022779858090696812,low_risk,[]
txn_000151,user_0030,2024-01-03 03:52:33.117039205,63.14,0.0,0.0,0.004349807983002959,0.0017399231932011838,low_risk,[]
txn_000313,user_0030,2024-01-05 03:16:19.525781563,64.87,0.0,0.0,0.024237113854758463,0.009694845541903386,low_risk,[]
txn_000329,user_0030,2024-01-05 09:10:45.968364958,45.94,0.0,0.0,0.012793122709447649,0.00511724908377906,low_risk,[]
txn_000398,user_0030,2024-01-06 11:13:45.413090367,42.94,0.0,0.0,0.006009853792167883,0.0024039415168671534,low_risk,[]
txn_000407,user_0030,2024-01-06 14:14:03.214468114,53.36,0.0,0.0,0.06882832504880555,0.027531330019522224,low_risk,[]
txn_000647,user_0030,2024-01-09 07:56:45.588916301,42.66,0.0,0.0,0.026469723456436927,0.010587889382574772,low_risk,[]
txn_000823,user_0030,2024-01-11 16:03:10.181612093,52.35,0.0,0.0,0.059236614865217335,0.023694645946086935,low_risk,[]
txn_000855,user_0030,2024-01-12 03:20:49.494080447,72.89,0.1,0.0,0.03606862637674587,0.049427450550698346,low_risk,['increasing_sequence']
txn_000876,user_0030,2024-01-12 10:52:28.599830407,58.84,0.0,0.0,0.12713168699752048,0.05085267479900819,low_risk,[]
txn_000934,user_0030,2024-01-13 10:35:19.678409146,55.05,0.0,0.0,0.04796265228433069,0.019185060913732278,low_risk,[]
txn_000946,user_0030,2024-01-13 14:03:19.264619933,43.69,0.0,0.0,0.036314420429840386,0.014525768171936154,low_risk,[]
txn_000984,user_0030,2024-01-14 01:41:08.521124579,45.59,0.0,0.0,0.09705081791845034,0.03882032716738014,low_risk,[]
txn_001186,user_0030,2024-01-16 19:30:41.451317519,39.13,0.0,0.0,0.004810159519971282,0.0019240638079885128,low_risk,[]
txn_001334,user_0030,2024-01-18 17:16:18.154381784,50.59,0.0,0.0,0.041379676159338075,0.01655187046373523,low_risk,[]
txn_001370,user_0030,2024-01-19 07:04:20.413957005,65.82,0.1,0.0,0.028024557156247694,0.04620982286249908,low_risk,['increasing_sequence']
txn_001579,user_0030,2024-01-21 13:28:15.527078678,55.42,0.0,0.0,0.02485867975647639,0.009943471902590557,low_risk,[]
txn_001592,user_0030,2024-01-21 18:14:28.495761866,87.31,0.0,0.0,0.05678696832704449,0.022714787330817797,low_risk,[]
txn_001797,user_0030,2024-01-24 18:06:51.328147000,45.77,0.0,0.0,0.029165679402550975,0.011666271761020391,low_risk,[]
txn_001918,user_0030,2024-01-26 12:36:30.913058086,74.28,0.0,0.0,0.025223967529247496,0.010089587011699,low_risk,[]
txn_001950,user_0030,2024-01-26 19:55:23.975608013,42.44,0.0,0.0,0.017165656269298987,0.006866262507719595,low_risk,[]
txn_002244,user_0030,2024-01-30 19:48:37.990805404,55.26,0.0,0.0,0.021158423052356018,0.008463369220942407,low_risk,[]
txn_002245,user_0030,2024-01-30 20:41:01.919193765,60.81,0.1,0.0,0.0221246919967984,0.04384987679871936,low_risk,['increasing_sequence']
txn_002329,user_0030,2024-01-31 14:38:22.064455624,62.02,0.1,0.0,0.061431395691800554,0.05957255827672022,low_risk,['increasing_sequence']
txn_002362,user_0030,2024-02-01 02:55:49.759479293,66.1,0.1,0.0,0.021836381293581453,0.04373455251743258,low_risk,['increasing_sequence']
txn_002406,user_0030,2024-02-01 21:15:23.644540012,68.75,0.1,0.0,0.02140188415869069,0.043560753663476275,low_risk,['increasing_sequence']
txn_002433,user_0030,2024-02-02 04:43:32.644856680,41.08,0.0,0.0,0.013428814307425723,0.00537152572297029,low_risk,[]
txn_002472,user_0030,2024-02-02 16:35:02.574646164,45.59,0.0,0.0,0.01914818323457829,0.007659273293831316,low_risk,[]
txn_002556,user_0030,2024-02-03 14:28:57.956808618,71.26,0.1,0.0,0.018570644807107635,0.04242825792284305,low_risk,['increasing_sequence']
txn_002671,user_0030,2024-02-05 03:59:51.046212075,60.65,0.0,0.0,0.024574763015786524,0.009829905206314611,low_risk,[]
txn_002702,user_0030,2024-02-05 14:24:35.210132684,58.98,0.0,0.0,0.017420409574376627,0.006968163829750651,low_risk,[]
txn_002771,user_0030,2024-02-06 11:57:11.124139555,59.54,0.0,0.0,0.019070828188320996,0.0076283312753283984,low_risk,[]
txn_002957,user_0030,2024-02-08 22:42:22.690186133,60.52,0.1,0.0,0.013300059177575412,0.04032002367103016,low_risk,['increasing_sequence']
txn_003025,user_0030,2024-02-09 15:03:50.577289409,72.9,0.1,0.0,0.01654736186755711,0.04161894474702284,low_risk,['increasing_sequence']
txn_003250,user_0030,2024-02-12 21:28:49.153949334,34.7,0.0,0.0,0.018077086094480613,0.007230834437792245,low_risk,[]
txn_003744,user_0030,2024-02-19 17:15:10.443653543,57.69,0.0,0.0,0.023891037538693413,0.009556415015477366,low_risk,[]
txn_003931,user_0030,2024-02-22 00:15:09.251553532,57.38,0.0,0.0,0.0168612926771404,0.00674451707085616,low_risk,[]
txn_003961,user_0030,2024-02-22 13:04:27.348808410,58.48,0.0,0.0,0.0166284128718842,0.00665136514875368,low_risk,[]
txn_003999,user_0030,2024-02-22 21:40:33.490256411,69.88,0.1,0.0,0.020514496802788655,0.04320579872111546,low_risk,['increasing_sequence']
txn_004114,user_0030,2024-02-24 14:18:34.304404120,48.3,0.0,0.0,0.030064659537700066,0.012025863815080027,low_risk,[]
txn_004165,user_0030,2024-02-25 09:02:18.688451465,64.33,0.0,0.0,0.027089663182006906,0.010835865272802763,low_risk,[]
txn_004260,user_0030,2024-02-26 15:53:30.032113899,55.32,0.0,0.0,0.02514861406360182,0.010059445625440729,low_risk,[]
txn_004326,user_0030,2024-02-27 12:59:52.774720501,8447.31,0.7,0.8,0.9999467184017954,0.8449786873607181,high_risk,"['jump_from_previous', 'high_vs_average', 'high_share_of_total']"
txn_004465,user_0030,2024-02-29 08:16:20.015259065,45.84,0.0,0.0,4.987704447546021e-05,1.9950817790184086e-05,low_risk,[]
txn_000120,user_0031,2024-01-02 17:51:47.247851043,136.87,0.0,0.0,0.01842564463680863,0.007370257854723453,low_risk,[]
txn_000332,user_0031,2024-01-05 09:28:27.192292586,137.66,0.0,0.0,0.09113635532984367,0.03645454213193747,low_risk,[]
txn_000446,user_0031,2024-01-07 01:22:11.017161420,114.99,0.0,0.0,0.020638952475620913,0.008255580990248366,low_risk,[]
txn_000722,user_0031,2024-01-10 08:59:14.586919170,145.32,0.0,0.0,0.05455524166288793,0.021822096665155173,low_risk,[]
txn_000811,user_0031,2024-01-11 11:44:21.393382523,141.1,0.0,0.0,0.04866555856115436,0.019466223424461745,low_risk,[]
txn_000828,user_0031,2024-01-11 16:30:47.401157161,153.8,0.0,0.0,0.03924531201595188,0.015698124806380755,low_risk,[]
txn_000838,user_0031,2024-01-11 20:39:15.065874173,122.58,0.0,0.0,0.009480793015192808,0.0037923172060771236,low_risk,[]
txn_000857,user_0031,2024-01-12 04:29:44.239920690,164.75,0.0,0.0,0.029533860856624825,0.011813544342649931,low_risk,[]
txn_001238,user_0031,2024-01-17 10:51:05.253488985,191.0,0.1,0.0,0.5763747920422803,0.2655499168169121,low_risk,['increasing_sequence']
txn_001390,user_0031,2024-01-19 13:53:56.123660923,267.4,0.1,0.0,0.806847745007746,0.3577390980030984,low_risk,['increasing_sequence']
txn_001691,user_0031,2024-01-23 04:02:17.903403614,362.9,0.1,0.015171980424889098,0.9996013595888532,0.43863353894176355,medium_risk,['increasing_sequence']
txn_001777,user_0031,2024-01-24 13:42:55.035308448,477.5,0.1,0.035487548816789366,0.9946756737878982,0.4417421567193566,medium_risk,['increasing_sequence']
txn_001843,user_0031,2024-01-25 09:30:04.776950976,79.2,0.0,0.0,0.00019733883779284034,7.893553511713614e-05,low_risk,[]
txn_001892,user_0031,2024-01-26 04:18:30.145124454,149.91,0.0,0.0,0.0013582524087876744,0.0005433009635150697,low_risk,[]
txn_002045,user_0031,2024-01-28 00:59:54.813008532,133.3,0.0,0.0,0.0006898812144189015,0.0002759524857675606,low_risk,[]
txn_002447,user_0031,2024-02-02 08:33:26.692002571,126.3,0.0,0.0,0.0006898812144189015,0.0002759524857675606,low_risk,[]
txn_002452,user_0031,2024-02-02 09:48:15.880894423,130.59,0.0,0.0,0.0006898812144189015,0.0002759524857675606,low_risk,[]
txn_002620,user_0031,2024-02-04 10:32:14.135062501,125.76,0.0,0.0,0.0006898812144189015,0.0002759524857675606,low_risk,[]
txn_002819,user_0031,2024-02-07 00:30:46.766272347,121.16,0.0,0.0,0.0006898812144189015,0.0002759524857675606,low_risk,[]
txn_002947,user_0031,2024-02-08 19:51:03.797373367,104.89,0.0,0.0,0.00032263223141206073,0.0001290528925648243,low_risk,[]
txn_002958,user_0031,2024-02-08 22:51:39.593800675,161.7,0.0,0.0,0.015952827143356167,0.006381130857342467,low_risk,[]
txn_003324,user_0031,2024-02-13 18:09:02.128172258,142.57,0.0,0.0,0.002166289035272778,0.0008665156141091112,low_risk,[]
txn_003475,user_0031,2024-02-15 21:19:50.324276675,141.65,0.0,0.0,0.0013506581687576108,0.0005402632675030444,low_risk,[]
txn_003767,user_0031,2024-02-20 03:43:34.883472911,111.87,0.0,0.0,0.00019733883779284034,7.893553511713614e-05,low_risk,[]
txn_004115,user_0031,2024-02-24 14:31:44.870690951,149.97,0.0,0.0,0.0059463598545508025,0.0023785439418203213,low_risk,[]
txn_004168,user_0031,2024-02-25 09:26:30.806837692,136.55,0.0,0.0,0.0015055120809340681,0.0006022048323736273,low_risk,[]
txn_000080,user_0032,2024-01-02 03:56:41.484160986,45.77,0.0,0.0,0.014555252913850916,0.005822101165540367,low_risk,[]
txn_001127,user_0032,2024-01-15 22:23:12.510718604,38.26,0.0,0.0,0.028792752680767083,0.011517101072306834,low_risk,[]
txn_001269,user_0032,2024-01-17 19:31:52.884004362,37.55,0.0,0.0,0.06834337470147164,0.027337349880588658,low_risk,[]
txn_001332,user_0032,2024-01-18 16:53:11.508187630,25.17,0.0,0.0,0.034390901106206434,0.013756360442482574,low_risk,[]
txn_001799,user_0032,2024-01-24 18:45:29.379261186,54.3,0.0,0.005899880810488672,0.10184435626454691,0.04221271270844094,low_risk,[]
txn_001836,user_0032,2024-01-25 05:58:57.112619223,32.11,0.0,0.0,0.07422086415632972,0.029688345662531892,low_risk,[]
txn_002081,user_0032,2024-01-28 13:44:52.432140913,24.82,0.0,0.0,0.03139752272043534,0.012559009088174138,low_risk,[]
txn_002432,user_0032,2024-02-02 04:32:25.961870176,43.65,0.0,0.0,0.09025943724089917,0.03610377489635967,low_risk,[]
txn_002528,user_0032,2024-02-03 08:00:15.095761646,41.81,0.0,0.0,0.10501407224228165,0.042005628896912665,low_risk,[]
txn_002914,user_0032,2024-02-08 07:48:28.801103579,1427.79,0.7,0.8,0.9999467184017954,0.8449786873607181,high_risk,"['jump_from_previous', 'high_vs_average', 'high_share_of_total']"
txn_003219,user_0032,2024-02-12 09:50:54.277217811,43.35,0.0,0.0,0.00019733883779284034,7.893553511713614e-05,low_risk,[]
txn_003577,user_0032,2024-02-17 08:14:12.201483447,47.0,0.0,0.0,0.0016880034351796943,0.0006752013740718778,low_risk,[]
txn_003900,user_0032,2024-02-21 14:24:33.685956538,41.77,0.0,0.0,0.000769065757333996,0.0003076263029335984,low_risk,[]
txn_004354,user_0032,2024-02-27 17:18:02.462036970,33.0,0.0,0.0,0.0007470835065843059,0.0002988334026337224,low_risk,[]
txn_004501,user_0032,2024-02-29 17:45:52.246442049,33.25,0.0,0.0,0.0007470835065843059,0.0002988334026337224,low_risk,[]
txn_000060,user_0033,2024-01-01 20:17:46.642074260,206.25,0.0,0.0,0.0275690369110496,0.01102761476441984,low_risk,[]
txn_000704,user_0033,2024-01-10 04:03:03.960846643,182.32,0.0,0.0,0.06820589688106493,0.027282358752425975,low_risk,[]
txn_000820,user_0033,2024-01-11 14:05:56.473301815,269.47,0.0,0.0,0.7574492583177583,0.30297970332710333,low_risk,[]
txn_000989,user_0033,2024-01-14 02:30:44.350891726,377.26,0.1,0.0,0.8258045144411674,0.36532180577646695,low_risk,['increasing_sequence']
txn_001528,user_0033,2024-01-21 01:37:35.633191854,512.0,0.1,0.004598384864820205,0.9639924140717541,0.4217465618449067,medium_risk,['increasing_sequence']
txn_002748,user_0033,2024-02-06 04:36:52.957703604,673.68,0.1,0.04016063872048819,0.9796977843406621,0.4369192734163869,medium_risk,['increasing_sequence']
txn_003946,user_0033,2024-02-22 08:45:37.339742019,199.87,0.0,0.0,0.003685797394463779,0.0014743189577855118,low_risk,[]
txn_000124,user_0034,2024-01-02 19:53:33.032902182,28.71,0.0,0.0,0.008151367831126261,0.0032605471324505045,low_risk,[]
txn_000322,user_0034,2024-01-05 05:44:13.310557437,44.56,0.0,0.0,0.03385349173459931,0.013541396693839726,low_risk,[]
txn_000696,user_0034,2024-01-09 23:45:33.404676914,55.2,0.1,0.0,0.045866015757865336,0.05334640630314613,low_risk,['increasing_sequence']
txn_000858,user_0034,2024-01-12 04:55:36.653607914,34.65,0.0,0.0,0.03797807244000147,0.015191228976000587,low_risk,[]
txn_000895,user_0034,2024-01-12 17:54:39.985855212,52.21,0.0,0.0,0.03581091319905724,0.014324365279622898,low_risk,[]
txn_001262,user_0034,2024-01-17 17:46:26.820898831,14.1,0.0,0.0,0.033993950985092156,0.013597580394036864,low_risk,[]
txn_001286,user_0034,2024-01-17 23:42:52.235992857,47.19,0.0,0.05050531914893616,0.10519990472300934,0.05470629167643778,low_risk,[]
txn_001565,user_0034,2024-01-21 09:58:18.570451612,81.76,0.1,0.0034487744920830067,0.20550613480355576,0.11806464754444305,low_risk,['increasing_sequence']
txn_002109,user_0034,2024-01-28 21:50:31.616178195,52.05,0.0,0.0,0.08862764243126237,0.035451056972504946,low_risk,[]
txn_002403,user_0034,2024-02-01 20:17:21.187636584,34.94,0.0,0.0,0.022958361503899485,0.009183344601559795,low_risk,[]
txn_003625,user_0034,2024-02-18 00:17:16.504701232,58.47,0.0,0.0,0.06451692783746886,0.025806771134987545,low_risk,[]
txn_003827,user_0034,2024-02-20 18:30:05.048124416,2507.71,0.7999999999999999,0.8,0.9999814778244542,0.8799925911297817,high_risk,"['jump_from_previous', 'high_vs_average', 'high_share_of_total', 'increasing_sequence']"
txn_004029,user_0034,2024-02-23 06:15:39.219442567,50.29,0.0,0.0,4.987704447546021e-05,1.9950817790184086e-05,low_risk,[]
txn_004315,user_0034,2024-02-27 08:54:35.559638042,14.99,0.0,0.0,0.0007787288476065242,0.0003114915390426097,low_risk,[]
txn_004329,user_0034,2024-02-27 13:12:20.074523578,15.78,0.0,0.0,0.0017693296306536576,0.0007077318522614631,low_risk,[]
txn_000017,user_0035,2024-01-01 04:24:28.767615457,57.24,0.0,0.0,0.015084089195172132,0.0060336356780688535,low_risk,[]
txn_000267,user_0035,2024-01-04 12:40:24.683757011,68.6,0.0,0.0,0.06098315181997305,0.02439326072798922,low_risk,[]
txn_000268,user_0035,2024-01-04 12:50:17.119116805,65.88,0.0,0.0,0.07367770368646333,0.029471081474585333,low_risk,[]
txn_000459,user_0035,2024-01-07 02:32:47.692388113,64.46,0.0,0.0,0.08730639375306515,0.03492255750122606,low_risk,[]
txn_000919,user_0035,2024-01-13 02:14:03.998152048,56.07,0.0,0.0,0.09640038005396974,0.0385601520215879,low_risk,[]
txn_001163,user_0035,2024-01-16 12:22:09.891518509,58.76,0.0,0.0,0.1355343201728921,0.05421372806915684,low_risk,[]
txn_001804,user_0035,2024-01-24 19:36:53.139769058,64.04,0.1,0.0,0.10484209068831618,0.07693683627532646,low_risk,['increasing_sequence']
txn_002369,user_0035,2024-02-01 05:18:41.284044985,113.99,0.1,0.0,0.8713792024987511,0.38355168099950043,low_risk,['increasing_sequence']
txn_002505,user_0035,2024-02-03 01:11:51.351516902,159.59,0.1,0.0162683957453009,0.9944728139211011,0.4368562245047657,medium_risk,['increasing_sequence']
txn_002506,user_0035,2024-02-03 01:23:19.530022256,216.59,0.1,0.03754074763981203,0.9993925982506832,0.4441422262102263,medium_risk,['increasing_sequence']
txn_002827,user_0035,2024-02-07 02:41:52.586032583,284.98,0.1,0.05400661464300382,0.999640969569304,0.4483580414884726,medium_risk,['increasing_sequence']
txn_002829,user_0035,2024-02-07 04:20:07.445311560,75.23,0.0,0.0,0.0012834900788521947,0.0005133960315408779,low_risk,[]
txn_002863,user_0035,2024-02-07 15:31:20.531116673,66.36,0.0,0.0,0.0047450383144694705,0.0018980153257877883,low_risk,[]
txn_003380,user_0035,2024-02-14 11:41:00.245350705,57.67,0.0,0.0,0.0006898812144189015,0.0002759524857675606,low_risk,[]
txn_003574,user_0035,2024-02-17 06:31:05.991343582,59.35,0.0,0.0,0.0010002312275772902,0.0004000924910309161,low_risk,[]
txn_003613,user_0035,2024-02-17 21:10:36.774594145,66.73,0.1,0.0,0.0015660765680182405,0.035626430627207294,low_risk,['increasing_sequence']
txn_003705,user_0035,2024-02-19 04:25:24.592823753,62.89,0.0,0.0,0.0006898812144189015,0.0002759524857675606,low_risk,[]
txn_003724,user_0035,2024-02-19 10:54:14.696583055,67.11,0.0,0.0,0.0010681171823455908,0.00042724687293823634,low_risk,[]
txn_003794,user_0035,2024-02-20 09:40:55.532177537,67.1,0.0,0.0,0.0010681171823455908,0.00042724687293823634,low_risk,[]
txn_003872,user_0035,2024-02-21 05:13:59.652091911,62.49,0.0,0.0,0.005689881214418902,0.0022759524857675606,low_risk,[]
txn_004155,user_0035,2024-02-25 05:19:18.480952268,57.26,0.0,0.0,0.0006898812144189015,0.0002759524857675606,low_risk,[]
txn_004214,user_0035,2024-02-26 02:03:01.071021318,70.04,0.0,0.0,0.0015660765680182405,0.0006264306272072963,low_risk,[]
txn_004241,user_0035,2024-02-26 09:11:49.765750196,61.25,0.0,0.0,0.0006898812144189015,0.0002759524857675606,low_risk,[]
txn_004242,user_0035,2024-02-26 09:34:29.765766681,59.28,0.0,0.0,0.004575397085788281,0.0018301588343153125,low_risk,[]
txn_000081,user_0036,2024-01-02 03:58:07.733296510,30.77,0.0,0.0,0.024087704770451867,0.009635081908180748,low_risk,[]
txn_000726,user_0036,2024-01-10 10:05:46.704402889,33.9,0.0,0.0,0.08933883658676986,0.035735534634707945,low_risk,[]
txn_000837,user_0036,2024-01-11 19:41:33.437975700,34.18,0.1,0.0,0.09219562786755411,0.07187825114702165,low_risk,['increasing_sequence']
txn_001230,user_0036,2024-01-17 09:18:42.574152995,33.09,0.0,0.0,0.10899793119502756,0.043599172478011025,low_risk,[]
txn_001654,user_0036,2024-01-22 13:26:53.552066207,34.3,0.0,0.0,0.14827759636916707,0.05931103854766683,low_risk,[]
txn_001995,user_0036,2024-01-27 08:18:01.757791517,292.71,0.6,0.6442128832618507,0.9999352704312714,0.7710273289879712,high_risk,"['jump_from_previous', 'high_vs_average', 'increasing_sequence']"
txn_002122,user_0036,2024-01-29 02:24:22.858632762,30.97,0.0,0.0,0.027070940649106253,0.010828376259642503,low_risk,[]
txn_002708,user_0036,2024-02-05 17:35:02.059267869,30.33,0.0,0.0,0.02366091919266873,0.009464367677067494,low_risk,[]
txn_003406,user_0036,2024-02-14 19:06:19.397661750,27.48,0.0,0.0,0.026709613198444053,0.010683845279377623,low_risk,[]
txn_003443,user_0036,2024-02-15 09:22:58.257873447,31.33,0.0,0.0,0.037275686289111425,0.01491027451564457,low_risk,[]
txn_003533,user_0036,2024-02-16 16:45:20.651189502,34.67,0.1,0.0,0.03542102893967645,0.049168411575870576,low_risk,['increasing_sequence']
txn_003612,user_0036,2024-02-17 21:07:52.719721694,39.66,0.1,0.0,0.03999212764466045,0.05099685105786418,low_risk,['increasing_sequence']
txn_000087,user_0037,2024-01-02 05:10:21.411931995,34.1,0.0,0.0,0.01568200213180472,0.006272800852721888,low_risk,[]
txn_000173,user_0037,2024-01-03 10:51:10.026976359,18.47,0.0,0.0,0.014870156792191351,0.005948062716876541,low_risk,[]
txn_000189,user_0037,2024-01-03 16:42:56.235791729,34.78,0.0,0.0,0.04831479053762472,0.01932591621504989,low_risk,[]
txn_000500,user_0037,2024-01-07 13:52:29.632464165,36.56,0.1,0.0,0.07870673508532944,0.06648269403413178,low_risk,['increasing_sequence']
txn_000690,user_0037,2024-01-09 22:31:41.040546637,28.35,0.0,0.0,0.04993301955498239,0.019973207821992956,low_risk,[]
txn_000813,user_0037,2024-01-11 11:52:49.483163406,37.42,0.0,0.0,0.07698938125807932,0.03079575250323173,low_risk,[]
txn_001338,user_0037,2024-01-18 18:47:52.741902976,22.63,0.0,0.0,0.02218082421080296,0.008872329684321185,low_risk,[]
txn_001361,user_0037,2024-01-19 02:34:15.688537250,475.48,0.5,0.6662722840047375,0.9999467184017954,0.7415467583619025,high_risk,"['jump_from_previous', 'high_vs_average']"
txn_001413,user_0037,2024-01-19 21:09:01.883291172,33.94,0.0,0.0,0.004398183326478036,0.0017592733305912146,low_risk,[]
txn_001492,user_0037,2024-01-20 15:07:33.730339095,36.47,0.0,0.0,0.00689575387148783,0.0027583015485951323,low_risk,[]
txn_001526,user_0037,2024-01-21 01:21:13.366327355,30.25,0.0,0.0,0.004717754689731864,0.0018871018758927457,low_risk,[]
txn_001730,user_0037,2024-01-23 21:08:32.705830321,41.89,0.0,0.0,0.004779083299699938,0.0019116333198799754,low_risk,[]
txn_001869,user_0037,2024-01-25 21:14:45.898055677,39.93,0.0,0.0,0.003994832049650156,0.0015979328198600625,low_risk,[]
txn_001899,user_0037,2024-01-26 06:06:46.250055670,24.81,0.0,0.0,0.00659633757615552,0.0026385350304622083,low_risk,[]
txn_002078,user_0037,2024-01-28 11:36:15.479749948,32.41,0.0,0.0,0.0037979293213521387,0.0015191717285408556,low_risk,[]
txn_002201,user_0037,2024-01-30 08:40:38.075295643,24.16,0.0,0.0,0.0028238200173297044,0.0011295280069318818,low_risk,[]
txn_002394,user_0037,2024-02-01 16:17:27.582994392,29.12,0.0,0.0,0.003407898055906593,0.0013631592223626373,low_risk,[]
txn_002523,user_0037,2024-02-03 06:47:46.012720182,31.49,0.1,0.0,0.004832186541474141,0.03693287461658965,low_risk,['increasing_sequence']
txn_002661,user_0037,2024-02-05 01:03:04.368536326,28.7,0.0,0.0,0.005145864482936287,0.002058345793174515,low_risk,[]
txn_002980,user_0037,2024-02-09 04:54:10.545426882,21.5,0.0,0.0,0.004494950417042473,0.0017979801668169893,low_risk,[]
txn_003024,user_0037,2024-02-09 15:03:04.404349626,31.17,0.0,0.0,0.009617845676766186,0.0038471382707064745,low_risk,[]
txn_003726,user_0037,2024-02-19 11:17:01.310914675,30.98,0.0,0.0,0.010922470716585747,0.0043689882866342995,low_risk,[]
txn_003804,user_0037,2024-02-20 12:49:43.813223297,39.65,0.0,0.0,0.028302297690836323,0.01132091907633453,low_risk,[]
txn_003973,user_0037,2024-02-22 16:11:45.017832228,40.41,0.1,0.0,0.028734916979628714,0.046493966791851485,low_risk,['increasing_sequence']
txn_004123,user_0037,2024-02-24 17:15:43.965010557,36.74,0.0,0.0,0.013201779918916343,0.005280711967566538,low_risk,[]
txn_004382,user_0037,2024-02-28 03:52:10.559013472,25.79,0.0,0.0,0.02353970133264426,0.009415880533057704,low_risk,[]
txn_004403,user_0037,2024-02-28 10:04:34.555330587,33.06,0.0,0.0,0.01783289972381699,0.007133159889526797,low_risk,[]
txn_000007,user_0038,2024-01-01 02:20:54.314113219,84.92,0.0,0.0,0.01842564463680863,0.007370257854723453,low_risk,[]
txn_000101,user_0038,2024-01-02 11:15:22.160568092,103.16,0.0,0.0,0.045664531127020076,0.018265812450808033,low_risk,[]
txn_000122,user_0038,2024-01-02 18:40:11.696901611,88.98,0.0,0.0,0.11952483032165687,0.04780993212866275,low_risk,[]
txn_000208,user_0038,2024-01-03 22:04:52.085894888,66.89,0.0,0.0,0.025952940997164463,0.010381176398865787,low_risk,[]
txn_000321,user_0038,2024-01-05 05:30:17.595770268,82.76,0.0,0.0,0.07977671349140691,0.03191068539656277,low_risk,[]
txn_000393,user_0038,2024-01-06 09:40:45.315862716,121.26,0.1,0.0,0.29394828957046554,0.1525793158281862,low_risk,['increasing_sequence']
txn_000659,user_0038,2024-01-09 11:39:39.797126072,88.31,0.0,0.0,0.06879365195293075,0.0275174607811723,low_risk,[]
txn_000742,user_0038,2024-01-10 14:58:17.037410721,61.67,0.0,0.0,0.004921013231688608,0.0019684052926754432,low_risk,[]
txn_001091,user_0038,2024-01-15 13:22:49.910436829,80.63,0.0,0.0,0.03356851747564762,0.013427406990259048,low_risk,[]
txn_001136,user_0038,2024-01-16 00:32:32.289163243,86.2,0.1,0.0,0.035296029257278205,0.04911841170291128,low_risk,['increasing_sequence']
txn_001143,user_0038,2024-01-16 03:14:28.072144408,58.45,0.0,0.0,0.002194877200136491,0.0008779508800545965,low_risk,[]
txn_001240,user_0038,2024-01-17 10:54:12.758416155,47.86,0.0,0.0,0.0007609411766371078,0.00030437647065484314,low_risk,[]
txn_001244,user_0038,2024-01-17 11:49:22.765224098,120.59,0.0,0.019486523192645214,0.18340593664565738,0.07823400545642425,low_risk,[]
txn_001290,user_0038,2024-01-18 00:36:41.968657961,56.01,0.0,0.0,0.0006284635378974015,0.0002513854151589606,low_risk,[]
txn_001637,user_0038,2024-01-22 07:56:50.592605117,39.51,0.0,0.0,0.002048966278121652,0.0008195865112486609,low_risk,[]
txn_001678,user_0038,2024-01-22 23:11:31.752930073,19.34,0.0,0.0,0.005526507969920203,0.0022106031879680814,low_risk,[]
txn_002217,user_0038,2024-01-30 14:35:56.299060298,36.53,0.0,0.0,0.000672493878275689,0.0002689975513102756,low_risk,[]
txn_003046,user_0038,2024-02-09 23:21:09.784943089,41.2,0.1,0.0,0.0008419995929368722,0.03533679983717475,low_risk,['increasing_sequence']
txn_003078,user_0038,2024-02-10 13:04:40.283929992,116.5,0.1,0.0310376213592233,0.19738460434028646,0.1217132470759204,low_risk,['increasing_sequence']
txn_003107,user_0038,2024-02-10 23:55:05.969661007,48.95,0.0,0.0,0.0019424940151342588,0.0007769976060537035,low_risk,[]
txn_003206,user_0038,2024-02-12 05:22:50.636233296,105.9,0.0,0.006128702757916237,0.6476948628134717,0.26061012081486773,low_risk,[]
txn_003298,user_0038,2024-02-13 10:42:51.926030116,148.25,0.1,6.460446638638651e-05,0.8908588781205204,0.39135970236480483,low_risk,['increasing_sequence']
txn_003305,user_0038,2024-02-13 13:01:12.323504461,201.2,0.1,0.029892538750022023,0.9895856739108619,0.43830740425185033,medium_risk,['increasing_sequence']
txn_003401,user_0038,2024-02-14 18:23:24.339058662,264.74,0.1,0.05981092558278698,0.9997077660376696,0.4498358378107646,medium_risk,['increasing_sequence']
txn_003498,user_0038,2024-02-16 04:26:24.867545766,47.71,0.0,0.0,4.987704447546021e-05,1.9950817790184086e-05,low_risk,[]
txn_003681,user_0038,2024-02-18 19:28:41.633025517,71.48,0.0,0.0,0.002314489272933605,0.000925795709173442,low_risk,[]
txn_003927,user_0038,2024-02-21 22:35:21.591277832,44.31,0.0,0.0,0.0005254228708479474,0.00021016914833917895,low_risk,[]
txn_004435,user_0038,2024-02-28 19:13:05.551394668,79.93,0.0,0.0,0.01778501240003386,0.0071140049600135445,low_risk,[]
txn_004467,user_0038,2024-02-29 09:06:29.646746320,98.56,0.1,0.0,0.027730046499215774,0.046092018599686306,low_risk,['increasing_sequence']
txn_004471,user_0038,2024-02-29 09:48:34.863265077,121.48,0.1,0.0,0.17213464700794157,0.10385385880317663,low_risk,['increasing_sequence']
txn_000484,user_0039,2024-01-07 10:36:24.564774972,91.76,0.0,0.0,0.01682555061640473,0.006730220246561893,low_risk,[]
txn_000562,user_0039,2024-01-08 11:12:22.829837857,69.58,0.0,0.0,0.015482595040622089,0.006193038016248836,low_risk,[]
txn_000571,user_0039,2024-01-08 13:47:15.607159606,73.05,0.0,0.0,0.09402310927691962,0.03760924371076785,low_risk,[]
txn_000719,user_0039,2024-01-10 08:10:20.221896585,66.83,0.0,0.0,0.08008462703948373,0.03203385081579349,low_risk,[]
txn_000973,user_0039,2024-01-13 21:42:32.989482436,63.01,0.0,0.0,0.043682056129600785,0.017472822451840314,low_risk,[]
txn_001229,user_0039,2024-01-17 09:01:59.984241082,64.17,0.0,0.0,0.07424227530254471,0.029696910121017883,low_risk,[]
txn_001391,user_0039,2024-01-19 14:24:12.607041827,43.59,0.0,0.0,0.022300370136669124,0.00892014805466765,low_risk,[]
txn_001876,user_0039,2024-01-26 00:05:40.004186727,88.57,0.0,0.001195801789401224,0.25221684072396916,0.10118568673693797,low_risk,[]
txn_002065,user_0039,2024-01-28 06:52:04.012193477,124.0,0.1,0.0,0.9729632303966765,0.4241852921586706,medium_risk,['increasing_sequence']
txn_002100,user_0039,2024-01-28 19:44:04.554480171,168.29,0.1,0.010626533831950424,0.9994070637716689,0.4374194589666552,medium_risk,['increasing_sequence']
txn_002623,user_0039,2024-02-04 10:59:17.140813419,221.43,0.1,0.029817670164741746,0.9994307063929954,0.4422267000983836,medium_risk,['increasing_sequence']
txn_003121,user_0039,2024-02-11 04:01:34.343054426,51.64,0.0,0.0,0.0005755748057195296,0.00023022992228781186,low_risk,[]
txn_003639,user_0039,2024-02-18 03:48:36.560181784,76.05,0.0,0.0,0.0028421745440177747,0.0011368698176071098,low_risk,[]
txn_003818,user_0039,2024-02-20 15:57:19.825881518,85.35,0.1,0.0,0.024156584551534847,0.04466263382061394,low_risk,['increasing_sequence']
txn_003944,user_0039,2024-02-22 04:56:14.499757795,70.41,0.0,0.0,0.0025278872972881194,0.0010111549189152477,low_risk,[]
txn_004001,user_0039,2024-02-22 22:12:08.635311084,28.16,0.0,0.0,0.0006435879793687309,0.0002574351917474924,low_risk,[]
txn_004141,user_0039,2024-02-24 23:39:49.957263451,76.96,0.0,0.027485795454545454,0.05576854809947422,0.029178868103426053,low_risk,[]
txn_004146,user_0039,2024-02-25 02:29:25.959847314,65.34,0.0,0.0,0.0017760324554782555,0.0007104129821913022,low_risk,[]
txn_004495,user_0039,2024-02-29 16:31:00.953084781,67.7,0.0,0.0,0.0010681171823455908,0.00042724687293823634,low_risk,[]
txn_000318,user_0040,2024-01-05 05:01:49.955731327,86.71,0.0,0.0,0.01599508226562402,0.006398032906249608,low_risk,[]
txn_000688,user_0040,2024-01-09 22:00:45.231259469,98.36,0.0,0.0,0.0657176372052449,0.02628705488209796,low_risk,[]
txn_000888,user_0040,2024-01-12 15:03:40.904612187,56.68,0.0,0.0,0.01386501751960679,0.005546007007842716,low_risk,[]
txn_001169,user_0040,2024-01-16 13:22:12.407907877,77.88,0.0,0.0,0.08941181895341567,0.03576472758136627,low_risk,[]
txn_001206,user_0040,2024-01-17 00:57:32.791748055,72.91,0.0,0.0,0.129848729202965,0.051939491681186,low_risk,[]
txn_001422,user_0040,2024-01-19 23:42:09.378280639,61.1,0.0,0.0,0.02136800618777446,0.008547202475109785,low_risk,[]
txn_001537,user_0040,2024-01-21 04:42:50.862003639,957.12,0.5,0.7004448340709528,0.9999467184017954,0.7500898958784563,high_risk,"['jump_from_previous', 'high_vs_average']"
txn_001589,user_0040,2024-01-21 16:27:47.949519507,55.9,0.0,0.0,0.0009052541109255054,0.0003621016443702022,low_risk,[]
txn_001855,user_0040,2024-01-25 14:26:34.035874256,55.66,0.0,0.0,0.0008722275567534597,0.0003488910227013839,low_risk,[]
txn_002028,user_0040,2024-01-27 19:23:12.250875909,63.56,0.0,0.0,0.0010002312275772902,0.0004000924910309161,low_risk,[]
txn_002303,user_0040,2024-01-31 09:31:12.148515080,85.2,0.1,0.0,0.0009903989263225436,0.035396159570529016,low_risk,['increasing_sequence']
txn_002463,user_0040,2024-02-02 14:00:57.746414727,68.48,0.0,0.0,0.0006898812144189015,0.0002759524857675606,low_risk,[]
txn_002589,user_0040,2024-02-04 00:22:40.905561171,59.62,0.0,0.0,0.0006898812144189015,0.0002759524857675606,low_risk,[]
txn_002692,user_0040,2024-02-05 10:07:53.970042198,70.54,0.0,0.0,0.0013784671955039795,0.0005513868782015918,low_risk,[]
txn_002755,user_0040,2024-02-06 07:27:16.790415957,58.43,0.0,0.0,0.0012774117254000853,0.0005109646901600341,low_risk,[]
txn_002795,user_0040,2024-02-06 17:55:17.551521792,63.82,0.0,0.0,0.0011878406000915512,0.0004751362400366205,low_risk,[]
txn_003646,user_0040,2024-02-18 06:09:31.101118946,67.78,0.1,0.0,0.0006898812144189015,0.03527595248576756,low_risk,['increasing_sequence']
txn_004138,user_0040,2024-02-24 23:13:46.670125579,61.94,0.0,0.0,0.0006898812144189015,0.0002759524857675606,low_risk,[]
txn_000072,user_0041,2024-01-02 00:13:45.669086643,32.87,0.0,0.0,0.007983183327326575,0.00319327333093063,low_risk,[]
txn_000196,user_0041,2024-01-03 18:20:00.442129758,40.36,0.0,0.0,0.03370329732056896,0.013481318928227584,low_risk,[]
txn_000625,user_0041,2024-01-09 05:02:15.968276463,59.33,0.1,0.0,0.04973278481241444,0.05489311392496578,low_risk,['increasing_sequence']
txn_000839,user_0041,2024-01-11 21:17:39.896282668,32.38,0.0,0.0,0.026241795177765197,0.01049671807110608,low_risk,[]
txn_000859,user_0041,2024-01-12 06:02:43.019030327,48.46,0.0,0.0,0.03889157034810019,0.015556628139240075,low_risk,[]
txn_000942,user_0041,2024-01-13 12:34:00.163737203,58.92,0.1,0.0,0.0585841520730962,0.05843366082923848,low_risk,['increasing_sequence']
txn_001239,user_0041,2024-01-17 10:53:27.399271682,54.75,0.0,0.0,0.0754170610425993,0.030166824417039724,low_risk,[]
txn_001382,user_0041,2024-01-19 12:24:21.936087228,47.11,0.0,0.0,0.07202864310455087,0.02881145724182035,low_risk,[]
txn_001419,user_0041,2024-01-19 22:47:50.418698683,51.58,0.0,0.0,0.07724733204292263,0.03089893281716905,low_risk,[]
txn_001433,user_0041,2024-01-20 03:12:49.921669084,31.45,0.0,0.0,0.05449303857235118,0.021797215428940475,low_risk,[]
txn_001981,user_0041,2024-01-27 05:04:00.807075822,49.41,0.0,0.0,0.06170069164665013,0.024680276658660055,low_risk,[]
txn_002165,user_0041,2024-01-29 18:04:01.563903863,30.34,0.0,0.0,0.020044974780464977,0.008017989912185991,low_risk,[]
txn_002209,user_0041,2024-01-30 11:09:28.188547905,67.04,0.0,0.007860909690177985,0.09513318352333436,0.040018500831878245,low_risk,[]
txn_002670,user_0041,2024-02-05 02:50:46.545371354,47.39,0.0,0.0,0.05255664851573643,0.021022659406294573,low_risk,[]
txn_002995,user_0041,2024-02-09 07:54:27.254609692,2818.22,0.7,0.8,0.9999467184017954,0.8449786873607181,high_risk,"['jump_from_previous', 'high_vs_average', 'high_share_of_total']"
txn_003110,user_0041,2024-02-11 01:45:14.583979394,38.01,0.0,0.0,4.987704447546021e-05,1.9950817790184086e-05,low_risk,[]
txn_003415,user_0041,2024-02-14 23:25:06.939187844,59.66,0.0,0.0,0.0010372187330263893,0.00041488749321055574,low_risk,[]
txn_003449,user_0041,2024-02-15 11:31:21.150451268,47.93,0.0,0.0,0.0006096440314643012,0.0002438576125857205,low_risk,[]
txn_003806,user_0041,2024-02-20 13:24:53.663636053,40.93,0.0,0.0,0.00038235865183360555,0.00015294346073344223,low_risk,[]
txn_003934,user_0041,2024-02-22 01:56:41.654338194,10.56,0.0,0.0,0.00042552643109358473,0.0001702105724374339,low_risk,[]
txn_004139,user_0041,2024-02-24 23:28:29.743815262,43.15,0.0,0.07823153409090908,0.005047575137596173,0.021576913577765738,low_risk,[]
txn_004310,user_0041,2024-02-27 07:45:01.415023625,55.05,0.1,0.0,0.0004621770368223338,0.03518487081472893,low_risk,['increasing_sequence']
txn_004371,user_0041,2024-02-28 00:24:13.966683479,39.26,0.0,0.0,0.0006096440314643012,0.0002438576125857205,low_risk,[]
txn_004505,user_0041,2024-02-29 20:36:50.311925910,42.06,0.0,0.0,0.0007470835065843059,0.0002988334026337224,low_risk,[]
txn_000493,user_0042,2024-01-07 13:02:17.524804923,66.63,0.0,0.0,0.011437445411292943,0.004574978164517177,low_risk,[]
txn_000520,user_0042,2024-01-07 21:59:23.660304981,90.22,0.0,0.0,0.04665273252696262,0.01866109301078505,low_risk,[]
txn_000695,user_0042,2024-01-09 23:37:02.135654938,45.05,0.0,0.0,0.009993788030191512,0.0039975152120766055,low_risk,[]
txn_000998,user_0042,2024-01-14 07:32:12.950387181,66.45,0.0,0.0,0.07500632230958786,0.030002528923835144,low_risk,[]
txn_001022,user_0042,2024-01-14 12:02:02.496285238,55.23,0.0,0.0,0.04772969688099924,0.019091878752399698,low_risk,[]
txn_001070,user_0042,2024-01-15 06:31:27.164897804,39.44,0.0,0.0,0.046273878436341585,0.018509551374536633,low_risk,[]
txn_001096,user_0042,2024-01-15 16:07:57.608697362,74.51,0.0,0.0,0.06224402493996637,0.02489760997598655,low_risk,[]
txn_001325,user_0042,2024-01-18 14:27:36.895753710,35.67,0.0,0.0,0.009937608425540551,0.003975043370216221,low_risk,[]
txn_001566,user_0042,2024-01-21 10:01:58.536767283,90.63,0.0,0.02027964676198486,0.185738220221351,0.07936519977903661,low_risk,[]
txn_001669,user_0042,2024-01-22 19:23:37.177480421,54.55,0.0,0.0,0.06029205314685205,0.02411682125874082,low_risk,[]
txn_001749,user_0042,2024-01-24 06:00:02.776232974,93.15,0.0,0.0,0.14664622268100677,0.05865848907240271,low_risk,[]
txn_001782,user_0042,2024-01-24 15:07:19.376063155,74.8,0.0,0.0,0.07679113442682473,0.03071645377072989,low_risk,[]
txn_001963,user_0042,2024-01-27 00:07:28.012556098,73.92,0.0,0.0,0.05364607038017939,0.02145842815207176,low_risk,[]
txn_002014,user_0042,2024-01-27 13:14:23.013979912,44.55,0.0,0.0,0.005413703135492293,0.0021654812541969173,low_risk,[]
txn_002363,user_0042,2024-02-01 03:48:43.296042947,60.72,0.0,0.0,0.03645974908679727,0.014583899634718909,low_risk,[]
txn_002521,user_0042,2024-02-03 06:21:51.193159952,75.74,0.1,0.0,0.029896338926039677,0.04695853557041587,low_risk,['increasing_sequence']
txn_002663,user_0042,2024-02-05 01:38:18.154984363,73.85,0.0,0.0,0.05439571440759245,0.021758285763036983,low_risk,[]
txn_002715,user_0042,2024-02-05 19:26:44.742309514,21.54,0.0,0.0,0.006939457820803773,0.0027757831283215092,low_risk,[]
txn_002745,user_0042,2024-02-06 03:50:12.304273090,70.95,0.0,0.04852019498607244,0.056358619165292854,0.03467349641263525,low_risk,[]
txn_002896,user_0042,2024-02-08 02:52:52.715958677,63.71,0.0,0.0,0.032289098235331756,0.012915639294132704,low_risk,[]
txn_003097,user_0042,2024-02-10 19:49:14.620703293,107.09,0.0,0.0,0.26476172242074525,0.1059046889682981,low_risk,[]
txn_003157,user_0042,2024-02-11 16:51:19.002406616,59.7,0.0,0.0,0.03430750845217842,0.013723003380871368,low_risk,[]
txn_003163,user_0042,2024-02-11 18:03:55.534495380,68.75,0.0,0.0,0.14944537106690273,0.059778148426761095,low_risk,[]
txn_003824,user_0042,2024-02-20 17:27:33.746940780,44.83,0.0,0.0,0.003973371995862645,0.001589348798345058,low_risk,[]
txn_003899,user_0042,2024-02-21 14:11:02.694790928,49.93,0.0,0.0,0.004225643087597495,0.001690257235038998,low_risk,[]
txn_004512,user_0042,2024-02-29 23:35:21.787910037,999.23,0.6,0.6736780424785838,0.9999814778244542,0.7784121017494277,high_risk,"['jump_from_previous', 'high_vs_average', 'increasing_sequence']"
txn_000129,user_0043,2024-01-02 20:51:51.723325459,155.03,0.0,0.0,0.0275690369110496,0.01102761476441984,low_risk,[]
txn_000323,user_0043,2024-01-05 05:57:09.645674647,130.47,0.0,0.0,0.029982124467531773,0.01199284978701271,low_risk,[]
txn_001424,user_0043,2024-01-20 00:32:23.462122604,1394.17,0.7,0.7957565568258238,0.9998702620560057,0.8438872440288582,high_risk,"['jump_from_previous', 'high_vs_average', 'high_share_of_total']"
txn_001428,user_0043,2024-01-20 02:16:50.875141802,46.92,0.0,0.0,0.0009052541109255054,0.0003621016443702022,low_risk,[]
txn_001694,user_0043,2024-01-23 05:26:50.680770162,114.24,0.0,0.016304347826086946,0.012158038648881033,0.00893930241607415,low_risk,[]
txn_002839,user_0043,2024-02-07 06:34:32.795859631,96.98,0.0,0.0,0.0010681171823455908,0.00042724687293823634,low_risk,[]
txn_002860,user_0043,2024-02-07 14:23:00.463505387,84.51,0.0,0.0,0.0010681171823455908,0.00042724687293823634,low_risk,[]
txn_000034,user_0044,2024-01-01 10:44:14.140500994,23.22,0.0,0.0,0.015850186635604405,0.0063400746542417626,low_risk,[]
txn_000105,user_0044,2024-01-02 12:45:57.043725726,15.35,0.0,0.0,0.026433358570713748,0.0105733434282855,low_risk,[]
txn_000184,user_0044,2024-01-03 15:09:21.341238476,22.61,0.0,0.0,0.037428237011335554,0.014971294804534222,low_risk,[]
txn_000197,user_0044,2024-01-03 18:51:02.248127193,22.22,0.0,0.0,0.06579305806659719,0.026317223226638875,low_risk,[]
txn_000772,user_0044,2024-01-10 23:57:21.765459611,16.2,0.0,0.0,0.0217830286630034,0.00871321146520136,low_risk,[]
txn_000782,user_0044,2024-01-11 02:28:51.938577629,23.21,0.0,0.0,0.052299261338544595,0.02091970453541784,low_risk,[]
txn_000901,user_0044,2024-01-12 19:37:54.107693929,22.84,0.0,0.0,0.0897309039610143,0.03589236158440572,low_risk,[]
txn_000927,user_0044,2024-01-13 06:17:11.756395836,17.55,0.0,0.0,0.05890330439626197,0.02356132175850479,low_risk,[]
txn_000986,user_0044,2024-01-14 02:08:05.372764387,18.96,0.0,0.0,0.06368855906340419,0.025475423625361676,low_risk,[]
txn_001018,user_0044,2024-01-14 09:54:12.618750585,20.69,0.1,0.0,0.05838971621130445,0.05835588648452178,low_risk,['increasing_sequence']
txn_001060,user_0044,2024-01-15 02:19:17.706591914,17.44,0.0,0.0,0.07218981897199553,0.028875927588798214,low_risk,[]
txn_001316,user_0044,2024-01-18 11:25:08.774647146,18.6,0.0,0.0,0.0905167767494611,0.03620671069978444,low_risk,[]
txn_001449,user_0044,2024-01-20 07:49:57.509532689,19.57,0.1,0.0,0.10735401092407601,0.07794160436963041,low_risk,['increasing_sequence']
txn_001621,user_0044,2024-01-22 04:35:25.709273461,23.72,0.1,0.0,0.1746788965590426,0.10487155862361702,low_risk,['increasing_sequence']
txn_001636,user_0044,2024-01-22 07:43:05.567925496,22.27,0.0,0.0,0.15903841752492429,0.06361536700996971,low_risk,[]
txn_001828,user_0044,2024-01-25 04:05:19.138525621,17.77,0.0,0.0,0.1377781011544165,0.0551112404617666,low_risk,[]
txn_001971,user_0044,2024-01-27 02:13:59.456520829,23.02,0.0,0.0,0.13976288700018114,0.05590515480007246,low_risk,[]
txn_001983,user_0044,2024-01-27 05:55:12.808991569,20.22,0.0,0.0,0.1334114288283689,0.05336457153134756,low_risk,[]
txn_001996,user_0044,2024-01-27 09:00:20.953562140,17.57,0.0,0.0,0.3545896840932471,0.14183587363729885,low_risk,[]
txn_002134,user_0044,2024-01-29 06:27:17.116559139,21.68,0.0,0.0,0.10874599515461826,0.043498398061847306,low_risk,[]
txn_002192,user_0044,2024-01-30 04:51:44.298599878,18.25,0.0,0.0,0.16327546954513153,0.06531018781805262,low_risk,[]
txn_002302,user_0044,2024-01-31 09:25:28.130826459,18.9,0.0,0.0,0.11984994055592216,0.04793997622236887,low_risk,[]
txn_002384,user_0044,2024-02-01 11:42:18.059328439,20.91,0.1,0.0,0.10712188871205042,0.07784875548482018,low_risk,['increasing_sequence']
txn_002409,user_0044,2024-02-01 21:45:41.523587415,16.2,0.0,0.0,0.06430896111359767,0.02572358444543907,low_risk,[]
txn_002697,user_0044,2024-02-05 12:29:02.968534943,18.8,0.0,0.0,0.11281028463640419,0.04512411385456168,low_risk,[]
txn_002707,user_0044,2024-02-05 17:31:10.475438052,20.4,0.1,0.0,0.13195677145474977,0.0877827085818999,low_risk,['increasing_sequence']
txn_002723,user_0044,2024-02-05 22:22:21.045110818,22.87,0.1,0.0,0.46629747114872117,0.22151898845948848,low_risk,['increasing_sequence']
txn_002724,user_0044,2024-02-05 22:30:53.296095846,22.39,0.0,0.0,0.7843414127659888,0.3137365651063955,low_risk,[]
txn_002728,user_0044,2024-02-05 22:50:26.405049386,17.66,0.0,0.0,0.7747345422866282,0.3098938169146513,low_risk,[]
txn_002729,user_0044,2024-02-05 23:02:40.359402799,17.54,0.0,0.013333333333333334,0.9410128893384387,0.3797384890687089,low_risk,[]
txn_002730,user_0044,2024-02-05 23:08:45.005005516,21.16,0.0,0.02666666666666667,0.9056107116974584,0.36891095134565005,low_risk,[]
txn_002733,user_0044,2024-02-05 23:42:11.236246643,17.15,0.0,0.04000000000000001,0.9277884454380466,0.3811153781752187,low_risk,[]
txn_002737,user_0044,2024-02-06 01:13:23.167294040,18.09,0.0,0.05333333333333334,0.8286734812107754,0.3448027258176435,low_risk,[]
txn_002775,user_0044,2024-02-06 13:14:45.976383478,20.53,0.1,0.05333333333333334,0.6431438338838347,0.3055908668868672,low_risk,['increasing_sequence']
txn_002809,user_0044,2024-02-06 21:34:56.563130960,16.13,0.0,0.05333333333333334,0.753882242570421,0.31488623036150176,low_risk,[]
txn_002810,user_0044,2024-02-06 21:55:52.581974954,21.05,0.2,0.06666666666666667,0.6021374034247555,0.32752162803656887,low_risk,['high_transaction_frequency']
txn_002872,user_0044,2024-02-07 18:30:13.906155420,22.22,0.1,0.0,0.20983544670326953,0.11893417868130782,low_risk,['increasing_sequence']
txn_002893,user_0044,2024-02-08 02:24:41.035822420,19.82,0.0,0.0,0.07583536988031614,0.030334147952126456,low_risk,[]
txn_002968,user_0044,2024-02-09 01:07:22.667616355,21.15,0.0,0.0,0.08202877069944076,0.0328115082797763,low_risk,[]
txn_003032,user_0044,2024-02-09 18:36:57.199706247,19.08,0.0,0.0,0.07606826593052647,0.03042730637221059,low_risk,[]
txn_003192,user_0044,2024-02-12 02:42:34.838629241,17.6,0.0,0.0,0.07735186222737261,0.030940744890949046,low_risk,[]
txn_003309,user_0044,2024-02-13 13:46:09.565170581,19.2,0.0,0.0,0.06971303305415037,0.02788521322166015,low_risk,[]
txn_003485,user_0044,2024-02-16 00:16:50.121249783,20.63,0.1,0.0,0.07537177291294722,0.06514870916517888,low_risk,['increasing_sequence']
txn_003518,user_0044,2024-02-16 10:35:40.861784794,15.56,0.0,0.0,0.033432713202007705,0.013373085280803082,low_risk,[]
txn_003793,user_0044,2024-02-20 09:30:18.344318224,20.81,0.0,0.0,0.05214624462680979,0.02085849785072392,low_risk,[]
txn_003856,user_0044,2024-02-21 02:21:51.227522344,16.58,0.0,0.0,0.04479251112105527,0.01791700444842211,low_risk,[]
txn_003978,user_0044,2024-02-22 17:55:24.131210733,20.0,0.0,0.0,0.05600485885336244,0.022401943541344976,low_risk,[]
txn_004150,user_0044,2024-02-25 04:02:29.631316314,18.87,0.0,0.0,0.07121684705250982,0.02848673882100393,low_risk,[]
txn_000020,user_0045,2024-01-01 05:21:53.033874385,32.87,0.0,0.0,0.007983183327326575,0.00319327333093063,low_risk,[]
txn_000287,user_0045,2024-01-04 18:22:44.832792245,22.43,0.0,0.0,0.018306061125338762,0.007322424450135505,low_risk,[]
txn_000385,user_0045,2024-01-06 06:40:04.072350418,31.33,0.0,0.0,0.027114466979503597,0.01084578679180144,low_risk,[]
txn_000566,user_0045,2024-01-08 12:56:26.742645583,27.5,0.0,0.0,0.03401365461128512,0.013605461844514048,low_risk,[]
txn_000982,user_0045,2024-01-14 00:57:28.062388875,26.99,0.0,0.0,0.04776863224552517,0.01910745289821007,low_risk,[]
txn_001255,user_0045,2024-01-17 14:35:48.241835188,25.66,0.0,0.0,0.0356374529101236,0.01425498116404944,low_risk,[]
txn_001360,user_0045,2024-01-19 02:32:52.043525067,27.0,0.0,0.0,0.04151697013202868,0.01660678805281147,low_risk,[]
txn_001434,user_0045,2024-01-20 03:18:58.367948416,30.37,0.1,0.0,0.035043155216878195,0.04901726208675128,low_risk,['increasing_sequence']
txn_001472,user_0045,2024-01-20 11:38:34.971629150,3102.91,0.7999999999999999,0.8,0.9999814778244542,0.8799925911297817,high_risk,"['jump_from_previous', 'high_vs_average', 'high_share_of_total', 'increasing_sequence']"
txn_001511,user_0045,2024-01-20 20:53:48.021883694,17.56,0.0,0.0,0.018681228718287493,0.007472491487314998,low_risk,[]
txn_001680,user_0045,2024-01-22 23:34:33.251050798,32.2,0.0,0.0,0.000672493878275689,0.0002689975513102756,low_risk,[]
txn_001871,user_0045,2024-01-25 21:45:16.899849476,26.64,0.0,0.0,0.0011726099376778909,0.00046904397507115635,low_risk,[]
txn_002067,user_0045,2024-01-28 07:31:54.122223600,32.29,0.0,0.0,0.0007470835065843059,0.0002988334026337224,low_risk,[]
txn_002146,user_0045,2024-01-29 10:27:54.965854970,28.68,0.0,0.0,0.0011726099376778909,0.00046904397507115635,low_risk,[]
txn_002180,user_0045,2024-01-30 00:00:08.708512452,23.85,0.0,0.0,0.0016070835310475116,0.0006428334124190046,low_risk,[]
txn_002686,user_0045,2024-02-05 08:55:26.602078578,24.05,0.0,0.0,0.0008078850829271906,0.00032315403317087623,low_risk,[]
txn_002954,user_0045,2024-02-08 22:20:22.505822878,29.97,0.1,0.0,0.0001751704380946806,0.03507006817523787,low_risk,['increasing_sequence']
txn_003005,user_0045,2024-02-09 12:08:38.881334102,22.57,0.0,0.0,0.0016070835310475116,0.0006428334124190046,low_risk,[]
txn_003344,user_0045,2024-02-14 00:13:36.294395192,35.76,0.0,0.0,0.000672493878275689,0.0002689975513102756,low_risk,[]
txn_003763,user_0045,2024-02-20 02:19:11.835192876,28.96,0.0,0.0,0.0011726099376778909,0.00046904397507115635,low_risk,[]
txn_004061,user_0045,2024-02-23 15:46:35.572988169,29.09,0.0,0.0,0.0011726099376778909,0.00046904397507115635,low_risk,[]
txn_004069,user_0045,2024-02-23 18:06:03.837186983,31.57,0.1,0.0,0.0009743688862150018,0.035389747554486,low_risk,['increasing_sequence']
txn_004197,user_0045,2024-02-25 18:22:21.299759435,22.37,0.0,0.0,0.0064190508479874,0.00256762033919496,low_risk,[]
txn_004239,user_0045,2024-02-26 08:54:57.807254650,33.9,0.0,0.0,0.0011944617744965235,0.0004777847097986094,low_risk,[]
txn_004476,user_0045,2024-02-29 11:19:40.959544086,27.01,0.0,0.0,0.0011726099376778909,0.00046904397507115635,low_risk,[]
txn_000286,user_0046,2024-01-04 17:28:49.530550019,20.06,0.0,0.0,0.028349160325639215,0.011339664130255687,low_risk,[]
txn_000464,user_0046,2024-01-07 04:13:56.019893720,18.51,0.0,0.0,0.0748694460899978,0.02994777843599912,low_risk,[]
txn_000487,user_0046,2024-01-07 11:04:20.409981745,22.13,0.0,0.0,0.08445434278554032,0.03378173711421613,low_risk,[]
txn_000646,user_0046,2024-01-09 07:44:20.214775267,19.16,0.0,0.0,0.09148387043970976,0.03659354817588391,low_risk,[]
txn_000848,user_0046,2024-01-12 01:09:42.727818633,17.76,0.0,0.0,0.08620155935875226,0.03448062374350091,low_risk,[]
txn_000918,user_0046,2024-01-13 02:05:50.818690232,20.52,0.0,0.0,0.07614364296050143,0.030457457184200572,low_risk,[]
txn_001159,user_0046,2024-01-16 11:41:41.854183308,16.49,0.0,0.0,0.04266085990908783,0.017064343963635133,low_risk,[]
txn_001179,user_0046,2024-01-16 16:16:09.874109266,27.51,0.0,0.0,0.06717053673208305,0.026868214692833223,low_risk,[]
txn_001323,user_0046,2024-01-18 14:18:49.789829376,20.22,0.0,0.0,0.12367816586036202,0.04947126634414481,low_risk,[]
txn_001372,user_0046,2024-01-19 08:33:28.493496100,15.96,0.0,0.0,0.049652473545001755,0.019860989418000703,low_risk,[]
txn_001839,user_0046,2024-01-25 07:14:18.550181069,22.28,0.0,0.0,0.09432584869875486,0.03773033947950195,low_risk,[]
txn_001841,user_0046,2024-01-25 08:33:35.756577635,19.75,0.0,0.0,0.17921169302108564,0.07168467720843426,low_risk,[]
txn_001985,user_0046,2024-01-27 06:09:40.041155783,27.46,0.0,0.0,0.1560880788731868,0.06243523154927472,low_risk,[]
txn_002087,user_0046,2024-01-28 15:29:46.404456645,16.78,0.0,0.0,0.1699158878518594,0.06796635514074377,low_risk,[]
txn_002166,user_0046,2024-01-29 18:11:55.475209001,14.93,0.0,0.0,0.09924601029320973,0.0396984041172839,low_risk,[]
txn_002324,user_0046,2024-01-31 13:31:17.156665304,23.35,0.0,0.0,0.16209808862226968,0.06483923544890788,low_risk,[]
txn_002580,user_0046,2024-02-03 21:21:10.234635763,18.01,0.0,0.0,0.20948012559308254,0.08379205023723302,low_risk,[]
txn_002861,user_0046,2024-02-07 14:46:03.729413107,19.13,0.0,0.0,0.25056170795341026,0.10022468318136411,low_risk,[]
txn_002979,user_0046,2024-02-09 04:24:41.621113525,26.43,0.1,0.0,0.16374838912441642,0.10049935564976656,low_risk,['increasing_sequence']
txn_003010,user_0046,2024-02-09 13:08:26.340630758,12.12,0.0,0.0,0.4582005931319678,0.18328023725278714,low_risk,[]
txn_003011,user_0046,2024-02-09 13:08:47.330556203,13.7,0.0,0.0,0.5896533015523194,0.2358613206209278,low_risk,[]
txn_003012,user_0046,2024-02-09 13:16:08.615934926,17.71,0.1,0.0,0.8697940694538893,0.3829176277815557,low_risk,['increasing_sequence']
txn_003014,user_0046,2024-02-09 13:42:04.000086908,18.14,0.1,0.0,0.8970744920535789,0.39382979682143154,low_risk,['increasing_sequence']
txn_003015,user_0046,2024-02-09 13:42:50.664396873,22.21,0.1,0.013333333333333334,0.9527059850829253,0.41941572736650345,medium_risk,['increasing_sequence']
txn_003016,user_0046,2024-02-09 13:42:54.202420842,18.61,0.0,0.02666666666666667,0.9833876152390043,0.4000217127622684,medium_risk,[]
txn_003017,user_0046,2024-02-09 13:44:26.331566612,16.49,0.0,0.04000000000000001,0.9683532688314649,0.397341307532586,low_risk,[]
txn_003018,user_0046,2024-02-09 13:52:32.663548729,22.86,0.0,0.05333333333333334,0.953167635559429,0.3946003875571049,low_risk,[]
txn_003020,user_0046,2024-02-09 13:59:11.743933616,17.38,0.2,0.06666666666666667,0.9296274343808044,0.45851764041898846,medium_risk,['high_transaction_frequency']
txn_003021,user_0046,2024-02-09 14:00:33.308134929,24.79,0.2,0.08000000000000002,0.9558526009944985,0.47234104039779945,medium_risk,['high_transaction_frequency']
txn_003239,user_0046,2024-02-12 17:58:22.975011149,16.91,0.0,0.0,0.1563874292796279,0.06255497171185116,low_risk,[]
txn_003424,user_0046,2024-02-15 02:29:09.267626083,19.72,0.0,0.0,0.19249598140446086,0.07699839256178435,low_risk,[]
txn_003644,user_0046,2024-02-18 05:48:31.107143458,15.03,0.0,0.0,0.0645358447130629,0.02581433788522516,low_risk,[]
txn_003714,user_0046,2024-02-19 07:29:36.479666862,22.84,0.0,0.0,0.13460252620890376,0.053841010483561505,low_risk,[]
txn_004137,user_0046,2024-02-24 22:13:52.409133082,20.51,0.0,0.0,0.18039640337672483,0.07215856135068993,low_risk,[]
txn_000175,user_0047,2024-01-03 11:15:38.189071643,18.09,0.0,0.0,0.015850186635604405,0.0063400746542417626,low_risk,[]
txn_000379,user_0047,2024-01-06 04:32:14.073336073,21.47,0.0,0.0,0.06703827852522608,0.026815311410090432,low_risk,[]
txn_000669,user_0047,2024-01-09 17:11:32.470825528,15.18,0.0,0.0,0.035967148193439415,0.014386859277375767,low_risk,[]
txn_000677,user_0047,2024-01-09 18:48:04.872946098,22.46,0.0,0.0,0.06028280582926679,0.02411312233170672,low_risk,[]
txn_000744,user_0047,2024-01-10 15:35:23.862204081,20.12,0.0,0.0,0.19664411147657163,0.07865764459062866,low_risk,[]
txn_001115,user_0047,2024-01-15 19:19:43.826013054,19.24,0.0,0.0,0.09003091535255256,0.036012366141021025,low_risk,[]
txn_001256,user_0047,2024-01-17 15:04:03.539177785,16.13,0.0,0.0,0.038953920395096396,0.015581568158038558,low_risk,[]
txn_001497,user_0047,2024-01-20 16:31:35.987124373,18.47,0.0,0.0,0.07457916746801314,0.029831666987205258,low_risk,[]
txn_001559,user_0047,2024-01-21 09:08:40.432833940,17.85,0.0,0.0,0.09025939846132397,0.03610375938452959,low_risk,[]
txn_001587,user_0047,2024-01-21 15:04:52.627436921,19.55,0.0,0.0,0.2407515399358696,0.09630061597434784,low_risk,[]
txn_001645,user_0047,2024-01-22 11:14:47.208041207,18.3,0.0,0.0,0.09901467432650293,0.03960586973060118,low_risk,[]
txn_001848,user_0047,2024-01-25 09:54:56.816198601,22.57,0.0,0.0,0.11508232560237788,0.046032930240951155,low_risk,[]
txn_001986,user_0047,2024-01-27 06:23:11.214867601,27.9,0.1,0.0,0.14811124758596678,0.09424449903438671,low_risk,['increasing_sequence']
txn_002218,user_0047,2024-01-30 14:38:25.780003632,18.22,0.0,0.0,0.42233416241519883,0.16893366496607953,low_risk,[]
txn_002219,user_0047,2024-01-30 14:46:39.191252982,20.75,0.0,0.0,0.38374987816100126,0.15349995126440052,low_risk,[]
txn_002220,user_0047,2024-01-30 14:46:49.724795050,19.76,0.0,0.0,0.5850465514334725,0.234018620573389,low_risk,[]
txn_002221,user_0047,2024-01-30 14:48:15.133277055,20.83,0.0,0.0,0.9197914140331029,0.3679165656132412,low_risk,[]
txn_002222,user_0047,2024-01-30 15:10:53.248238723,19.93,0.0,0.0,0.922918564937754,0.36916742597510166,low_risk,[]
txn_002223,user_0047,2024-01-30 15:13:24.659346917,17.92,0.0,0.013333333333333334,0.9851676751872555,0.39740040340823557,low_risk,[]
txn_002225,user_0047,2024-01-30 15:17:33.646310738,20.19,0.0,0.02666666666666667,0.9714381199015736,0.39524191462729613,low_risk,[]
txn_002228,user_0047,2024-01-30 15:38:25.340683392,18.06,0.0,0.04000000000000001,0.9768484938871964,0.4007393975548786,medium_risk,[]
txn_002229,user_0047,2024-01-30 15:41:43.756957852,18.43,0.0,0.05333333333333334,0.9286280603478805,0.3847845574724855,low_risk,[]
txn_002743,user_0047,2024-02-06 03:16:32.850122958,17.86,0.0,0.0,0.1931784464083824,0.07727137856335296,low_risk,[]
txn_002890,user_0047,2024-02-08 01:13:25.788608632,23.48,0.0,0.0,0.16800800022623663,0.06720320009049466,low_risk,[]
txn_003042,user_0047,2024-02-09 22:49:45.613750567,21.91,0.0,0.0,0.21346619957761614,0.08538647983104647,low_risk,[]
txn_003158,user_0047,2024-02-11 16:53:28.613319247,21.19,0.0,0.0,0.22953588285860832,0.09181435314344333,low_risk,[]
txn_003385,user_0047,2024-02-14 13:17:58.016141297,20.58,0.0,0.0,0.23670141633997313,0.09468056653598926,low_risk,[]
txn_003482,user_0047,2024-02-15 22:48:38.114133247,22.2,0.0,0.0,0.21744401541948896,0.0869776061677956,low_risk,[]
txn_003524,user_0047,2024-02-16 12:52:07.985302856,17.6,0.0,0.0,0.19775077113061684,0.07910030845224675,low_risk,[]
txn_003748,user_0047,2024-02-19 18:22:37.655886048,16.32,0.0,0.0,0.10494042070040976,0.04197616828016391,low_risk,[]
txn_003923,user_0047,2024-02-21 19:54:28.542167306,18.16,0.0,0.0,0.18190792312512927,0.0727631692500517,low_risk,[]
txn_004145,user_0047,2024-02-25 01:50:13.928412956,22.7,0.1,0.0,0.16804153683437797,0.10221661473375118,low_risk,['increasing_sequence']
txn_004157,user_0047,2024-02-25 06:34:18.926092024,18.39,0.0,0.0,0.19275849884618557,0.07710339953847423,low_risk,[]
txn_000130,user_0048,2024-01-02 21:02:21.270608596,70.24,0.0,0.0,0.004349807983002959,0.0017399231932011838,low_risk,[]
txn_000757,user_0048,2024-01-10 19:19:11.537968723,84.4,0.0,0.0,0.017961982427431494,0.007184792970972598,low_risk,[]
txn_000864,user_0048,2024-01-12 07:46:29.561713917,4082.83,0.7999999999999999,0.8,0.9949814778244543,0.8779925911297817,high_risk,"['jump_from_previous', 'high_vs_average', 'high_share_of_total', 'increasing_sequence']"
txn_001030,user_0048,2024-01-14 14:10:04.936731214,56.31,0.0,0.0,4.987704447546021e-05,1.9950817790184086e-05,low_risk,[]
txn_001208,user_0048,2024-01-17 01:24:51.042550274,78.43,0.0,0.0,9.745218207163335e-05,3.8980872828653343e-05,low_risk,[]
txn_001512,user_0048,2024-01-20 20:55:37.724883398,88.71,0.1,0.0,0.0001751704380946806,0.03507006817523787,low_risk,['increasing_sequence']
txn_001629,user_0048,2024-01-22 06:42:14.506276194,62.05,0.0,0.0,4.987704447546021e-05,1.9950817790184086e-05,low_risk,[]
txn_002124,user_0048,2024-01-29 02:42:17.432799471,53.59,0.0,0.0,0.0001751704380946806,7.006817523787223e-05,low_risk,[]
txn_002512,user_0048,2024-02-03 03:57:41.412471683,72.17,0.0,0.0,9.745218207163335e-05,3.8980872828653343e-05,low_risk,[]
txn_003316,user_0048,2024-02-13 15:19:27.573108602,79.49,0.1,0.0,0.0001751704380946806,0.03507006817523787,low_risk,['increasing_sequence']
txn_003328,user_0048,2024-02-13 18:15:52.706631892,82.73,0.1,0.0,0.00042203465895004015,0.03516881386358001,low_risk,['increasing_sequence']
txn_003521,user_0048,2024-02-16 11:34:18.242170201,74.73,0.0,0.0,0.0001751704380946806,7.006817523787223e-05,low_risk,[]
txn_003694,user_0048,2024-02-19 02:04:57.369636568,57.72,0.0,0.0,0.0001751704380946806,7.006817523787223e-05,low_risk,[]
txn_004333,user_0048,2024-02-27 14:19:01.501881362,86.49,0.0,0.0,9.745218207163335e-05,3.8980872828653343e-05,low_risk,[]
txn_000000,user_0049,2024-01-01 00:27:09.951434946,27.01,0.0,0.0,0.014623477377710616,0.005849390951084246,low_risk,[]
txn_000109,user_0049,2024-01-02 13:20:01.566423454,28.93,0.0,0.0,0.06742354536864519,0.026969418147458075,low_risk,[]
txn_000241,user_0049,2024-01-04 07:29:28.376950640,54.06,0.1,0.0,0.14898246420985198,0.09459298568394078,low_risk,['increasing_sequence']
txn_000289,user_0049,2024-01-04 18:37:09.187239313,32.5,0.0,0.0,0.12349147340030717,0.04939658936012287,low_risk,[]
txn_000291,user_0049,2024-01-04 19:29:16.877563023,40.57,0.0,0.0,0.220402655647157,0.0881610622588628,low_risk,[]
txn_000425,user_0049,2024-01-06 19:08:26.545182997,25.68,0.0,0.0,0.03330244986497351,0.013320979945989403,low_risk,[]
txn_000479,user_0049,2024-01-07 08:57:11.252383440,42.17,0.0,0.0,0.12294621192351311,0.04917848476940525,low_risk,[]
txn_000503,user_0049,2024-01-07 15:24:02.275055683,47.49,0.1,0.0,0.5010983747254797,0.23543934989019188,low_risk,['increasing_sequence']
txn_000588,user_0049,2024-01-08 16:44:22.743970938,29.73,0.0,0.0,0.11808118855786807,0.047232475423147235,low_risk,[]
txn_000658,user_0049,2024-01-09 11:36:23.531155139,25.21,0.0,0.0,0.06845684792638561,0.027382739170554244,low_risk,[]
txn_000881,user_0049,2024-01-12 12:22:07.320943543,36.55,0.0,0.0,0.14739086390578615,0.058956345562314466,low_risk,[]
txn_000936,user_0049,2024-01-13 11:07:56.132155911,18.88,0.0,0.0,0.062307501096793956,0.024923000438717584,low_risk,[]
txn_000945,user_0049,2024-01-13 13:49:07.988126009,22.36,0.0,0.0,0.05232158254772925,0.020928633019091702,low_risk,[]
txn_001610,user_0049,2024-01-22 00:31:43.019002290,17.03,0.0,0.0,0.022525857717841356,0.009010343087136543,low_risk,[]
txn_001679,user_0049,2024-01-22 23:15:54.610687744,25.52,0.0,0.0,0.056165105366388045,0.022466042146555218,low_risk,[]
txn_002047,user_0049,2024-01-28 01:22:02.979811393,39.17,0.1,0.0,0.1161759475687173,0.08147037902748691,low_risk,['increasing_sequence']
txn_002358,user_0049,2024-02-01 02:28:05.275483806,45.18,0.1,0.0,0.1816816308731202,0.10767265234924808,low_risk,['increasing_sequence']
txn_002614,user_0049,2024-02-04 09:15:30.396714420,29.06,0.0,0.0,0.17391522760110129,0.06956609104044052,low_risk,[]
txn_002885,user_0049,2024-02-07 22:54:09.203370557,18.1,0.0,0.0,0.032483306355749336,0.012993322542299734,low_risk,[]
txn_002941,user_0049,2024-02-08 18:09:52.207633133,44.97,0.0,0.01816988950276242,0.1969599726275004,0.08332646142669077,low_risk,[]
txn_003104,user_0049,2024-02-10 23:22:05.896437776,32.78,0.0,0.0,0.15390894123959728,0.06156357649583891,low_risk,[]
txn_003115,user_0049,2024-02-11 02:51:14.216701351,40.87,0.0,0.0,0.14102888593962415,0.05641155437584966,low_risk,[]
txn_003373,user_0049,2024-02-14 09:31:07.431534520,51.67,0.1,0.0,0.6026110994620618,0.27604443978482474,low_risk,['increasing_sequence']
txn_003606,user_0049,2024-02-17 18:27:15.164830338,72.34,0.1,0.007275400069633408,0.8205078783871765,0.365022001372279,low_risk,['increasing_sequence']
txn_003668,user_0049,2024-02-18 14:04:03.424184597,98.18,0.1,0.038961820176214614,0.9887742131119899,0.4402501402888496,medium_risk,['increasing_sequence']
txn_003989,user_0049,2024-02-22 19:57:21.477446709,129.18,0.1,0.07069058466612403,0.9938025769690912,0.4501936769541675,medium_risk,['increasing_sequence']
txn_004008,user_0049,2024-02-23 00:43:32.231935306,30.51,0.0,0.0,0.09421823376323124,0.0376872935052925,low_risk,[]
txn_004125,user_0049,2024-02-24 18:07:07.927262814,25.65,0.0,0.0,0.012772503979064122,0.00510900159162565,low_risk,[]
txn_004261,user_0049,2024-02-26 16:03:08.759177121,33.52,0.0,0.0,0.03790206235824693,0.015160824943298774,low_risk,[]
txn_004510,user_0049,2024-02-29 22:21:47.038190484,16.11,0.0,0.0,0.02007647280261877,0.008030589121047508,low_risk,[]
txn_000584,user_0050,2024-01-08 16:33:13.211027363,98.32,0.0,0.0,0.01682555061640473,0.006730220246561893,low_risk,[]
txn_001482,user_0050,2024-01-20 13:25:37.579434598,92.75,0.0,0.0,0.06756252646585822,0.027025010586343292,low_risk,[]
txn_002276,user_0050,2024-01-31 01:46:32.854504216,193.02,0.0,0.004060999644927699,0.9481722053940609,0.3802841320688563,low_risk,[]
txn_003083,user_0050,2024-02-10 14:30:13.055273119,270.23,0.1,0.005533859251737883,0.9932842343688628,0.43369715856047963,medium_risk,['increasing_sequence']
txn_003851,user_0050,2024-02-21 00:59:40.236019242,366.75,0.1,0.02569739172270035,0.9995345631204876,0.44123817317887015,medium_risk,['increasing_sequence']
txn_003916,user_0050,2024-02-21 18:19:35.799955053,482.56,0.1,0.061302088880185096,0.9995807705136704,0.4501578304255145,medium_risk,['increasing_sequence']
txn_004443,user_0050,2024-02-28 22:24:44.620468266,63.74,0.0,0.0,0.0005755748057195296,0.00023022992228781186,low_risk,[]
txn_000044,user_0051,2024-01-01 14:58:23.758228568,51.33,0.0,0.0,0.008834120299827403,0.0035336481199309613,low_risk,[]
txn_000202,user_0051,2024-01-03 19:51:35.567631447,67.98,0.0,0.0,0.03321725632299463,0.013286902529197854,low_risk,[]
txn_000255,user_0051,2024-01-04 10:52:50.490333460,30.9,0.0,0.0,0.015451550855144922,0.006180620342057969,low_risk,[]
txn_000305,user_0051,2024-01-05 00:55:04.302348077,49.54,0.0,0.0,0.050383228846035556,0.020153291538414223,low_risk,[]
txn_000312,user_0051,2024-01-05 02:58:59.357456085,52.42,0.1,0.0,0.16909721950149859,0.10263888780059943,low_risk,['increasing_sequence']
txn_001032,user_0051,2024-01-14 14:39:06.256333493,61.03,0.1,0.0,0.05282128968139117,0.05612851587255647,low_risk,['increasing_sequence']
txn_001297,user_0051,2024-01-18 05:07:37.582746715,59.04,0.0,0.0,0.06068910764848228,0.024275643059392914,low_risk,[]
txn_001396,user_0051,2024-01-19 16:57:03.242304721,75.28,0.0,0.0,0.06638700728198473,0.02655480291279389,low_risk,[]
txn_001943,user_0051,2024-01-26 17:58:42.878733578,53.76,0.0,0.0,0.05734885118922965,0.022939540475691862,low_risk,[]
txn_002001,user_0051,2024-01-27 10:15:04.957601126,59.82,0.0,0.0,0.046477400155663824,0.01859096006226553,low_risk,[]
txn_002015,user_0051,2024-01-27 13:47:19.381567181,46.46,0.0,0.0,0.07069814627577052,0.02827925851030821,low_risk,[]
txn_002153,user_0051,2024-01-29 11:59:46.784503314,66.93,0.0,0.0,0.02314812863852015,0.00925925145540806,low_risk,[]
txn_002408,user_0051,2024-02-01 21:35:06.925182702,56.86,0.0,0.0,0.027015010955377318,0.010806004382150928,low_risk,[]
txn_002487,user_0051,2024-02-02 21:12:21.017424207,64.61,0.0,0.0,0.032018191017845476,0.01280727640713819,low_risk,[]
txn_002537,user_0051,2024-02-03 09:26:23.793497381,58.41,0.0,0.0,0.013256342949317218,0.005302537179726887,low_risk,[]
txn_002719,user_0051,2024-02-05 21:02:55.460012819,66.55,0.0,0.0,0.017707233714234827,0.007082893485693931,low_risk,[]
txn_002756,user_0051,2024-02-06 08:03:07.080395308,63.37,0.0,0.0,0.015499148313543988,0.006199659325417595,low_risk,[]
txn_002767,user_0051,2024-02-06 11:04:53.520825312,47.63,0.0,0.0,0.009998176391706354,0.003999270556682542,low_risk,[]
txn_002805,user_0051,2024-02-06 20:58:19.471674632,43.64,0.0,0.0,0.04477843576857335,0.01791137430742934,low_risk,[]
txn_002862,user_0051,2024-02-07 15:03:41.056018045,63.55,0.0,0.0,0.015659501099051308,0.006263800439620524,low_risk,[]
txn_002922,user_0051,2024-02-08 11:58:11.199477904,58.06,0.0,0.0,0.01322493259110701,0.005289973036442804,low_risk,[]
txn_002975,user_0051,2024-02-09 02:27:20.433068911,80.44,0.0,0.0,0.024285082419250585,0.009714032967700235,low_risk,[]
txn_003226,user_0051,2024-02-12 13:01:22.179135323,46.24,0.0,0.0,0.012287853995869959,0.004915141598347984,low_risk,[]
txn_003233,user_0051,2024-02-12 15:40:41.747269675,56.89,0.0,0.0,0.018202172375566223,0.00728086895022649,low_risk,[]
txn_003349,user_0051,2024-02-14 02:11:00.606257912,4178.75,0.7999999999999999,0.8,0.9999814778244542,0.8799925911297817,high_risk,"['jump_from_previous', 'high_vs_average', 'high_share_of_total', 'increasing_sequence']"
txn_003492,user_0051,2024-02-16 02:58:16.487969767,61.98,0.0,0.0,4.987704447546021e-05,1.9950817790184086e-05,low_risk,[]
txn_003766,user_0051,2024-02-20 03:18:42.814932435,41.99,0.0,0.0,0.0001751704380946806,7.006817523787223e-05,low_risk,[]
txn_004076,user_0051,2024-02-23 20:05:18.532491598,64.06,0.0,0.0,0.0010372187330263893,0.00041488749321055574,low_risk,[]
txn_004117,user_0051,2024-02-24 14:59:37.569687148,42.23,0.0,0.0,4.987704447546021e-05,1.9950817790184086e-05,low_risk,[]
txn_000256,user_0052,2024-01-04 10:58:40.076499941,70.22,0.0,0.0,0.004349807983002959,0.0017399231932011838,low_risk,[]
txn_000290,user_0052,2024-01-04 19:07:42.355556159,60.47,0.0,0.0,0.013399531379446463,0.005359812551778586,low_risk,[]
txn_000294,user_0052,2024-01-04 20:40:12.596418541,72.77,0.0,0.0,0.053650763532179686,0.021460305412871875,low_risk,[]
txn_000311,user_0052,2024-01-05 02:43:35.641680169,65.38,0.0,0.0,0.16480512982630782,0.06592205193052313,low_risk,[]
txn_000432,user_0052,2024-01-06 21:36:30.759466468,70.24,0.0,0.0,0.02914266508130002,0.011657066032520008,low_risk,[]
txn_000438,user_0052,2024-01-07 00:28:27.183708730,71.85,0.1,0.0,0.03938745115186995,0.05075498046074797,low_risk,['increasing_sequence']
txn_000469,user_0052,2024-01-07 05:57:57.377821379,62.15,0.0,0.0,0.048897117417181175,0.019558846966872472,low_risk,[]
txn_000721,user_0052,2024-01-10 08:29:52.283492592,29.13,0.0,0.0,0.006747357477169219,0.0026989429908676876,low_risk,[]
txn_000904,user_0052,2024-01-12 21:32:56.894207758,82.47,0.0,0.031166323377960863,0.09789201502106286,0.04694838685291536,low_risk,[]
txn_001247,user_0052,2024-01-17 12:44:08.191733938,42.81,0.0,0.0,0.008113837109196463,0.0032455348436785853,low_risk,[]
txn_001348,user_0052,2024-01-18 22:09:42.753467454,66.17,0.0,0.0,0.01966503257734405,0.00786601303093762,low_risk,[]
txn_001458,user_0052,2024-01-20 08:27:08.811331042,75.98,0.1,0.0,0.02125148983482847,0.04350059593393139,low_risk,['increasing_sequence']
txn_001725,user_0052,2024-01-23 20:17:03.420816955,71.19,0.0,0.0,0.011510651183278636,0.004604260473311454,low_risk,[]
txn_001868,user_0052,2024-01-25 20:56:56.956884213,72.1,0.0,0.0,0.01222101308646035,0.0048884052345841405,low_risk,[]
txn_002429,user_0052,2024-02-02 04:17:14.264058982,75.8,0.1,0.0,0.015828795265476182,0.04133151810619047,low_risk,['increasing_sequence']
txn_002503,user_0052,2024-02-03 00:42:23.165553351,13419.82,0.7999999999999999,0.8,0.9999814778244542,0.8799925911297817,high_risk,"['jump_from_previous', 'high_vs_average', 'high_share_of_total', 'increasing_sequence']"
txn_002799,user_0052,2024-02-06 18:20:55.340334495,66.62,0.0,0.0,4.987704447546021e-05,1.9950817790184086e-05,low_risk,[]
txn_002815,user_0052,2024-02-06 23:09:56.262223037,72.82,0.0,0.0,0.00042203465895004015,0.00016881386358001606,low_risk,[]
txn_002918,user_0052,2024-02-08 10:05:25.779909325,61.61,0.0,0.0,0.0001751704380946806,7.006817523787223e-05,low_risk,[]
txn_002966,user_0052,2024-02-09 00:44:21.476656195,63.44,0.0,0.0,0.00042203465895004015,0.00016881386358001606,low_risk,[]
txn_003050,user_0052,2024-02-10 01:58:13.668580328,67.67,0.1,0.0,0.0001751704380946806,0.03507006817523787,low_risk,['increasing_sequence']
txn_003099,user_0052,2024-02-10 20:23:04.319484789,64.01,0.0,0.0,0.00042203465895004015,0.00016881386358001606,low_risk,[]
txn_003120,user_0052,2024-02-11 03:54:30.264092890,74.72,0.0,0.0,0.00042203465895004015,0.00016881386358001606,low_risk,[]
txn_003272,user_0052,2024-02-13 04:11:16.772503349,64.67,0.0,0.0,0.0001751704380946806,7.006817523787223e-05,low_risk,[]
txn_003451,user_0052,2024-02-15 12:23:07.050806209,70.67,0.0,0.0,0.0001751704380946806,7.006817523787223e-05,low_risk,[]
txn_003468,user_0052,2024-02-15 19:16:38.488678781,66.49,0.0,0.0,0.00042203465895004015,0.00016881386358001606,low_risk,[]
txn_003509,user_0052,2024-02-16 08:03:54.218227463,63.47,0.0,0.0,4.987704447546021e-05,1.9950817790184086e-05,low_risk,[]
txn_003573,user_0052,2024-02-17 06:21:50.094601137,69.48,0.0,0.0,0.00042203465895004015,0.00016881386358001606,low_risk,[]
txn_003628,user_0052,2024-02-18 00:38:51.827058849,73.43,0.1,0.0,0.00042203465895004015,0.03516881386358001,low_risk,['increasing_sequence']
txn_003731,user_0052,2024-02-19 13:47:37.300298011,63.04,0.0,0.0,0.0001751704380946806,7.006817523787223e-05,low_risk,[]
txn_003786,user_0052,2024-02-20 08:35:49.717599235,57.84,0.0,0.0,0.00042203465895004015,0.00016881386358001606,low_risk,[]
txn_003996,user_0052,2024-02-22 21:27:03.628096958,77.84,0.0,0.0,9.745218207163335e-05,3.8980872828653343e-05,low_risk,[]
txn_004020,user_0052,2024-02-23 04:24:59.773095326,58.67,0.0,0.0,0.00042203465895004015,0.00016881386358001606,low_risk,[]
txn_004036,user_0052,2024-02-23 07:53:44.647922090,63.97,0.0,0.0,0.0017622816188988465,0.0007049126475595387,low_risk,[]
txn_004066,user_0052,2024-02-23 17:46:04.087132715,71.82,0.1,0.0,0.0,0.034999999999999996,low_risk,['increasing_sequence']
txn_004075,user_0052,2024-02-23 19:35:51.432863865,62.89,0.0,0.0,0.02,0.008,low_risk,[]
txn_004095,user_0052,2024-02-24 05:33:41.623939698,50.63,0.0,0.0,0.005,0.002,low_risk,[]
txn_004106,user_0052,2024-02-24 09:05:27.578685190,71.31,0.0,0.0,0.0,0.0,low_risk,[]
txn_004132,user_0052,2024-02-24 20:14:50.048412325,57.83,0.0,0.0,4.987704447546021e-05,1.9950817790184086e-05,low_risk,[]
txn_004298,user_0052,2024-02-27 03:18:26.599617033,69.89,0.0,0.0,0.0001751704380946806,7.006817523787223e-05,low_risk,[]
txn_004446,user_0052,2024-02-28 23:31:40.507210960,59.51,0.0,0.0,0.0001751704380946806,7.006817523787223e-05,low_risk,[]
txn_004503,user_0052,2024-02-29 19:19:46.593580051,69.48,0.0,0.0,0.0006096440314643012,0.0002438576125857205,low_risk,[]
txn_000126,user_0053,2024-01-02 20:09:37.616357531,36.1,0.0,0.0,0.021135033906385096,0.00845401356255404,low_risk,[]
txn_001145,user_0053,2024-01-16 03:31:47.325083128,44.69,0.0,0.0,0.13897883059653302,0.05559153223861321,low_risk,[]
txn_002345,user_0053,2024-01-31 19:45:16.917410007,14.89,0.0,0.0,0.043774611482876494,0.017509844593150598,low_risk,[]
txn_002522,user_0053,2024-02-03 06:24:28.188269999,34.72,0.0,0.012441235728676963,0.07450465176162557,0.03291216963681947,low_risk,[]
txn_002741,user_0053,2024-02-06 02:21:33.305615864,460.59,0.7999999999999999,0.8,0.9999814778244542,0.8799925911297817,high_risk,"['jump_from_previous', 'high_vs_average', 'high_share_of_total', 'increasing_sequence']"
txn_000114,user_0054,2024-01-02 15:19:56.382897368,73.07,0.0,0.0,0.003404759328166095,0.001361903731266438,low_risk,[]
txn_000115,user_0054,2024-01-02 15:40:06.868774908,65.64,0.0,0.0,0.029444079016021564,0.011777631606408627,low_risk,[]
txn_000177,user_0054,2024-01-03 12:31:26.845183447,74.94,0.0,0.0,0.051697674755898905,0.020679069902359563,low_risk,[]
txn_000279,user_0054,2024-01-04 16:01:34.821834715,60.05,0.0,0.0,0.015877110691216372,0.006350844276486549,low_risk,[]
txn_000374,user_0054,2024-01-06 02:11:23.070853735,57.81,0.0,0.0,0.012505019244775427,0.005002007697910171,low_risk,[]
txn_000527,user_0054,2024-01-07 23:54:35.372227189,79.24,0.0,0.0,0.02434954509725423,0.009739818038901692,low_risk,[]
txn_000607,user_0054,2024-01-09 00:29:59.834092186,55.84,0.0,0.0,0.005893764236024311,0.002357505694409725,low_risk,[]
txn_000644,user_0054,2024-01-09 07:15:13.671960440,73.22,0.0,0.0,0.025454276065268722,0.01018171042610749,low_risk,[]
txn_000736,user_0054,2024-01-10 11:35:32.709160098,73.2,0.0,0.0,0.019379754763748917,0.007751901905499567,low_risk,[]
txn_000819,user_0054,2024-01-11 14:01:09.392845287,5723.27,0.7,0.8,0.9999467184017954,0.8449786873607181,high_risk,"['jump_from_previous', 'high_vs_average', 'high_share_of_total']"
txn_001017,user_0054,2024-01-14 09:50:16.851648173,64.59,0.0,0.0,4.987704447546021e-05,1.9950817790184086e-05,low_risk,[]
txn_001175,user_0054,2024-01-16 15:13:11.336349666,66.51,0.0,0.0,0.0001751704380946806,7.006817523787223e-05,low_risk,[]
txn_001272,user_0054,2024-01-17 20:39:29.357287923,69.23,0.1,0.0,0.0001751704380946806,0.03507006817523787,low_risk,['increasing_sequence']
txn_001318,user_0054,2024-01-18 12:49:06.790188365,59.75,0.0,0.0,0.00042203465895004015,0.00016881386358001606,low_risk,[]
txn_001395,user_0054,2024-01-19 16:38:37.389434293,61.26,0.0,0.0,0.0001751704380946806,7.006817523787223e-05,low_risk,[]
txn_002106,user_0054,2024-01-28 21:24:51.906079306,53.19,0.0,0.0,0.0001751704380946806,7.006817523787223e-05,low_risk,[]
txn_002215,user_0054,2024-01-30 13:11:59.215547232,68.03,0.0,0.0,9.745218207163335e-05,3.8980872828653343e-05,low_risk,[]
txn_002354,user_0054,2024-02-01 01:32:43.056192462,69.89,0.1,0.0,0.0001751704380946806,0.03507006817523787,low_risk,['increasing_sequence']
txn_002398,user_0054,2024-02-01 18:00:49.520529076,60.14,0.0,0.0,0.00042203465895004015,0.00016881386358001606,low_risk,[]
txn_002683,user_0054,2024-02-05 07:27:35.418022061,65.86,0.0,0.0,0.0001751704380946806,7.006817523787223e-05,low_risk,[]
txn_002845,user_0054,2024-02-07 09:52:53.062656195,64.03,0.0,0.0,0.0001751704380946806,7.006817523787223e-05,low_risk,[]
txn_002897,user_0054,2024-02-08 03:01:05.350148977,44.95,0.0,0.0,0.00042203465895004015,0.00016881386358001606,low_risk,[]
txn_003240,user_0054,2024-02-12 17:59:42.428122938,86.35,0.0,0.0,0.000672493878275689,0.0002689975513102756,low_risk,[]
txn_003531,user_0054,2024-02-16 15:05:59.852925938,57.61,0.0,0.0,4.987704447546021e-05,1.9950817790184086e-05,low_risk,[]
txn_003556,user_0054,2024-02-17 02:41:48.608729502,64.56,0.0,0.0,0.0006096440314643012,0.0002438576125857205,low_risk,[]
txn_003610,user_0054,2024-02-17 20:52:02.331517244,61.02,0.0,0.0,0.00042203465895004015,0.00016881386358001606,low_risk,[]
txn_003756,user_0054,2024-02-19 23:52:22.281146065,55.44,0.0,0.0,0.0001751704380946806,7.006817523787223e-05,low_risk,[]
txn_003799,user_0054,2024-02-20 10:43:13.664907200,49.29,0.0,0.0,0.0006096440314643012,0.0002438576125857205,low_risk,[]
txn_003808,user_0054,2024-02-20 13:34:39.684672860,62.56,0.0,0.0,0.0007644573713465681,0.0003057829485386273,low_risk,[]
txn_003833,user_0054,2024-02-20 20:11:05.626621064,76.15,0.1,0.0,0.0,0.034999999999999996,low_risk,['increasing_sequence']
txn_003995,user_0054,2024-02-22 21:11:59.043375459,76.21,0.1,0.0,0.005175170438094681,0.03707006817523787,low_risk,['increasing_sequence']
txn_004331,user_0054,2024-02-27 14:07:54.909944771,62.32,0.0,0.0,0.0001751704380946806,7.006817523787223e-05,low_risk,[]
txn_004369,user_0054,2024-02-27 23:43:32.831728581,68.74,0.0,0.0,0.00042203465895004015,0.00016881386358001606,low_risk,[]
txn_000041,user_0055,2024-01-01 14:35:53.158425386,26.94,0.0,0.0,0.019003322827068056,0.007601329130827223,low_risk,[]
txn_000278,user_0055,2024-01-04 15:46:48.002926485,28.0,0.0,0.0,0.09455387097144147,0.03782154838857659,low_risk,[]
txn_000550,user_0055,2024-01-08 05:29:37.672657186,27.07,0.0,0.0,0.09000739042449425,0.0360029561697977,low_risk,[]
txn_002252,user_0055,2024-01-30 22:04:54.048495215,221.5,0.5,0.638020847031832,0.9798148173248786,0.7264311386879094,high_risk,"['jump_from_previous', 'high_vs_average']"
txn_002858,user_0055,2024-02-07 13:35:14.384418947,29.71,0.0,0.0,0.0440406335683962,0.01761625342735848,low_risk,[]
txn_002992,user_0055,2024-02-09 07:44:15.965041719,25.6,0.0,0.0,0.04863348857406069,0.01945339542962428,low_risk,[]
txn_003203,user_0055,2024-02-12 04:39:53.033561426,25.18,0.0,0.0,0.0802635700834639,0.03210542803338556,low_risk,[]
txn_003457,user_0055,2024-02-15 14:29:56.507935496,18.43,0.0,0.0,0.11472180435020389,0.04588872174008156,low_risk,[]
txn_003550,user_0055,2024-02-16 23:16:59.511699110,20.16,0.0,0.0,0.06666750294995277,0.02666700117998111,low_risk,[]
txn_003874,user_0055,2024-02-21 05:58:19.636410741,30.46,0.1,0.0,0.04760613340237381,0.054042453360949524,low_risk,['increasing_sequence']
txn_003887,user_0055,2024-02-21 10:25:34.818129945,22.84,0.0,0.0,0.08484720047592152,0.03393888019036861,low_risk,[]
txn_000116,user_0056,2024-01-02 15:50:11.113818321,26.59,0.0,0.0,0.027055751949680084,0.010822300779872035,low_risk,[]
txn_000162,user_0056,2024-01-03 07:02:40.708345728,31.43,0.0,0.0,0.1059663002024593,0.042386520080983724,low_risk,[]
txn_000421,user_0056,2024-01-06 18:21:03.853180169,32.58,0.1,0.0,0.09824366012268343,0.07429746404907336,low_risk,['increasing_sequence']
txn_000610,user_0056,2024-01-09 01:12:11.086710753,28.97,0.0,0.0,0.10648538293305561,0.042594153173222245,low_risk,[]
txn_000715,user_0056,2024-01-10 06:30:04.247081468,25.24,0.0,0.0,0.08285764624111089,0.033143058496444354,low_risk,[]
txn_001023,user_0056,2024-01-14 12:20:56.097194788,27.17,0.0,0.0,0.14035034368593693,0.056140137474374775,low_risk,[]
txn_001201,user_0056,2024-01-16 23:16:22.866399037,34.42,0.1,0.0,0.10164475989027379,0.07565790395610952,low_risk,['increasing_sequence']
txn_001517,user_0056,2024-01-20 22:40:40.054177950,25.66,0.0,0.0,0.15102781862319986,0.06041112744927995,low_risk,[]
txn_001789,user_0056,2024-01-24 16:53:26.110351699,25.41,0.0,0.0,0.36836109794786104,0.14734443917914442,low_risk,[]
txn_001790,user_0056,2024-01-24 16:56:15.150628376,25.56,0.0,0.0,0.42003672502569955,0.16801469001027983,low_risk,[]
txn_001793,user_0056,2024-01-24 17:24:59.522782058,29.38,0.1,0.0,0.691506023216486,0.3116024092865944,low_risk,['increasing_sequence']
txn_001794,user_0056,2024-01-24 17:31:52.777612965,29.85,0.1,0.0,0.9083154891709193,0.39832619566836774,low_risk,['increasing_sequence']
txn_001795,user_0056,2024-01-24 17:34:51.437262659,31.9,0.1,0.0,0.9130558630723205,0.4002223452289282,medium_risk,['increasing_sequence']
txn_001796,user_0056,2024-01-24 17:38:31.223033037,35.99,0.1,0.013333333333333334,0.9557042713692128,0.42061504188101845,medium_risk,['increasing_sequence']
txn_001818,user_0056,2024-01-25 02:02:32.671674995,36.98,0.1,0.02666666666666667,0.8200346137439207,0.369680512164235,low_risk,['increasing_sequence']
txn_001831,user_0056,2024-01-25 04:31:34.620705431,35.39,0.0,0.04000000000000001,0.8524571913829617,0.3509828765531847,low_risk,[]
txn_001956,user_0056,2024-01-26 21:51:40.037882271,45.27,0.0,0.0,0.22222783242469174,0.0888911329698767,low_risk,[]
txn_002193,user_0056,2024-01-30 04:52:33.252496588,34.77,0.0,0.0,0.19791121825165617,0.07916448730066247,low_risk,[]
txn_002278,user_0056,2024-01-31 03:04:16.376281928,33.65,0.0,0.0,0.2250753967723989,0.09003015870895957,low_risk,[]
txn_002474,user_0056,2024-02-02 16:51:00.121932283,32.4,0.0,0.0,0.1838661104451992,0.07354644417807969,low_risk,[]
txn_002604,user_0056,2024-02-04 05:29:43.793226022,25.81,0.0,0.0,0.08297823752678614,0.03319129501071446,low_risk,[]
txn_002895,user_0056,2024-02-08 02:33:46.839038251,30.15,0.0,0.0,0.15378827351928834,0.06151530940771534,low_risk,[]
txn_003661,user_0056,2024-02-18 11:47:10.055236601,31.58,0.1,0.0,0.15767557918722286,0.09807023167488915,low_risk,['increasing_sequence']
txn_003845,user_0056,2024-02-20 22:39:16.322536316,36.97,0.1,0.0,0.155667231412695,0.097266892565078,low_risk,['increasing_sequence']
txn_003943,user_0056,2024-02-22 04:50:14.166363402,32.37,0.0,0.0,0.15038860427074796,0.06015544170829919,low_risk,[]
txn_004023,user_0056,2024-02-23 05:00:01.989230794,33.69,0.0,0.0,0.14195452233565153,0.056781808934260616,low_risk,[]
txn_000028,user_0057,2024-01-01 07:48:16.242257538,32.3,0.0,0.0,0.024627780969012077,0.009851112387604832,low_risk,[]
txn_000299,user_0057,2024-01-04 23:29:25.646547134,32.0,0.0,0.0,0.13213016680970358,0.05285206672388143,low_risk,[]
txn_000420,user_0057,2024-01-06 18:03:59.523442427,28.39,0.0,0.0,0.1287845002412246,0.05151380009648984,low_risk,[]
txn_000528,user_0057,2024-01-07 23:58:12.422033860,21.25,0.0,0.0,0.018342798686449332,0.007337119474579733,low_risk,[]
txn_000723,user_0057,2024-01-10 09:39:36.637384592,29.55,0.0,0.0,0.08224760549698969,0.03289904219879588,low_risk,[]
txn_000845,user_0057,2024-01-11 23:46:48.249236977,24.51,0.0,0.0,0.06379010588768187,0.02551604235507275,low_risk,[]
txn_000869,user_0057,2024-01-12 08:36:04.166095750,34.55,0.0,0.0,0.09346366436439833,0.037385465745759336,low_risk,[]
txn_000875,user_0057,2024-01-12 10:20:54.264702696,296.47,0.6,0.5896231210907033,0.9999352704312714,0.7573798884451843,high_risk,"['jump_from_previous', 'high_vs_average', 'increasing_sequence']"
txn_001100,user_0057,2024-01-15 16:46:20.773005001,22.91,0.0,0.0,0.027668934593486294,0.011067573837394519,low_risk,[]
txn_001117,user_0057,2024-01-15 19:32:57.490452779,22.75,0.0,0.0,0.03203028349736807,0.01281211339894723,low_risk,[]
txn_001184,user_0057,2024-01-16 19:22:33.969621620,26.16,0.0,0.0,0.04844232207402723,0.019376928829610895,low_risk,[]
txn_001299,user_0057,2024-01-18 05:59:40.761121917,18.49,0.0,0.0,0.034165232931379255,0.013666093172551703,low_risk,[]
txn_001426,user_0057,2024-01-20 01:41:22.734877827,36.4,0.0,0.0,0.04986577015061589,0.01994630806024636,low_risk,[]
txn_001484,user_0057,2024-01-20 13:57:19.938316713,27.84,0.0,0.0,0.03509909348983804,0.014039637395935218,low_risk,[]
txn_001501,user_0057,2024-01-20 18:02:19.990802173,31.99,0.0,0.0,0.11525772583580504,0.04610309033432202,low_risk,[]
txn_001572,user_0057,2024-01-21 12:03:15.066787381,33.05,0.1,0.0,0.11220661206898082,0.07988264482759233,low_risk,['increasing_sequence']
txn_002021,user_0057,2024-01-27 16:51:02.973590662,22.71,0.0,0.0,0.024064658121002506,0.009625863248401003,low_risk,[]
txn_002421,user_0057,2024-02-02 02:06:53.117927203,33.14,0.0,0.0,0.030110886195195495,0.012044354478078199,low_risk,[]
txn_002791,user_0057,2024-02-06 17:23:54.409411429,26.7,0.0,0.0,0.016936029801530895,0.006774411920612358,low_risk,[]
txn_002917,user_0057,2024-02-08 09:50:47.750193165,28.54,0.0,0.0,0.02790005139906165,0.01116002055962466,low_risk,[]
txn_002919,user_0057,2024-02-08 11:18:48.079872996,23.44,0.0,0.0,0.02294870810460695,0.00917948324184278,low_risk,[]
txn_002965,user_0057,2024-02-09 00:14:04.431495377,28.85,0.0,0.0,0.08696374799501536,0.034785499198006144,low_risk,[]
txn_003302,user_0057,2024-02-13 12:09:59.730858314,32.49,0.1,0.0,0.04781225779576092,0.05412490311830437,low_risk,['increasing_sequence']
txn_003515,user_0057,2024-02-16 09:33:07.241520710,24.15,0.0,0.0,0.018576258419157395,0.007430503367662958,low_risk,[]
txn_004319,user_0057,2024-02-27 09:55:10.504039139,26.76,0.0,0.0,0.01901788166137569,0.007607152664550277,low_risk,[]
txn_000672,user_0058,2024-01-09 18:08:50.600276336,50.91,0.0,0.0,0.014456512913833278,0.005782605165533312,low_risk,[]
txn_000718,user_0058,2024-01-10 07:46:31.869747067,37.45,0.0,0.0,0.02360840566872391,0.009443362267489564,low_risk,[]
txn_000894,user_0058,2024-01-12 17:30:37.240995639,29.79,0.0,0.0,0.012973999887763195,0.005189599955105278,low_risk,[]
txn_000976,user_0058,2024-01-13 23:00:35.908827935,54.81,0.0,0.0,0.06309918900156956,0.02523967560062783,low_risk,[]
txn_001121,user_0058,2024-01-15 20:39:22.755577801,34.99,0.0,0.0,0.03407047176353096,0.013628188705412384,low_risk,[]
txn_001978,user_0058,2024-01-27 04:21:24.783490413,59.64,0.0,0.0,0.08655668487548002,0.03462267395019201,low_risk,[]
txn_002019,user_0058,2024-01-27 16:18:11.365990595,40.34,0.0,0.0,0.09019513693662519,0.03607805477465008,low_risk,[]
txn_002415,user_0058,2024-02-02 00:04:43.396328367,45.18,0.0,0.0,0.09869688361724656,0.03947875344689863,low_risk,[]
txn_002581,user_0058,2024-02-03 21:40:16.329371047,1893.13,0.7999999999999999,0.8,0.9999814778244542,0.8799925911297817,high_risk,"['jump_from_previous', 'high_vs_average', 'high_share_of_total', 'increasing_sequence']"
txn_003162,user_0058,2024-02-11 17:41:22.130642280,38.17,0.0,0.0,4.987704447546021e-05,1.9950817790184086e-05,low_risk,[]
txn_000117,user_0059,2024-01-02 16:25:14.941761952,91.69,0.0,0.0,0.01599508226562402,0.006398032906249608,low_risk,[]
txn_000157,user_0059,2024-01-03 05:45:43.358744116,45.96,0.0,0.0,0.016481122765230224,0.00659244910609209,low_risk,[]
txn_000233,user_0059,2024-01-04 06:12:24.470061906,83.04,0.0,0.0,0.05383765351754739,0.021535061407018958,low_risk,[]
txn_000338,user_0059,2024-01-05 11:28:00.007981712,69.64,0.0,0.0,0.11367000852910157,0.04546800341164063,low_risk,[]
txn_000504,user_0059,2024-01-07 15:27:56.887173634,76.91,0.0,0.0,0.09527311491893836,0.038109245967575346,low_risk,[]
txn_000645,user_0059,2024-01-09 07:18:00.110099990,120.48,0.1,0.0,0.6949694749914964,0.31298778999659854,low_risk,['increasing_sequence']
txn_000928,user_0059,2024-01-13 06:47:48.269194778,168.68,0.1,0.0037562535881243476,0.9782423215420244,0.4272359920138408,medium_risk,['increasing_sequence']
txn_000996,user_0059,2024-01-14 06:39:34.045704499,228.92,0.1,0.02206276660572821,0.9994025995871332,0.4402767314862853,medium_risk,['increasing_sequence']
txn_001102,user_0059,2024-01-15 17:16:22.250505510,301.21,0.1,0.036090904983508795,0.9996723901252846,0.4438916822959911,medium_risk,['increasing_sequence']
txn_001642,user_0059,2024-01-22 10:06:17.678019119,91.86,0.0,0.0,0.0005755748057195296,0.00023022992228781186,low_risk,[]
txn_001946,user_0059,2024-01-26 18:19:29.825395471,63.84,0.0,0.0,0.00019733883779284034,7.893553511713614e-05,low_risk,[]
txn_002058,user_0059,2024-01-28 04:43:55.012634904,98.23,0.0,0.0,0.0013582524087876744,0.0005433009635150697,low_risk,[]
txn_002089,user_0059,2024-01-28 16:17:40.856973658,67.96,0.0,0.0,0.0009052541109255054,0.0003621016443702022,low_risk,[]
txn_002175,user_0059,2024-01-29 22:21:27.421588640,51.14,0.0,0.0,0.00032263223141206073,0.0001290528925648243,low_risk,[]
txn_002971,user_0059,2024-02-09 01:16:32.642061886,107.32,0.0,0.003695737192021903,0.054448356633179124,0.022703276951277128,low_risk,[]
txn_003210,user_0059,2024-02-12 06:22:40.109923606,66.9,0.0,0.0,0.00019733883779284034,7.893553511713614e-05,low_risk,[]
txn_003634,user_0059,2024-02-18 01:32:58.671439055,92.53,0.0,0.0,0.005345090832281465,0.0021380363329125862,low_risk,[]
txn_003783,user_0059,2024-02-20 07:14:43.577334390,75.05,0.0,0.0,0.0010681171823455908,0.00042724687293823634,low_risk,[]
txn_004013,user_0059,2024-02-23 02:16:42.797948354,104.48,0.0,0.0,0.025964173184692112,0.010385669273876845,low_risk,[]
txn_004126,user_0059,2024-02-24 18:17:16.752004878,22.76,0.0,0.0,0.000475403475569045,0.000190161390227618,low_risk,[]
txn_004153,user_0059,2024-02-25 04:28:46.121238027,113.43,0.0,0.11189037785588751,0.1077521955397762,0.07107347267988237,low_risk,[]
txn_000698,user_0060,2024-01-10 01:19:28.011627565,111.69,0.0,0.0,0.003404759328166095,0.001361903731266438,low_risk,[]
txn_001132,user_0060,2024-01-15 23:44:51.108211024,132.99,0.0,0.0,0.03584586651296855,0.01433834660518742,low_risk,[]
txn_001291,user_0060,2024-01-18 01:03:19.140381369,103.03,0.0,0.0,0.0074093315644558275,0.002963732625782331,low_risk,[]
txn_001541,user_0060,2024-01-21 05:12:17.040467273,121.36,0.0,0.0,0.019502639476493496,0.007801055790597399,low_risk,[]
txn_001721,user_0060,2024-01-23 17:49:40.015192604,121.5,0.1,0.0,0.022985402439021682,0.04419416097560867,low_risk,['increasing_sequence']
txn_001927,user_0060,2024-01-26 15:29:25.756182036,118.1,0.0,0.0,0.009188360067839437,0.003675344027135775,low_risk,[]
txn_001980,user_0060,2024-01-27 05:03:22.920599065,106.48,0.0,0.0,0.006858684201583751,0.0027434736806335007,low_risk,[]
txn_002053,user_0060,2024-01-28 02:34:07.231838555,108.98,0.0,0.0,0.00557462027330746,0.002229848109322984,low_risk,[]
txn_002129,user_0060,2024-01-29 04:03:53.732332075,108.91,0.0,0.0,0.005394179923334433,0.0021576719693337733,low_risk,[]
txn_002232,user_0060,2024-01-30 16:34:54.943283371,135.36,0.0,0.0,0.006082532344715275,0.0024330129378861104,low_risk,[]
txn_002323,user_0060,2024-01-31 13:15:40.958030929,114.42,0.0,0.0,0.008068468863750552,0.0032273875455002213,low_risk,[]
txn_002910,user_0060,2024-02-08 06:36:36.717930668,108.32,0.0,0.0,0.00455502583228658,0.001822010332914632,low_risk,[]
txn_003132,user_0060,2024-02-11 07:53:03.650277715,143.39,0.0,0.0,0.003450009041507534,0.0013800036166030137,low_risk,[]
txn_003245,user_0060,2024-02-12 19:53:06.966426541,119.46,0.0,0.0,0.0078986799746643,0.00315947198986572,low_risk,[]
txn_003315,user_0060,2024-02-13 14:57:10.560106048,114.26,0.0,0.0,0.00559326854559015,0.00223730741823606,low_risk,[]
txn_003403,user_0060,2024-02-14 18:38:03.449185602,11737.1,0.7,0.8,0.9999467184017954,0.8449786873607181,high_risk,"['jump_from_previous', 'high_vs_average', 'high_share_of_total']"
txn_003511,user_0060,2024-02-16 08:27:16.538163594,119.3,0.0,0.0,4.987704447546021e-05,1.9950817790184086e-05,low_risk,[]
txn_003949,user_0060,2024-02-22 09:09:52.257572706,117.5,0.0,0.0,0.0001751704380946806,7.006817523787223e-05,low_risk,[]
txn_003992,user_0060,2024-02-22 20:21:22.430787849,115.25,0.0,0.0,0.00042203465895004015,0.00016881386358001606,low_risk,[]
txn_004102,user_0060,2024-02-24 08:03:12.293674497,97.62,0.0,0.0,0.0001751704380946806,7.006817523787223e-05,low_risk,[]
txn_004309,user_0060,2024-02-27 06:46:30.263320868,137.68,0.0,0.0,9.745218207163335e-05,3.8980872828653343e-05,low_risk,[]
txn_004322,user_0060,2024-02-27 10:57:42.297578312,111.21,0.0,0.0,4.987704447546021e-05,1.9950817790184086e-05,low_risk,[]
txn_000077,user_0061,2024-01-02 01:55:47.556950785,122.74,0.0,0.0,0.003404759328166095,0.001361903731266438,low_risk,[]
txn_000094,user_0061,2024-01-02 08:25:37.676903359,145.57,0.0,0.0,0.03762847452837763,0.015051389811351052,low_risk,[]
txn_000356,user_0061,2024-01-05 19:24:43.135968888,95.38,0.0,0.0,0.0069974038965548305,0.0027989615586219325,low_risk,[]
txn_000494,user_0061,2024-01-07 13:05:22.371704091,151.65,0.0,0.0,0.04005766405737672,0.01602306562295069,low_risk,[]
txn_000517,user_0061,2024-01-07 20:48:42.782128708,88.48,0.0,0.0,0.007804350127016168,0.0031217400508064676,low_risk,[]
txn_000624,user_0061,2024-01-09 04:30:17.091028590,85.94,0.0,0.0,0.0008259262415996295,0.0003303704966398518,low_risk,[]
txn_000732,user_0061,2024-01-10 10:46:31.192769945,102.52,0.0,0.0,0.006215958201233365,0.002486383280493346,low_risk,[]
txn_000923,user_0061,2024-01-13 04:09:51.064274389,98.75,0.0,0.0,0.0017472512963759023,0.000698900518550361,low_risk,[]
txn_000955,user_0061,2024-01-13 17:02:29.848200922,139.76,0.0,0.0,0.007543161830941374,0.00301726473237655,low_risk,[]
txn_001027,user_0061,2024-01-14 12:52:38.114737880,77.13,0.0,0.0,4.987704447546021e-05,1.9950817790184086e-05,low_risk,[]
txn_001411,user_0061,2024-01-19 20:26:39.769854294,107.67,0.0,0.0,0.00812681556787634,0.0032507262271505365,low_risk,[]
txn_001570,user_0061,2024-01-21 11:23:01.963329983,81.24,0.0,0.0,4.987704447546021e-05,1.9950817790184086e-05,low_risk,[]
txn_001755,user_0061,2024-01-24 07:29:28.189885366,117.85,0.0,0.0,0.004291821198559296,0.0017167284794237184,low_risk,[]
txn_001788,user_0061,2024-01-24 16:47:40.871934566,158.24,0.1,0.0,0.05303145798838621,0.05621258319535448,low_risk,['increasing_sequence']
txn_001858,user_0061,2024-01-25 16:03:37.866871554,103.2,0.0,0.0,0.011584542344794356,0.004633816937917742,low_risk,[]
txn_001966,user_0061,2024-01-27 00:58:00.243758228,139.43,0.0,0.0,0.003450009041507534,0.0013800036166030137,low_risk,[]
txn_002011,user_0061,2024-01-27 11:56:12.524499729,118.44,0.0,0.0,0.00797056044047187,0.0031882241761887484,low_risk,[]
txn_002039,user_0061,2024-01-27 23:40:30.706277088,122.69,0.0,0.0,0.0063865728338677805,0.0025546291335471123,low_risk,[]
txn_002117,user_0061,2024-01-29 00:03:27.066665565,105.52,0.0,0.0,0.004804820307219645,0.0019219281228878581,low_risk,[]
txn_002234,user_0061,2024-01-30 16:38:59.901816129,121.73,0.0,0.0,0.004286548897160205,0.001714619558864082,low_risk,[]
txn_002305,user_0061,2024-01-31 09:56:46.839119919,110.01,0.0,0.0,0.00805129059281221,0.003220516237124884,low_risk,[]
txn_002393,user_0061,2024-02-01 16:03:40.553432216,77.09,0.0,0.0,4.987704447546021e-05,1.9950817790184086e-05,low_risk,[]
txn_002418,user_0061,2024-02-02 01:22:18.013031414,83.27,0.0,0.0,0.00042203465895004015,0.00016881386358001606,low_risk,[]
txn_002626,user_0061,2024-02-04 12:01:17.975491123,116.7,0.1,0.0,0.0026136875975019593,0.03604547503900078,low_risk,['increasing_sequence']
txn_002726,user_0061,2024-02-05 22:46:12.488614676,130.91,0.1,0.0,0.004158377608770925,0.03666335104350837,low_risk,['increasing_sequence']
txn_002956,user_0061,2024-02-08 22:41:58.908982153,92.32,0.0,0.0,4.987704447546021e-05,1.9950817790184086e-05,low_risk,[]
txn_003057,user_0061,2024-02-10 04:03:05.295696339,110.34,0.0,0.0,0.0036515720055915685,0.0014606288022366274,low_risk,[]
txn_003141,user_0061,2024-02-11 10:54:02.089720928,116.19,0.1,0.0,0.003880234814202375,0.03655209392568095,low_risk,['increasing_sequence']
txn_003450,user_0061,2024-02-15 12:19:04.942808408,165.67,0.1,0.0,0.0356292334832656,0.049251693393306234,low_risk,['increasing_sequence']
txn_003552,user_0061,2024-02-16 23:18:54.403089884,153.32,0.0,0.0,0.03061573749772354,0.012246294999089417,low_risk,[]
txn_003678,user_0061,2024-02-18 18:26:05.005151603,133.6,0.0,0.0,0.011420511741150273,0.004568204696460109,low_risk,[]
txn_003779,user_0061,2024-02-20 06:41:26.755645407,16686.35,0.7,0.8,0.9999256086309871,0.8449702434523948,high_risk,"['jump_from_previous', 'high_vs_average', 'high_share_of_total']"
txn_003875,user_0061,2024-02-21 06:14:12.068045570,124.32,0.0,0.0,4.987704447546021e-05,1.9950817790184086e-05,low_risk,[]
txn_003975,user_0061,2024-02-22 16:21:43.749607203,116.81,0.0,0.0,0.0001751704380946806,7.006817523787223e-05,low_risk,[]
txn_004119,user_0061,2024-02-24 15:40:29.929647578,157.05,0.0,0.0,9.745218207163335e-05,3.8980872828653343e-05,low_risk,[]
txn_004142,user_0061,2024-02-24 23:59:25.233654685,93.36,0.0,0.0,4.987704447546021e-05,1.9950817790184086e-05,low_risk,[]
txn_004272,user_0061,2024-02-26 19:22:23.090091961,166.87,0.0,0.0,0.00046530566453676405,0.00018612226581470563,low_risk,[]
txn_000150,user_0062,2024-01-03 03:09:47.095062452,37.55,0.0,0.0,0.01568200213180472,0.006272800852721888,low_risk,[]
txn_000351,user_0062,2024-01-05 17:06:17.092507458,31.27,0.0,0.0,0.02999238521457516,0.011996954085830064,low_risk,[]
txn_000666,user_0062,2024-01-09 16:12:10.532817240,48.39,0.0,0.0,0.07513960262536368,0.03005584105014547,low_risk,[]
txn_000739,user_0062,2024-01-10 14:17:44.636245947,28.41,0.0,0.0,0.04684978148512847,0.01873991259405139,low_risk,[]
txn_001041,user_0062,2024-01-14 18:48:48.233960722,46.39,0.0,0.0,0.08178720607730529,0.03271488243092212,low_risk,[]
txn_001079,user_0062,2024-01-15 10:00:35.176447793,30.45,0.0,0.0,0.07579917744511885,0.030319670978047542,low_risk,[]
txn_001111,user_0062,2024-01-15 19:13:18.748925735,53.85,0.0,0.0,0.14507063619894292,0.05802825447957717,low_risk,[]
txn_001165,user_0062,2024-01-16 12:43:20.215871647,37.05,0.0,0.0,0.2358620423777285,0.09434481695109141,low_risk,[]
txn_001267,user_0062,2024-01-17 19:10:04.330217446,31.39,0.0,0.0,0.06588844780069295,0.02635537912027718,low_risk,[]
txn_001727,user_0062,2024-01-23 20:37:04.082947492,54.92,0.0,0.0,0.13526873465513983,0.05410749386205593,low_risk,[]
txn_002355,user_0062,2024-02-01 01:54:29.348920431,39.31,0.0,0.0,0.19600896795822123,0.07840358718328849,low_risk,[]
txn_002555,user_0062,2024-02-03 13:41:36.612819827,41.26,0.0,0.0,0.19805780422935879,0.07922312169174352,low_risk,[]
txn_003285,user_0062,2024-02-13 07:08:06.037595347,51.65,0.1,0.0,0.16394594450116315,0.10057837780046525,low_risk,['increasing_sequence']
txn_003792,user_0062,2024-02-20 09:25:08.281681335,49.67,0.0,0.0,0.20024156338704796,0.08009662535481919,low_risk,[]
txn_003825,user_0062,2024-02-20 17:55:53.784723926,560.66,0.5,0.6843056003282244,0.9999467184017954,0.7460550874427743,high_risk,"['jump_from_previous', 'high_vs_average']"
txn_003873,user_0062,2024-02-21 05:50:23.778345761,52.07,0.0,0.0,0.0012390689525842687,0.0004956275810337075,low_risk,[]
txn_003922,user_0062,2024-02-21 19:25:42.100647721,41.27,0.0,0.0,0.004836156762282326,0.0019344627049129306,low_risk,[]
txn_003958,user_0062,2024-02-22 12:37:51.835093348,45.95,0.0,0.0,0.005243874846774085,0.002097549938709634,low_risk,[]
txn_004049,user_0062,2024-02-23 12:55:15.487153960,44.54,0.0,0.0,0.0029829480900223355,0.0011931792360089343,low_risk,[]
txn_004166,user_0062,2024-02-25 09:06:30.458821578,38.87,0.0,0.0,0.0021542590467776117,0.0008617036187110448,low_risk,[]
txn_000014,user_0063,2024-01-01 04:08:04.876715510,68.96,0.0,0.0,0.017770599271241593,0.007108239708496638,low_risk,[]
txn_000052,user_0063,2024-01-01 18:03:02.526973214,43.74,0.0,0.0,0.035485359201324056,0.014194143680529623,low_risk,[]
txn_000275,user_0063,2024-01-04 15:04:03.167229091,30.26,0.0,0.0,0.03109818730655204,0.012439274922620817,low_risk,[]
txn_000920,user_0063,2024-01-13 02:17:20.024310490,40.55,0.0,0.0,0.0759167790414724,0.03036671161658896,low_risk,[]
txn_001099,user_0063,2024-01-15 16:38:13.940922428,35.21,0.0,0.0,0.04689693850149784,0.01875877540059914,low_risk,[]
txn_001182,user_0063,2024-01-16 18:35:46.549915928,33.94,0.0,0.0,0.05825445657978415,0.02330178263191366,low_risk,[]
txn_001205,user_0063,2024-01-17 00:26:21.735234562,59.6,0.0,0.0,0.1692633689087616,0.06770534756350464,low_risk,[]
txn_001231,user_0063,2024-01-17 09:36:32.782883393,40.33,0.0,0.0,0.4379591203449526,0.17518364813798104,low_risk,[]
txn_001930,user_0063,2024-01-26 16:11:44.727019900,32.8,0.0,0.0,0.08042334371915617,0.03216933748766247,low_risk,[]
txn_002640,user_0063,2024-02-04 18:21:18.873428112,74.26,0.0,0.009900914634146362,0.6746983315543723,0.27235456128028557,low_risk,[]
txn_002656,user_0063,2024-02-04 23:32:25.956090919,103.97,0.1,0.013096921570760367,0.9984218153034924,0.437642956514087,medium_risk,['increasing_sequence']
txn_002923,user_0063,2024-02-08 12:12:39.754145081,141.1,0.1,0.0376902877825485,0.999482578368025,0.44421560329284715,medium_risk,['increasing_sequence']
txn_003088,user_0063,2024-02-10 15:14:48.072828544,185.66,0.1,0.05807129072539447,0.9995055876031826,0.44932005772262174,medium_risk,['increasing_sequence']
txn_003180,user_0063,2024-02-11 23:55:21.025262050,56.65,0.0,0.0,0.014048310177386775,0.00561932407095471,low_risk,[]
txn_003591,user_0063,2024-02-17 13:09:08.311304155,49.22,0.0,0.0,0.0047342379196172275,0.001893695167846891,low_risk,[]
txn_003662,user_0063,2024-02-18 12:14:21.490377559,35.04,0.0,0.0,0.008562245485075394,0.003424898194030158,low_risk,[]
txn_003857,user_0063,2024-02-21 02:22:31.020101871,34.09,0.0,0.0,0.00446904300885303,0.0017876172035412121,low_risk,[]
txn_003993,user_0063,2024-02-22 20:25:08.415722008,33.67,0.0,0.0,0.006683493940865023,0.002673397576346009,low_risk,[]
txn_004112,user_0063,2024-02-24 14:06:03.199371438,39.58,0.0,0.0,0.009982990267918249,0.003993196107167299,low_risk,[]
txn_000266,user_0064,2024-01-04 12:39:25.605563411,63.11,0.0,0.0,0.011437445411292943,0.004574978164517177,low_risk,[]
txn_000556,user_0064,2024-01-08 08:14:56.382308512,94.44,0.0,0.0,0.06986029297265682,0.027944117189062728,low_risk,[]
txn_000559,user_0064,2024-01-08 09:21:04.477165059,63.93,0.0,0.0,0.022105754455275253,0.008842301782110101,low_risk,[]
txn_000717,user_0064,2024-01-10 06:48:08.692462015,59.14,0.0,0.0,0.020706735018549357,0.008282694007419744,low_risk,[]
txn_000730,user_0064,2024-01-10 10:34:34.089235079,65.0,0.0,0.0,0.0960698053099007,0.03842792212396028,low_risk,[]
txn_000774,user_0064,2024-01-11 00:11:16.756462591,59.54,0.0,0.0,0.15900529705865196,0.06360211882346078,low_risk,[]
txn_001054,user_0064,2024-01-15 01:06:32.143924255,63.69,0.0,0.0,0.07248469389474455,0.02899387755789782,low_risk,[]
txn_001263,user_0064,2024-01-17 18:23:36.818577750,72.2,0.1,0.0,0.075047190260062,0.06501887610402479,low_risk,['increasing_sequence']
txn_001394,user_0064,2024-01-19 16:23:52.471697512,74.55,0.1,0.0,0.07801372311903709,0.06620548924761484,low_risk,['increasing_sequence']
txn_001580,user_0064,2024-01-21 13:48:20.423715134,882.5,0.6,0.6614183499322954,0.9999814778244542,0.7753471786128555,high_risk,"['jump_from_previous', 'high_vs_average', 'increasing_sequence']"
txn_002049,user_0064,2024-01-28 01:32:13.357299912,51.04,0.0,0.0,0.00019733883779284034,7.893553511713614e-05,low_risk,[]
txn_002072,user_0064,2024-01-28 09:00:05.934269263,90.81,0.0,0.0,0.005523023598791194,0.0022092094395164776,low_risk,[]
txn_002080,user_0064,2024-01-28 12:13:06.295081699,62.44,0.0,0.0,0.0008608329846575795,0.0003443331938630318,low_risk,[]
txn_002155,user_0064,2024-01-29 12:42:11.543128478,31.91,0.0,0.0,4.987704447546021e-05,1.9950817790184086e-05,low_risk,[]
txn_002227,user_0064,2024-01-30 15:35:19.327660305,28.47,0.0,0.0,0.0011726099376778909,0.00046904397507115635,low_risk,[]
txn_002407,user_0064,2024-02-01 21:28:31.813810080,66.77,0.0,0.012947839831401475,0.01175220928218755,0.007937843670725388,low_risk,[]
txn_002539,user_0064,2024-02-03 09:36:16.536380382,57.19,0.0,0.0,0.00032263223141206073,0.0001290528925648243,low_risk,[]
txn_002547,user_0064,2024-02-03 11:27:08.262258244,69.0,0.0,0.0,0.0013067011501230802,0.0005226804600492321,low_risk,[]
txn_002759,user_0064,2024-02-06 08:36:26.108313299,70.78,0.1,0.0,0.0006898812144189015,0.03527595248576756,low_risk,['increasing_sequence']
txn_002844,user_0064,2024-02-07 09:07:40.885650743,78.09,0.1,0.0,0.0006898812144189015,0.03527595248576756,low_risk,['increasing_sequence']
txn_003287,user_0064,2024-02-13 07:22:38.018928866,54.32,0.0,0.0,0.00019733883779284034,7.893553511713614e-05,low_risk,[]
txn_003696,user_0064,2024-02-19 02:08:07.051625099,61.22,0.0,0.0,0.0008722275567534597,0.0003488910227013839,low_risk,[]
txn_003882,user_0064,2024-02-21 09:08:31.741845391,79.85,0.1,0.0,0.0006121629583958542,0.035244865183358336,low_risk,['increasing_sequence']
txn_004018,user_0064,2024-02-23 03:48:14.986272486,75.46,0.0,0.0,0.0006898812144189015,0.0002759524857675606,low_risk,[]
txn_004050,user_0064,2024-02-23 13:01:22.906910842,39.44,0.0,0.0,4.987704447546021e-05,1.9950817790184086e-05,low_risk,[]
txn_004250,user_0064,2024-02-26 12:40:13.708042973,62.77,0.0,0.0,0.0030470676101494354,0.0012188270440597743,low_risk,[]
txn_004431,user_0064,2024-02-28 18:05:29.430697788,18.48,0.0,0.0,0.005475403475569045,0.0021901613902276184,low_risk,[]
txn_001488,user_0065,2024-01-20 14:56:03.396641527,72.56,0.0,0.0,0.020059416963506983,0.008023766785402793,low_risk,[]
txn_001705,user_0065,2024-01-23 11:42:59.378317646,77.33,0.0,0.0,0.0837356619859598,0.03349426479438392,low_risk,[]
txn_002527,user_0065,2024-02-03 07:57:10.750436650,50.91,0.0,0.0,0.018432651688592726,0.007373060675437091,low_risk,[]
txn_002649,user_0065,2024-02-04 21:47:56.389784071,78.31,0.0,0.0,0.12144545367314757,0.04857818146925903,low_risk,[]
txn_002884,user_0065,2024-02-07 21:47:39.216287817,107.21,0.1,0.0,0.5013659128298793,0.23554636513195173,low_risk,['increasing_sequence']
txn_003247,user_0065,2024-02-12 20:39:09.454147589,80.5,0.0,0.0,0.11462722621373328,0.04585089048549332,low_risk,[]
txn_003512,user_0065,2024-02-16 08:40:40.632288781,957.71,0.7,0.7770533251917412,0.9999467184017954,0.8392420186586534,high_risk,"['jump_from_previous', 'high_vs_average', 'high_share_of_total']"
txn_003829,user_0065,2024-02-20 18:36:56.315930189,65.76,0.0,0.0,0.0020353449206620584,0.0008141379682648234,low_risk,[]
txn_000064,user_0066,2024-01-01 21:33:53.541175303,41.35,0.0,0.0,0.014634020809003397,0.005853608323601359,low_risk,[]
txn_000138,user_0066,2024-01-03 00:05:58.368520532,66.64,0.0,0.0,0.06926864786856846,0.027707459147427383,low_risk,[]
txn_000246,user_0066,2024-01-04 08:31:05.528854068,23.06,0.0,0.0,0.02267870525488816,0.009071482101955264,low_risk,[]
txn_000750,user_0066,2024-01-10 17:45:01.205014269,39.61,0.0,0.0,0.06456189357975284,0.025824757431901137,low_risk,[]
txn_001158,user_0066,2024-01-16 10:45:23.926496669,54.02,0.1,0.0,0.10514674296291618,0.07705869718516647,low_risk,['increasing_sequence']
txn_001555,user_0066,2024-01-21 08:31:17.823712836,67.28,0.1,0.0,0.15951084454426145,0.09880433781770459,low_risk,['increasing_sequence']
txn_001816,user_0066,2024-01-25 01:02:12.519127096,48.98,0.0,0.0,0.21461845189142603,0.08584738075657042,low_risk,[]
txn_002205,user_0066,2024-01-30 09:26:18.313692914,36.57,0.0,0.0,0.04984542239975728,0.019938168959902913,low_risk,[]
txn_002224,user_0066,2024-01-30 15:14:47.014320555,39.34,0.0,0.0,0.07618086011306924,0.030472344045227695,low_risk,[]
txn_002549,user_0066,2024-02-03 11:59:36.949356313,55.74,0.1,0.0,0.09309066353411907,0.07223626541364762,low_risk,['increasing_sequence']
txn_002624,user_0066,2024-02-04 11:05:40.147516605,66.14,0.1,0.0,0.16501132872374946,0.10100453148949978,low_risk,['increasing_sequence']
txn_002740,user_0066,2024-02-06 01:45:14.801783937,29.7,0.0,0.0,0.03426684955077695,0.01370673982031078,low_risk,[]
txn_002825,user_0066,2024-02-07 02:29:58.238116435,36.68,0.0,0.0,0.028516241076871594,0.011406496430748638,low_risk,[]
txn_002831,user_0066,2024-02-07 04:45:28.008315545,63.03,0.1,0.0,0.10094801651397707,0.07537920660559083,low_risk,['increasing_sequence']
txn_002903,user_0066,2024-02-08 04:05:15.301114564,37.81,0.0,0.0,0.06662329414032325,0.026649317656129302,low_risk,[]
txn_003004,user_0066,2024-02-09 11:51:57.745324774,30.04,0.0,0.0,0.010293460611379882,0.0041173842445519524,low_risk,[]
txn_003197,user_0066,2024-02-12 03:01:50.077849568,37.37,0.0,0.0,0.020527882459070012,0.008211152983628005,low_risk,[]
txn_003290,user_0066,2024-02-13 08:52:21.710426280,42.55,0.1,0.0,0.09787696541165616,0.07415078616466247,low_risk,['increasing_sequence']
txn_003392,user_0066,2024-02-14 16:21:19.022045941,58.02,0.1,0.0,0.07643717168717155,0.06557486867486861,low_risk,['increasing_sequence']
txn_003911,user_0066,2024-02-21 16:11:18.758179094,49.26,0.0,0.0,0.10256387822598066,0.041025551290392266,low_risk,[]
txn_004068,user_0066,2024-02-23 17:56:38.671651124,57.87,0.0,0.0,0.08375661807535967,0.033502647230143866,low_risk,[]
txn_004230,user_0066,2024-02-26 04:29:21.541848805,20.3,0.0,0.0,0.025257453611132342,0.010102981444452937,low_risk,[]
txn_004381,user_0066,2024-02-28 03:29:05.595872825,41.84,0.0,0.002290640394088672,0.109597929427639,0.04441183186957777,low_risk,[]
txn_004404,user_0066,2024-02-28 10:12:40.268112667,51.06,0.1,0.0,0.11509930178950388,0.08103972071580155,low_risk,['increasing_sequence']
txn_004447,user_0066,2024-02-29 00:04:01.148498747,575.09,0.6,0.6553774084579984,0.9999814778244542,0.7738369432442813,high_risk,"['jump_from_previous', 'high_vs_average', 'increasing_sequence']"
txn_004473,user_0066,2024-02-29 10:27:39.663898990,29.87,0.0,0.0,0.008959154328128077,0.003583661731251231,low_risk,[]
txn_000308,user_0067,2024-01-05 01:42:08.090574311,37.71,0.0,0.0,0.007983183327326575,0.00319327333093063,low_risk,[]
txn_000786,user_0067,2024-01-11 03:24:44.420461444,51.41,0.0,0.0,0.03911297015802001,0.015645188063208006,low_risk,[]
txn_001086,user_0067,2024-01-15 11:43:42.393756538,36.09,0.0,0.0,0.025175134949144334,0.010070053979657734,low_risk,[]
txn_001174,user_0067,2024-01-16 15:08:42.228518087,52.36,0.0,0.0,0.038449290538792216,0.015379716215516887,low_risk,[]
txn_001226,user_0067,2024-01-17 05:59:19.052172727,22.29,0.0,0.0,0.04096577507770953,0.016386310031083814,low_risk,[]
txn_001270,user_0067,2024-01-17 19:37:05.597398100,22.93,0.0,0.0,0.03558090223105556,0.014232360892422226,low_risk,[]
txn_001386,user_0067,2024-01-19 12:54:58.107849893,28.91,0.1,0.0,0.04338917961088196,0.05235567184435278,low_risk,['increasing_sequence']
txn_001523,user_0067,2024-01-21 00:44:37.628466176,47.01,0.1,0.0,0.05403726427323179,0.056614905709292715,low_risk,['increasing_sequence']
txn_001605,user_0067,2024-01-21 23:01:23.564423711,41.95,0.0,0.0,0.08625183238211215,0.03450073295284486,low_risk,[]
txn_001896,user_0067,2024-01-26 04:58:45.423495612,30.79,0.0,0.0,0.05282744459788755,0.021130977839155022,low_risk,[]
txn_002226,user_0067,2024-01-30 15:28:02.871425891,32.78,0.0,0.0,0.0859781706179289,0.03439126824717156,low_risk,[]
txn_002318,user_0067,2024-01-31 12:33:25.637075849,57.11,0.1,0.0,0.0594686001086021,0.05878744004344084,low_risk,['increasing_sequence']
txn_002488,user_0067,2024-02-02 21:54:53.477900456,51.0,0.0,0.0,0.07511574947768868,0.03004629979107547,low_risk,[]
txn_002574,user_0067,2024-02-03 19:23:45.867587903,46.06,0.0,0.0,0.07412743632521827,0.02965097453008731,low_risk,[]
txn_002619,user_0067,2024-02-04 10:25:14.673876396,51.54,0.0,0.0,0.08095092807238034,0.03238037122895214,low_risk,[]
txn_002705,user_0067,2024-02-05 16:10:44.167326399,32.24,0.0,0.0,0.035103168195264774,0.01404126727810591,low_risk,[]
txn_002713,user_0067,2024-02-05 19:04:33.080691431,31.31,0.0,0.0,0.020958081045670648,0.00838323241826826,low_risk,[]
txn_002938,user_0067,2024-02-08 15:17:57.995221994,40.54,0.0,0.0,0.039393231054061895,0.01575729242162476,low_risk,[]
txn_002981,user_0067,2024-02-09 05:00:47.350084144,30.29,0.0,0.0,0.03517631918870965,0.014070527675483861,low_risk,[]
txn_003168,user_0067,2024-02-11 19:29:34.336736555,29.3,0.0,0.0,0.018052811728965768,0.007221124691586308,low_risk,[]
txn_003218,user_0067,2024-02-12 09:43:04.657369902,24.23,0.0,0.0,0.012029445702669419,0.004811778281067768,low_risk,[]
txn_003223,user_0067,2024-02-12 11:50:07.194439031,40.88,0.0,0.0,0.07523746354455722,0.030094985417822892,low_risk,[]
txn_003293,user_0067,2024-02-13 09:13:20.517501736,11.55,0.0,0.0,0.07164630438643654,0.028658521754574617,low_risk,[]
txn_003372,user_0067,2024-02-14 09:25:06.322653932,19.37,0.0,0.0,0.010859077041884206,0.004343630816753682,low_risk,[]
txn_003417,user_0067,2024-02-14 23:36:47.147049695,40.0,0.1,0.0024393391843056168,0.05161583947669178,0.05625617058675311,low_risk,['increasing_sequence']
txn_003421,user_0067,2024-02-15 01:41:31.926651274,4973.62,0.7999999999999999,0.8,0.9999814778244542,0.8799925911297817,high_risk,"['jump_from_previous', 'high_vs_average', 'high_share_of_total', 'increasing_sequence']"
txn_003584,user_0067,2024-02-17 11:02:29.630661943,41.85,0.0,0.0,4.987704447546021e-05,1.9950817790184086e-05,low_risk,[]
txn_004016,user_0067,2024-02-23 03:28:22.853944345,35.97,0.0,0.0,0.0007470835065843059,0.0002988334026337224,low_risk,[]
txn_004100,user_0067,2024-02-24 07:59:15.899089419,27.03,0.0,0.0,0.0014759353097153702,0.0005903741238861481,low_risk,[]
txn_004124,user_0067,2024-02-24 17:28:38.233400689,33.05,0.0,0.0,0.0011815570999539268,0.00047262283998157075,low_risk,[]
txn_004408,user_0067,2024-02-28 11:39:12.385100443,33.43,0.1,0.0,0.0005398952928453811,0.03521595811713815,low_risk,['increasing_sequence']
txn_000005,user_0068,2024-01-01 01:22:32.448467323,144.16,0.0,0.0,0.023995204101104613,0.009598081640441847,low_risk,[]
txn_000439,user_0068,2024-01-07 00:39:22.897255878,94.73,0.0,0.0,0.01728393412708996,0.006913573650835985,low_risk,[]
txn_000947,user_0068,2024-01-13 14:17:03.016271295,96.65,0.0,0.0,0.03197318952070842,0.012789275808283368,low_risk,[]
txn_001039,user_0068,2024-01-14 17:39:52.686012384,105.54,0.1,0.0,0.05549224211752926,0.0571968968470117,low_risk,['increasing_sequence']
txn_001139,user_0068,2024-01-16 01:31:43.674529088,109.27,0.1,0.0,0.07819766196364715,0.06627906478545886,low_risk,['increasing_sequence']
txn_002375,user_0068,2024-02-01 07:56:04.821461137,963.53,0.7999999999999999,0.6950210925791159,0.9999814778244542,0.8537478642745606,high_risk,"['jump_from_previous', 'high_vs_average', 'high_share_of_total', 'increasing_sequence']"
txn_002732,user_0068,2024-02-05 23:34:13.089466248,90.55,0.0,0.0,0.0005755748057195296,0.00023022992228781186,low_risk,[]
txn_002792,user_0068,2024-02-06 17:26:41.235784261,68.34,0.0,0.0,0.0012834900788521947,0.0005133960315408779,low_risk,[]
txn_004083,user_0068,2024-02-23 23:33:27.224793380,84.29,0.0,0.0,0.0010681171823455908,0.00042724687293823634,low_risk,[]
txn_000051,user_0069,2024-01-01 17:45:50.676504682,18.61,0.0,0.0,0.026205918683861972,0.01048236747354479,low_risk,[]
txn_000284,user_0069,2024-01-04 17:02:01.332258441,38.93,0.0,0.008040032240730799,0.1306595436922522,0.05427382553708358,low_risk,[]
txn_000652,user_0069,2024-01-09 10:07:11.431551835,20.66,0.0,0.0,0.08824173303353545,0.035296693213414186,low_risk,[]
txn_000791,user_0069,2024-01-11 05:34:22.388192885,428.52,0.7,0.785087146811834,0.9999467184017954,0.8412504740636766,high_risk,"['jump_from_previous', 'high_vs_average', 'high_share_of_total']"
txn_001232,user_0069,2024-01-17 09:36:51.685291642,14.44,0.0,0.0,0.017809425252186744,0.007123770100874698,low_risk,[]
txn_001714,user_0069,2024-01-23 14:32:47.755202275,21.86,0.0,0.0,0.024501594837175775,0.00980063793487031,low_risk,[]
txn_001845,user_0069,2024-01-25 09:33:26.923703127,20.8,0.0,0.0,0.02511571015978982,0.010046284063915929,low_risk,[]
txn_002660,user_0069,2024-02-05 00:59:29.793082955,29.73,0.0,0.0,0.021728178319160883,0.008691271327664353,low_risk,[]
txn_003671,user_0069,2024-02-18 14:42:07.891945407,53.06,0.1,0.0,0.030117496095858648,0.04704699843834346,low_risk,['increasing_sequence']
txn_000043,user_0070,2024-01-01 14:45:11.948227957,162.57,0.0,0.0,0.033784239336292494,0.013513695734516998,low_risk,[]
txn_001059,user_0070,2024-01-15 02:17:47.682789969,132.94,0.0,0.0,0.03645158227226228,0.014580632908904913,low_risk,[]
txn_001185,user_0070,2024-01-16 19:25:28.494615270,167.87,0.0,0.0,0.08396806989357555,0.03358722795743022,low_risk,[]
txn_001530,user_0070,2024-01-21 03:01:39.571479350,181.53,0.1,0.0,0.09339972260803478,0.07235988904321392,low_risk,['increasing_sequence']
txn_001557,user_0070,2024-01-21 08:49:30.855438460,195.64,0.1,0.0,0.09058070156606235,0.07123228062642493,low_risk,['increasing_sequence']
txn_002163,user_0070,2024-01-29 17:35:16.506478746,146.94,0.0,0.0,0.007525154830987095,0.003010061932394838,low_risk,[]
txn_002618,user_0070,2024-02-04 10:14:39.392778099,161.21,0.0,0.0,0.02413621434975101,0.009654485739900404,low_risk,[]
txn_003079,user_0070,2024-02-10 13:39:24.325055219,2202.26,0.7999999999999999,0.7565173124838904,0.999832430008223,0.8690623001242618,high_risk,"['jump_from_previous', 'high_vs_average', 'high_share_of_total', 'increasing_sequence']"
txn_003493,user_0070,2024-02-16 03:24:33.436420729,166.32,0.0,0.0,0.0020353449206620584,0.0008141379682648234,low_risk,[]
txn_003772,user_0070,2024-02-20 05:12:30.678262528,207.2,0.0,0.0,0.0009650765152961364,0.00038603060611845457,low_risk,[]
txn_000593,user_0071,2024-01-08 19:52:23.803940267,19.47,0.0,0.0,0.028282638886385433,0.011313055554554174,low_risk,[]
txn_000621,user_0071,2024-01-09 03:47:45.318072967,23.53,0.0,0.0,0.07721857497658079,0.030887429990632317,low_risk,[]
txn_001049,user_0071,2024-01-14 23:07:59.987659259,258.13,0.7999999999999999,0.7444755092723438,0.9848495767475376,0.8600587080171009,high_risk,"['jump_from_previous', 'high_vs_average', 'high_share_of_total', 'increasing_sequence']"
txn_001368,user_0071,2024-01-19 06:37:07.485284563,22.63,0.0,0.0,0.04619647897802837,0.01847859159121135,low_risk,[]
txn_001388,user_0071,2024-01-19 13:33:01.115282671,17.17,0.0,0.0,0.09124875318762324,0.0364995012750493,low_risk,[]
txn_001901,user_0071,2024-01-26 08:11:04.311297864,23.5,0.0,0.0,0.037262292983100874,0.014904917193240351,low_risk,[]
txn_002043,user_0071,2024-01-28 00:46:40.834264800,21.29,0.0,0.0,0.05731316235488046,0.022925264941952184,low_risk,[]
txn_003040,user_0071,2024-02-09 22:26:43.874366956,16.17,0.0,0.0,0.09194119161657756,0.03677647664663102,low_risk,[]
txn_003084,user_0071,2024-02-10 14:33:18.001603216,18.92,0.0,0.0,0.08277396522649097,0.03310958609059639,low_risk,[]
txn_003236,user_0071,2024-02-12 16:22:54.240252870,17.37,0.0,0.0,0.05484354133932061,0.021937416535728244,low_risk,[]
txn_003854,user_0071,2024-02-21 01:48:46.791688177,21.79,0.0,0.0,0.06183928958607494,0.024735715834429975,low_risk,[]
txn_000029,user_0072,2024-01-01 08:15:08.989296820,17.74,0.0,0.0,0.015850186635604405,0.0063400746542417626,low_risk,[]
txn_000090,user_0072,2024-01-02 07:23:55.968014215,24.46,0.0,0.0,0.05525378444644009,0.02210151377857604,low_risk,[]
txn_000304,user_0072,2024-01-05 00:54:11.306638310,22.76,0.0,0.0,0.10237871252848985,0.04095148501139594,low_risk,[]
txn_000522,user_0072,2024-01-07 22:17:58.768861367,21.84,0.0,0.0,0.10528114372033132,0.042112457488132526,low_risk,[]
txn_001167,user_0072,2024-01-16 12:44:53.640565433,27.74,0.0,0.0,0.07440976420523937,0.029763905682095748,low_risk,[]
txn_001176,user_0072,2024-01-16 15:14:53.347391743,31.81,0.1,0.0,0.11890606037179026,0.0825624241487161,low_risk,['increasing_sequence']
txn_001474,user_0072,2024-01-20 12:08:02.957412657,36.39,0.1,0.0,0.13573934861923065,0.08929573944769226,low_risk,['increasing_sequence']
txn_001641,user_0072,2024-01-22 09:49:54.655058935,25.29,0.0,0.0,0.14433883566318773,0.05773553426527509,low_risk,[]
txn_001648,user_0072,2024-01-22 12:05:28.670641275,25.81,0.0,0.0,0.21144080346158337,0.08457632138463335,low_risk,[]
txn_001826,user_0072,2024-01-25 04:01:29.759231750,24.38,0.0,0.0,0.24401692288316051,0.09760676915326422,low_risk,[]
txn_001979,user_0072,2024-01-27 04:26:22.066489154,19.27,0.0,0.0,0.09954814138331948,0.0398192565533278,low_risk,[]
txn_002289,user_0072,2024-01-31 05:24:02.940017974,33.9,0.0,0.0,0.17571832417479644,0.07028732966991857,low_risk,[]
txn_002419,user_0072,2024-02-02 01:45:17.305453850,27.76,0.0,0.0,0.24378684560875843,0.09751473824350337,low_risk,[]
txn_002475,user_0072,2024-02-02 17:17:04.204106591,39.73,0.0,0.0,0.2134311316517179,0.08537245266068716,low_risk,[]
txn_002960,user_0072,2024-02-08 23:15:29.152433044,27.84,0.0,0.0,0.2594008496295037,0.1037603398518015,low_risk,[]
txn_003135,user_0072,2024-02-11 09:30:49.113508985,28.68,0.0,0.0,0.21653976498630467,0.08661590599452187,low_risk,[]
txn_003352,user_0072,2024-02-14 03:02:28.620674869,30.24,0.1,0.0,0.20870960144942782,0.11848384057977113,low_risk,['increasing_sequence']
txn_004162,user_0072,2024-02-25 08:09:35.092706545,240.04,0.6,0.5758023169056863,0.9999038498752908,0.7539121191765379,high_risk,"['jump_from_previous', 'high_vs_average', 'increasing_sequence']"
txn_004398,user_0072,2024-02-28 09:12:26.427834473,15.52,0.0,0.0,0.06265108663157658,0.025060434652630633,low_risk,[]
txn_000210,user_0073,2024-01-03 22:21:29.756633726,49.1,0.0,0.0,0.008083143367266558,0.0032332573469066235,low_risk,[]
txn_000217,user_0073,2024-01-04 01:22:25.422243099,65.97,0.0,0.0,0.04080339507141198,0.016321358028564794,low_risk,[]
txn_000900,user_0073,2024-01-12 19:36:53.007545907,40.69,0.0,0.0,0.01291711724177107,0.005166846896708429,low_risk,[]
txn_001308,user_0073,2024-01-18 09:26:38.427021255,50.66,0.0,0.0,0.04142575576767145,0.01657030230706858,low_risk,[]
txn_002036,user_0073,2024-01-27 21:33:22.076828361,65.36,0.1,0.0,0.06653321604422727,0.061613286417690906,low_risk,['increasing_sequence']
txn_002112,user_0073,2024-01-28 22:14:04.364664395,56.93,0.0,0.0,0.06371942640170086,0.025487770560680346,low_risk,[]
txn_002174,user_0073,2024-01-29 22:09:58.512680344,50.61,0.0,0.0,0.08495023748602235,0.03398009499440894,low_risk,[]
txn_002346,user_0073,2024-01-31 20:04:17.632828482,57.76,0.0,0.0,0.04907990501513462,0.01963196200605385,low_risk,[]
txn_002422,user_0073,2024-02-02 02:07:41.767835815,60.95,0.1,0.0,0.043432087532373716,0.05237283501294948,low_risk,['increasing_sequence']
txn_002439,user_0073,2024-02-02 06:17:47.826518555,48.23,0.0,0.0,0.07761371119038904,0.031045484476155617,low_risk,[]
txn_002598,user_0073,2024-02-04 03:25:12.572789328,57.17,0.0,0.0,0.0378856073364297,0.01515424293457188,low_risk,[]
txn_002738,user_0073,2024-02-06 01:22:11.250709187,60.81,0.1,0.0,0.030013093691976456,0.04700523747679058,low_risk,['increasing_sequence']
txn_002785,user_0073,2024-02-06 15:39:24.537675477,70.99,0.1,0.0,0.050957656050194415,0.05538306242007776,low_risk,['increasing_sequence']
txn_003205,user_0073,2024-02-12 05:09:56.341212078,26.24,0.0,0.0,0.024561482852180728,0.009824593140872293,low_risk,[]
txn_003238,user_0073,2024-02-12 16:54:03.204922504,32.12,0.0,0.0,0.007294119206524812,0.002917647682609925,low_risk,[]
txn_003564,user_0073,2024-02-17 04:55:42.441257934,2618.79,0.7999999999999999,0.8,0.9949814778244543,0.8779925911297817,high_risk,"['jump_from_previous', 'high_vs_average', 'high_share_of_total', 'increasing_sequence']"
txn_003707,user_0073,2024-02-19 04:53:34.305911210,23.69,0.0,0.0,0.000475403475569045,0.000190161390227618,low_risk,[]
txn_003832,user_0073,2024-02-20 18:57:11.874977617,50.42,0.0,0.004812157028281977,0.00025476335133509814,0.0013049445976045335,low_risk,[]
txn_003871,user_0073,2024-02-21 04:54:43.364184112,37.89,0.0,0.0,0.0011201576172407055,0.0004480630468962822,low_risk,[]
txn_003977,user_0073,2024-02-22 17:53:58.221727769,42.32,0.0,0.0,0.0007470835065843059,0.0002988334026337224,low_risk,[]
txn_004109,user_0073,2024-02-24 11:34:47.457643912,48.16,0.1,0.0,0.0005398952928453811,0.03521595811713815,low_risk,['increasing_sequence']
txn_004456,user_0073,2024-02-29 05:33:50.486365941,45.46,0.0,0.0,0.00038235865183360555,0.00015294346073344223,low_risk,[]
txn_000154,user_0074,2024-01-03 05:03:58.386522515,26.45,0.0,0.0,0.019623477377710617,0.007849390951084247,low_risk,[]
txn_000155,user_0074,2024-01-03 05:04:11.854589759,37.42,0.0,0.0,0.07672948998903281,0.030691795995613128,low_risk,[]
txn_000236,user_0074,2024-01-04 06:23:39.175612610,32.93,0.0,0.0,0.06799874328468117,0.02719949731387247,low_risk,[]
txn_000592,user_0074,2024-01-08 19:19:10.743396138,28.19,0.0,0.0,0.04405511009715759,0.017622044038863038,low_risk,[]
txn_000601,user_0074,2024-01-08 22:17:09.152236058,30.78,0.0,0.0,0.08393166846720242,0.033572667386880965,low_risk,[]
txn_000952,user_0074,2024-01-13 16:37:20.088684189,437.3,0.6,0.6575081559977045,0.9999814778244542,0.7743696301292078,high_risk,"['jump_from_previous', 'high_vs_average', 'increasing_sequence']"
txn_001188,user_0074,2024-01-16 20:36:55.452083820,24.0,0.0,0.0,0.0077633678235961125,0.0031053471294384453,low_risk,[]
txn_001254,user_0074,2024-01-17 14:34:53.584764563,26.21,0.0,0.0,0.013197773952148101,0.005279109580859241,low_risk,[]
txn_001293,user_0074,2024-01-18 02:28:34.611831988,23.64,0.0,0.0,0.013667436678789455,0.0054669746715157825,low_risk,[]
txn_001408,user_0074,2024-01-19 20:16:14.739436499,36.65,0.0,0.0,0.003744956626521247,0.0014979826506084988,low_risk,[]
txn_001560,user_0074,2024-01-21 09:19:57.518048431,23.39,0.0,0.0,0.01046679240524851,0.004186716962099404,low_risk,[]
txn_001603,user_0074,2024-01-21 22:56:52.667426097,34.26,0.0,0.0,0.00614051043683588,0.002456204174734352,low_risk,[]
txn_001660,user_0074,2024-01-22 16:05:22.441205306,29.74,0.0,0.0,0.0056913257226931776,0.002276530289077271,low_risk,[]
txn_001760,user_0074,2024-01-24 08:13:40.678720015,24.54,0.0,0.0,0.003474524010014414,0.0013898096040057656,low_risk,[]
txn_001778,user_0074,2024-01-24 13:45:00.265425764,25.25,0.0,0.0,0.004000159748746749,0.0016000638994986998,low_risk,[]
txn_001923,user_0074,2024-01-26 13:56:55.220651067,27.55,0.1,0.0,0.008422143673349824,0.03836885746933993,low_risk,['increasing_sequence']
txn_001940,user_0074,2024-01-26 17:24:40.970477708,26.88,0.0,0.0,0.010686538003720977,0.004274615201488391,low_risk,[]
txn_002158,user_0074,2024-01-29 14:29:50.379883999,20.65,0.0,0.0,0.004494950417042473,0.0017979801668169893,low_risk,[]
txn_002197,user_0074,2024-01-30 07:04:57.799218256,28.81,0.0,0.0,0.0081111698154541,0.00324446792618164,low_risk,[]
txn_002435,user_0074,2024-02-02 05:01:58.431831933,33.11,0.1,0.0,0.013501495552115701,0.040400598220846275,low_risk,['increasing_sequence']
txn_002480,user_0074,2024-02-02 19:24:58.645120860,28.24,0.0,0.0,0.007834712203315365,0.003133884881326146,low_risk,[]
txn_002927,user_0074,2024-02-08 13:01:41.816893826,29.98,0.0,0.0,0.010663803321472825,0.00426552132858913,low_risk,[]
txn_003002,user_0074,2024-02-09 11:28:31.111938562,23.82,0.0,0.0,0.008073247759705691,0.0032292991038822766,low_risk,[]
txn_003333,user_0074,2024-02-13 20:13:13.088993710,27.33,0.0,0.0,0.008748965700431467,0.0034995862801725872,low_risk,[]
txn_003974,user_0074,2024-02-22 16:12:53.007177794,25.34,0.0,0.0,0.007766208507757905,0.003106483403103162,low_risk,[]
txn_004015,user_0074,2024-02-23 03:19:11.384720925,36.16,0.0,0.0,0.02851285285516535,0.01140514114206614,low_risk,[]
txn_004087,user_0074,2024-02-24 02:29:35.670725182,40.06,0.1,0.0,0.11023812319517919,0.07909524927807168,low_risk,['increasing_sequence']
txn_004089,user_0074,2024-02-24 02:45:35.980225827,35.74,0.0,0.0,0.10981966011298434,0.04392786404519374,low_risk,[]
txn_004201,user_0074,2024-02-25 19:32:54.622872206,15.61,0.0,0.0,0.018676576917561295,0.007470630767024518,low_risk,[]
txn_004376,user_0074,2024-02-28 01:59:12.668143804,32.04,0.0,0.0019698910954516367,0.041483790909055865,0.017085989137485255,low_risk,[]
txn_000040,user_0075,2024-01-01 13:54:53.270693126,32.35,0.0,0.0,0.007983183327326575,0.00319327333093063,low_risk,[]
txn_000205,user_0075,2024-01-03 21:38:56.737416401,83.86,0.0,0.051823802163833026,0.04907493237171806,0.03258592348964548,low_risk,[]
txn_000391,user_0075,2024-01-06 08:54:26.114137763,67.5,0.0,0.0,0.0280444561412791,0.01121778245651164,low_risk,[]
txn_000611,user_0075,2024-01-09 01:15:21.968840608,41.58,0.0,0.0,0.009458956112416067,0.003783582444966427,low_risk,[]
txn_000712,user_0075,2024-01-10 05:51:48.880475276,3159.35,0.7,0.8,0.9999467184017954,0.8449786873607181,high_risk,"['jump_from_previous', 'high_vs_average', 'high_share_of_total']"
txn_001019,user_0075,2024-01-14 10:11:22.641865519,42.4,0.0,0.0,4.987704447546021e-05,1.9950817790184086e-05,low_risk,[]
txn_001077,user_0075,2024-01-15 09:29:47.440157889,65.86,0.0,0.0,0.0014716923263960102,0.0005886769305584041,low_risk,[]
txn_001409,user_0075,2024-01-19 20:23:59.716128925,35.04,0.0,0.0,4.987704447546021e-05,1.9950817790184086e-05,low_risk,[]
txn_001644,user_0075,2024-01-22 11:09:49.280956081,34.93,0.0,0.0,0.0007470835065843059,0.0002988334026337224,low_risk,[]
txn_001690,user_0075,2024-01-23 03:58:15.492167229,45.18,0.0,0.0,0.001559186629247224,0.0006236746516988896,low_risk,[]
txn_001885,user_0075,2024-01-26 02:28:51.451375592,49.98,0.1,0.0,0.0001751704380946806,0.03507006817523787,low_risk,['increasing_sequence']
txn_001967,user_0075,2024-01-27 01:10:27.298124172,39.12,0.0,0.0,0.0011201576172407055,0.0004480630468962822,low_risk,[]
txn_002140,user_0075,2024-01-29 08:40:07.678802135,48.1,0.0,0.0,0.0007470835065843059,0.0002988334026337224,low_risk,[]
txn_002200,user_0075,2024-01-30 08:22:30.428625737,54.07,0.1,0.0,0.0006096440314643012,0.035243857612585715,low_risk,['increasing_sequence']
txn_002444,user_0075,2024-02-02 07:25:04.215746703,51.16,0.0,0.0,0.0001751704380946806,7.006817523787223e-05,low_risk,[]
txn_002747,user_0075,2024-02-06 04:34:40.091061681,44.29,0.0,0.0,0.00038235865183360555,0.00015294346073344223,low_risk,[]
txn_002926,user_0075,2024-02-08 12:51:06.183115714,49.13,0.0,0.0,0.00038235865183360555,0.00015294346073344223,low_risk,[]
txn_002984,user_0075,2024-02-09 05:35:54.655118725,41.0,0.0,0.0,0.0008168322452032263,0.00032673289808129053,low_risk,[]
txn_003246,user_0075,2024-02-12 20:04:47.242978111,46.07,0.0,0.0,0.0007470835065843059,0.0002988334026337224,low_risk,[]
txn_003253,user_0075,2024-02-12 22:18:35.695364018,44.33,0.0,0.0,0.0008168322452032263,0.00032673289808129053,low_risk,[]
txn_003699,user_0075,2024-02-19 03:16:39.726784748,72.55,0.0,0.0,0.000672493878275689,0.0002689975513102756,low_risk,[]
txn_003987,user_0075,2024-02-22 19:16:50.298857770,70.2,0.0,0.0,0.0001751704380946806,7.006817523787223e-05,low_risk,[]
txn_004140,user_0075,2024-02-24 23:32:21.408821770,41.49,0.0,0.0,4.987704447546021e-05,1.9950817790184086e-05,low_risk,[]
txn_004311,user_0075,2024-02-27 08:22:46.763994163,67.41,0.0,0.0,0.0010372187330263893,0.00041488749321055574,low_risk,[]
txn_000083,user_0076,2024-01-02 04:21:35.529055319,53.6,0.0,0.0,0.013366822402623163,0.005346728961049266,low_risk,[]
txn_000193,user_0076,2024-01-03 17:34:51.974336683,88.97,0.0,0.0,0.13204590174189057,0.05281836069675623,low_risk,[]
txn_000270,user_0076,2024-01-04 13:11:33.975443973,52.87,0.0,0.0,0.019428190226947976,0.00777127609077919,low_risk,[]
txn_000383,user_0076,2024-01-06 05:27:58.353652546,91.42,0.0,0.0,0.12412283401882097,0.049649133607528394,low_risk,[]
txn_000506,user_0076,2024-01-07 15:42:29.068169024,75.42,0.0,0.0,0.10894103708389266,0.043576414833557064,low_risk,[]
txn_000591,user_0076,2024-01-08 18:08:34.663521748,43.48,0.0,0.0,0.025310820770667975,0.010124328308267191,low_risk,[]
txn_000775,user_0076,2024-01-11 00:17:39.883531675,39.43,0.0,0.0,0.007145684903387232,0.002858273961354893,low_risk,[]
txn_000801,user_0076,2024-01-11 08:12:16.954133507,33.35,0.0,0.0,0.016525903893304283,0.0066103615573217134,low_risk,[]
txn_000870,user_0076,2024-01-12 08:37:57.940494924,45.27,0.0,0.0,0.018545943185264244,0.007418377274105698,low_risk,[]
txn_001044,user_0076,2024-01-14 19:30:15.683912079,53.01,0.1,0.0,0.05252396674476433,0.05600958669790573,low_risk,['increasing_sequence']
txn_001211,user_0076,2024-01-17 02:02:00.408011909,77.36,0.1,0.0,0.0623513426419082,0.05994053705676328,low_risk,['increasing_sequence']
txn_001371,user_0076,2024-01-19 07:41:53.400801767,32.16,0.0,0.0,0.015958108087159487,0.006383243234863795,low_risk,[]
txn_001522,user_0076,2024-01-21 00:26:04.032462920,60.03,0.0,0.0,0.04789542790285735,0.01915817116114294,low_risk,[]
txn_001616,user_0076,2024-01-22 02:35:22.188351020,70.59,0.1,0.0,0.054738246899224505,0.0568952987596898,low_risk,['increasing_sequence']
txn_001734,user_0076,2024-01-23 23:25:55.700385029,9.77,0.0,0.0,0.015672088712359387,0.006268835484943756,low_risk,[]
txn_001737,user_0076,2024-01-24 00:18:53.033705978,81.91,0.25,0.23939355168884335,0.06026984919668968,0.1714563276008867,low_risk,['jump_from_previous']
txn_001770,user_0076,2024-01-24 11:26:31.636662345,66.32,0.0,0.0,0.18807898775238818,0.07523159510095528,low_risk,[]
txn_002094,user_0076,2024-01-28 17:25:54.005829971,827.92,0.5,0.6643891209375735,0.9999467184017954,0.7410759675951115,high_risk,"['jump_from_previous', 'high_vs_average']"
txn_002312,user_0076,2024-01-31 10:48:23.927322440,56.47,0.0,0.0,0.00019733883779284034,7.893553511713614e-05,low_risk,[]
txn_002504,user_0076,2024-02-03 01:08:03.728818533,49.81,0.0,0.0,0.0005618775435950709,0.00022475101743802837,low_risk,[]
txn_002951,user_0076,2024-02-08 21:42:17.369876103,79.8,0.0,0.0,0.005335414226276932,0.002134165690510773,low_risk,[]
txn_003503,user_0076,2024-02-16 06:39:16.167493982,52.22,0.0,0.0,0.00019733883779284034,7.893553511713614e-05,low_risk,[]
txn_003542,user_0076,2024-02-16 19:56:21.152363397,33.89,0.0,0.0,0.010912969403501782,0.004365187761400713,low_risk,[]
txn_003718,user_0076,2024-02-19 08:36:29.901033619,46.15,0.0,0.0,0.0020656329644729915,0.0008262531857891966,low_risk,[]
txn_004271,user_0076,2024-02-26 19:01:36.768516142,66.97,0.1,0.0,0.004382136562146187,0.03675285462485847,low_risk,['increasing_sequence']
txn_004348,user_0076,2024-02-27 16:36:28.329333256,74.19,0.1,0.0,0.0019520116158065954,0.035780804646322634,low_risk,['increasing_sequence']
txn_004415,user_0076,2024-02-28 13:37:21.223178864,31.2,0.0,0.0,4.987704447546021e-05,1.9950817790184086e-05,low_risk,[]
txn_000011,user_0077,2024-01-01 03:42:47.516762463,30.65,0.0,0.0,0.007983183327326575,0.00319327333093063,low_risk,[]
txn_000127,user_0077,2024-01-02 20:31:39.736547454,25.6,0.0,0.0,0.022693516953880714,0.009077406781552286,low_risk,[]
txn_000211,user_0077,2024-01-03 22:27:52.277605970,25.27,0.0,0.0,0.06621191329023898,0.026484765316095595,low_risk,[]
txn_000242,user_0077,2024-01-04 07:31:30.424625601,26.18,0.0,0.0,0.04524361588740621,0.018097446354962486,low_risk,[]
txn_000480,user_0077,2024-01-07 09:20:43.629047912,24.45,0.0,0.0,0.035424613821734896,0.014169845528693959,low_risk,[]
txn_000525,user_0077,2024-01-07 23:30:39.687875519,28.39,0.0,0.0,0.03617377529214206,0.014469510116856824,low_risk,[]
txn_000635,user_0077,2024-01-09 06:48:32.002886674,27.02,0.0,0.0,0.02876872916289352,0.01150749166515741,low_risk,[]
txn_001327,user_0077,2024-01-18 15:02:37.032510127,29.83,0.0,0.0,0.038469153972171,0.015387661588868402,low_risk,[]
txn_001439,user_0077,2024-01-20 04:38:06.902225169,22.39,0.0,0.0,0.03216309229272628,0.012865236917090512,low_risk,[]
txn_001702,user_0077,2024-01-23 09:01:56.491849380,23.88,0.0,0.0,0.0953694166122964,0.03814776664491856,low_risk,[]
txn_001881,user_0077,2024-01-26 00:57:50.032258913,25.36,0.1,0.0,0.09368206572834521,0.07247282629133808,low_risk,['increasing_sequence']
txn_002242,user_0077,2024-01-30 19:34:01.223191499,24.48,0.0,0.0,0.09579719822348298,0.0383188792893932,low_risk,[]
txn_002319,user_0077,2024-01-31 12:46:43.718482691,27.32,0.0,0.0,0.07864627933963582,0.03145851173585433,low_risk,[]
txn_002611,user_0077,2024-02-04 08:34:31.782442807,25.23,0.0,0.0,0.07648081359965857,0.030592325439863427,low_risk,[]
txn_002629,user_0077,2024-02-04 14:50:35.741010790,25.1,0.0,0.0,0.10491915491430534,0.04196766196572214,low_risk,[]
txn_003111,user_0077,2024-02-11 02:09:28.428081846,22.18,0.0,0.0,0.05597377529331732,0.022389510117326927,low_risk,[]
txn_003195,user_0077,2024-02-12 02:49:35.613328483,24.88,0.0,0.0,0.07146214142149893,0.028584856568599572,low_risk,[]
txn_003307,user_0077,2024-02-13 13:44:24.985429791,19.85,0.0,0.0,0.028987178325773907,0.011594871330309564,low_risk,[]
txn_003382,user_0077,2024-02-14 12:19:13.959289239,18.58,0.0,0.0,0.04160734345086023,0.016642937380344093,low_risk,[]
txn_003664,user_0077,2024-02-18 12:51:46.015670712,23.76,0.0,0.0,0.05722830011714453,0.022891320046857816,low_risk,[]
txn_003782,user_0077,2024-02-20 07:10:07.966289573,1656.54,0.7999999999999999,0.8,0.9999814778244542,0.8799925911297817,high_risk,"['jump_from_previous', 'high_vs_average', 'high_share_of_total', 'increasing_sequence']"
txn_003819,user_0077,2024-02-20 16:09:38.248850165,23.3,0.0,0.0,0.000475403475569045,0.000190161390227618,low_risk,[]
txn_004025,user_0077,2024-02-23 05:10:51.181641803,28.99,0.0,0.0,0.0008078850829271906,0.00032315403317087623,low_risk,[]
txn_004088,user_0077,2024-02-24 02:43:47.881680525,26.3,0.0,0.0,0.0016070835310475116,0.0006428334124190046,low_risk,[]
txn_004134,user_0077,2024-02-24 21:34:13.299170190,25.34,0.0,0.0,0.0016070835310475116,0.0006428334124190046,low_risk,[]
txn_004279,user_0077,2024-02-26 20:41:08.098476314,27.22,0.0,0.0,0.0008078850829271906,0.00032315403317087623,low_risk,[]
txn_004287,user_0077,2024-02-26 22:53:39.372932683,17.04,0.0,0.0,0.007380495395713869,0.0029521981582855475,low_risk,[]
txn_000192,user_0078,2024-01-03 17:12:38.606875043,56.19,0.0,0.0,0.010210736153399154,0.004084294461359662,low_risk,[]
txn_000249,user_0078,2024-01-04 09:45:52.880489634,72.62,0.0,0.0,0.052993505536879294,0.02119740221475172,low_risk,[]
txn_000400,user_0078,2024-01-06 12:17:19.496821064,58.48,0.0,0.0,0.03195955660320684,0.012783822641282735,low_risk,[]
txn_000533,user_0078,2024-01-08 01:44:26.440404080,38.13,0.0,0.0,0.009370851206504424,0.00374834048260177,low_risk,[]
txn_000628,user_0078,2024-01-09 05:58:31.287112467,53.18,0.0,0.0,0.3145406759259053,0.1258162703703621,low_risk,[]
txn_000632,user_0078,2024-01-09 06:15:12.220540325,95.22,0.1,0.0,0.6397811462654716,0.29091245850618863,low_risk,['increasing_sequence']
txn_000633,user_0078,2024-01-09 06:16:27.216952298,95.4,0.1,0.0,0.7003075613492704,0.31512302453970814,low_risk,['increasing_sequence']
txn_000634,user_0078,2024-01-09 06:46:21.735636711,67.39,0.0,0.0,0.7778335016895785,0.31113340067583145,low_risk,[]
txn_000636,user_0078,2024-01-09 06:51:22.025115000,67.02,0.0,0.0,0.8661662343372558,0.34646649373490235,low_risk,[]
txn_000637,user_0078,2024-01-09 06:53:24.460603213,55.78,0.0,0.013333333333333334,0.8624970167244331,0.34833214002310664,low_risk,[]
txn_000638,user_0078,2024-01-09 06:54:26.687647686,61.98,0.0,0.02666666666666667,0.9245226487169874,0.37647572615346164,low_risk,[]
txn_000641,user_0078,2024-01-09 07:08:09.227570461,97.28,0.1,0.04000000000000001,0.440973158882105,0.221389263552842,low_risk,['increasing_sequence']
txn_000642,user_0078,2024-01-09 07:09:15.872519817,94.49,0.0,0.05333333333333334,0.7278753569754554,0.30448347612351545,low_risk,[]
txn_000703,user_0078,2024-01-10 02:55:54.145488655,88.32,0.2,0.06666666666666667,0.40003908568985325,0.24668230094260796,low_risk,['high_transaction_frequency']
txn_000897,user_0078,2024-01-12 18:24:47.921069151,17.11,0.0,0.0,0.007517383819395702,0.0030069535277582812,low_risk,[]
txn_001063,user_0078,2024-01-15 03:30:37.760697001,73.34,0.0,0.08573933372296903,0.04298733887897138,0.03862976898233081,low_risk,[]
txn_001082,user_0078,2024-01-15 10:55:57.691032081,61.45,0.0,0.0,0.011549852975225292,0.004619941190090117,low_risk,[]
txn_001200,user_0078,2024-01-16 22:58:02.209792607,89.76,0.0,0.0,0.02070598225284598,0.008282392901138393,low_risk,[]
txn_001233,user_0078,2024-01-17 10:06:42.319081302,84.99,0.0,0.0,0.04039234477997201,0.016156937911988804,low_risk,[]
txn_001527,user_0078,2024-01-21 01:31:15.172253585,32.08,0.0,0.0,0.002399218710874919,0.0009596874843499677,low_risk,[]
txn_001779,user_0078,2024-01-24 14:10:27.947503354,56.56,0.0,0.0,0.010131363004016547,0.004052545201606619,low_risk,[]
txn_001803,user_0078,2024-01-24 19:12:37.743650273,43.16,0.0,0.0,0.0010936286056430862,0.00043745144225723447,low_risk,[]
txn_001810,user_0078,2024-01-24 22:52:50.607449729,47.37,0.0,0.0,0.0035105755552252305,0.0014042302220900922,low_risk,[]
txn_001988,user_0078,2024-01-27 06:25:00.593498635,57.26,0.1,0.0,0.021525956076443274,0.043610382430577306,low_risk,['increasing_sequence']
txn_001989,user_0078,2024-01-27 06:57:11.451336890,41.03,0.0,0.0,0.002667781890630812,0.0010671127562523247,low_risk,[]
txn_002000,user_0078,2024-01-27 10:06:41.318632201,57.71,0.0,0.0,0.028067211142505,0.011226884457002,low_risk,[]
txn_002003,user_0078,2024-01-27 10:19:42.975267078,69.68,0.1,0.0,0.2015407072724176,0.11561628290896706,low_risk,['increasing_sequence']
txn_002076,user_0078,2024-01-28 11:17:33.931069665,64.87,0.0,0.0,0.013345255808069934,0.005338102323227974,low_risk,[]
txn_002315,user_0078,2024-01-31 11:04:13.450150200,78.75,0.0,0.0,0.024761903368616042,0.009904761347446417,low_risk,[]
txn_002448,user_0078,2024-02-02 09:28:59.114155118,99.04,0.1,0.0,0.23881319177307006,0.13052527670922803,low_risk,['increasing_sequence']
txn_002655,user_0078,2024-02-04 23:12:21.381061615,63.5,0.0,0.0,0.035368031539464016,0.014147212615785608,low_risk,[]
txn_002735,user_0078,2024-02-06 00:02:32.625995444,55.33,0.0,0.0,0.007533651662518095,0.003013460665007238,low_risk,[]
txn_002987,user_0078,2024-02-09 07:06:24.734350772,52.49,0.0,0.0,0.0023703707419214693,0.0009481482967685878,low_risk,[]
txn_003363,user_0078,2024-02-14 07:24:36.512902684,60.3,0.0,0.0,0.018076271193848237,0.0072305084775392955,low_risk,[]
txn_003495,user_0078,2024-02-16 03:31:15.088142283,78.77,0.1,0.0,0.024199746855173006,0.0446798987420692,low_risk,['increasing_sequence']
txn_003565,user_0078,2024-02-17 04:57:40.652294000,71.06,0.0,0.0,0.037317142934269555,0.014926857173707822,low_risk,[]
txn_003688,user_0078,2024-02-18 23:23:17.033703045,65.08,0.0,0.0,0.013345255808069934,0.005338102323227974,low_risk,[]
txn_003722,user_0078,2024-02-19 09:35:42.646681182,61.51,0.0,0.0,0.011528842538783586,0.004611537015513435,low_risk,[]
txn_003751,user_0078,2024-02-19 20:28:06.502139268,83.94,0.0,0.0,0.08197630158187214,0.03279052063274886,low_risk,[]
txn_003884,user_0078,2024-02-21 09:31:32.898118403,56.12,0.0,0.0,0.016894382963364634,0.006757753185345854,low_risk,[]
txn_003920,user_0078,2024-02-21 19:25:03.354053995,64.19,0.0,0.0,0.019063578905125063,0.007625431562050026,low_risk,[]
txn_004118,user_0078,2024-02-24 15:37:33.393439064,57.44,0.0,0.0,0.01514923764815808,0.006059695059263233,low_risk,[]
txn_000073,user_0079,2024-01-02 00:54:07.038566235,45.39,0.0,0.0,0.014555252913850916,0.005822101165540367,low_risk,[]
txn_000139,user_0079,2024-01-03 00:08:12.373098512,33.85,0.0,0.0,0.03237329210235638,0.012949316840942552,low_risk,[]
txn_000168,user_0079,2024-01-03 08:02:44.031597596,42.79,0.0,0.0,0.05609854370029392,0.02243941748011757,low_risk,[]
txn_000317,user_0079,2024-01-05 04:36:17.184253420,33.48,0.0,0.0,0.025861656338225802,0.010344662535290322,low_risk,[]
txn_000394,user_0079,2024-01-06 09:46:12.975215496,36.34,0.0,0.0,0.04253952597908091,0.017015810391632365,low_risk,[]
txn_000482,user_0079,2024-01-07 10:10:53.849559098,47.97,0.1,0.0,0.05665216882578258,0.05766086753031303,low_risk,['increasing_sequence']
txn_000582,user_0079,2024-01-08 15:15:03.493188022,35.1,0.0,0.0,0.07934587845813476,0.031738351383253906,low_risk,[]
txn_000849,user_0079,2024-01-12 01:20:55.673088803,46.49,0.0,0.0,0.08538931030863277,0.03415572412345311,low_risk,[]
txn_000899,user_0079,2024-01-12 19:29:39.308397679,38.57,0.0,0.0,0.10172639277173506,0.04069055710869403,low_risk,[]
txn_000971,user_0079,2024-01-13 21:35:41.039105510,41.41,0.0,0.0,0.10584885089104779,0.04233954035641912,low_risk,[]
txn_001089,user_0079,2024-01-15 12:48:32.082484863,56.44,0.1,0.0,0.077849427071434,0.0661397708285736,low_risk,['increasing_sequence']
txn_001177,user_0079,2024-01-16 15:27:35.412370808,606.12,0.6,0.6274557010273638,0.9999814778244542,0.7668565163866227,high_risk,"['jump_from_previous', 'high_vs_average', 'increasing_sequence']"
txn_001178,user_0079,2024-01-16 16:12:32.926750326,49.9,0.0,0.0,0.00019733883779284034,7.893553511713614e-05,low_risk,[]
txn_001215,user_0079,2024-01-17 03:06:40.302717938,34.06,0.0,0.0,0.0010677827433840472,0.0004271130973536189,low_risk,[]
txn_001253,user_0079,2024-01-17 14:23:46.509157459,52.38,0.0,0.0,0.043842585235556196,0.01753703409422248,low_risk,[]
txn_001295,user_0079,2024-01-18 04:21:28.282300230,27.98,0.0,0.0,0.012100806702851923,0.00484032268114077,low_risk,[]
txn_001493,user_0079,2024-01-20 15:10:35.120969949,42.13,0.0,0.0,0.0018135244414694848,0.000725409776587794,low_risk,[]
txn_001542,user_0079,2024-01-21 06:03:59.742861481,37.69,0.0,0.0,0.0014836614000454179,0.0005934645600181672,low_risk,[]
txn_002103,user_0079,2024-01-28 20:18:18.879970412,38.62,0.0,0.0,0.0010491878066757974,0.000419675122670319,low_risk,[]
txn_002182,user_0079,2024-01-30 00:09:50.345835267,30.8,0.0,0.0,0.0012310680807630908,0.0004924272323052363,low_risk,[]
txn_002260,user_0079,2024-01-30 23:56:19.473612568,39.43,0.0,0.0,0.0015878234181096642,0.0006351293672438658,low_risk,[]
txn_002308,user_0079,2024-01-31 10:20:54.261563102,54.19,0.1,0.0,0.0040597234833110694,0.03662388939332442,low_risk,['increasing_sequence']
txn_002481,user_0079,2024-02-02 19:40:44.585829500,50.32,0.0,0.0,0.0023703707419214693,0.0009481482967685878,low_risk,[]
txn_002648,user_0079,2024-02-04 20:59:06.058693995,45.66,0.0,0.0,0.0031317717787553915,0.0012527087115021566,low_risk,[]
txn_002684,user_0079,2024-02-05 07:49:26.570831211,45.72,0.0,0.0,0.004225643087597495,0.001690257235038998,low_risk,[]
txn_002734,user_0079,2024-02-05 23:48:34.907586167,18.3,0.0,0.0,0.008335119119895922,0.003334047647958369,low_risk,[]
txn_002749,user_0079,2024-02-06 05:12:50.034259564,48.3,0.0,0.023975409836065557,0.026027465712417885,0.016404838743983543,low_risk,[]
txn_002800,user_0079,2024-02-06 18:32:16.166869834,30.03,0.0,0.0,0.0014933091744776322,0.0005973236697910529,low_risk,[]
txn_003118,user_0079,2024-02-11 03:49:20.011682298,42.27,0.0,0.0,0.003768521702718434,0.0015074086810873738,low_risk,[]
txn_003150,user_0079,2024-02-11 14:10:30.187275512,43.4,0.1,0.0,0.004584660414962045,0.03683386416598482,low_risk,['increasing_sequence']
txn_003153,user_0079,2024-02-11 15:40:21.237422547,45.33,0.1,0.0,0.004802031536635033,0.03692081261465401,low_risk,['increasing_sequence']
txn_003202,user_0079,2024-02-12 04:35:13.190870912,23.11,0.0,0.0,0.01483668685957873,0.005934674743831492,low_risk,[]
txn_003266,user_0079,2024-02-13 03:00:55.892582420,31.98,0.0,0.0,0.004312494196515944,0.0017249976786063777,low_risk,[]
txn_003376,user_0079,2024-02-14 11:19:02.053380230,53.38,0.1,0.0,0.04067501691534437,0.05127000676613774,low_risk,['increasing_sequence']
txn_003379,user_0079,2024-02-14 11:33:37.357372104,45.59,0.0,0.0,0.028322739145454166,0.011329095658181666,low_risk,[]
txn_003405,user_0079,2024-02-14 18:43:40.979335306,40.05,0.0,0.0,0.003332592351492555,0.001333036940597022,low_risk,[]
txn_003587,user_0079,2024-02-17 12:34:29.496473285,35.71,0.0,0.0,0.005739167867566876,0.0022956671470267505,low_risk,[]
txn_003790,user_0079,2024-02-20 09:15:22.310929454,39.76,0.0,0.0,0.005997622293933779,0.002399048917573512,low_risk,[]
txn_003802,user_0079,2024-02-20 11:53:15.285567915,63.62,0.1,0.0,0.049977684799873634,0.05499107391994945,low_risk,['increasing_sequence']
txn_003966,user_0079,2024-02-22 13:46:01.342591987,43.72,0.0,0.0,0.03794630936616885,0.01517852374646754,low_risk,[]
txn_004372,user_0079,2024-02-28 00:42:20.042579809,38.88,0.0,0.0,0.01464649013320755,0.005858596053283021,low_risk,[]
txn_000009,user_0080,2024-01-01 03:15:08.471462439,34.87,0.0,0.0,0.01445529287391093,0.005782117149564372,low_risk,[]
txn_000110,user_0080,2024-01-02 13:24:27.670762971,32.76,0.0,0.0,0.04677519109079224,0.0187100764363169,low_risk,[]
txn_000244,user_0080,2024-01-04 07:55:30.812928530,58.93,0.0,0.0,0.1289770577068418,0.05159082308273673,low_risk,[]
txn_000412,user_0080,2024-01-06 15:16:06.279933400,38.23,0.0,0.0,0.0712133467193312,0.02848533868773248,low_risk,[]
txn_000618,user_0080,2024-01-09 02:52:08.131317517,21.22,0.0,0.0,0.01891134499677474,0.007564537998709896,low_risk,[]
txn_000922,user_0080,2024-01-13 02:51:50.094416115,49.51,0.0,0.01249410933081998,0.16474044848301325,0.06901970672591029,low_risk,[]
txn_001048,user_0080,2024-01-14 22:26:04.083032964,35.09,0.0,0.0,0.11295704871395537,0.04518281948558215,low_risk,[]
txn_001083,user_0080,2024-01-15 10:57:26.821467418,32.76,0.0,0.0,0.09764181510253424,0.0390567260410137,low_risk,[]
txn_001258,user_0080,2024-01-17 16:24:15.103561166,299.2,0.5,0.5619926060139331,0.9999005110086125,0.7154583559069283,high_risk,"['jump_from_previous', 'high_vs_average']"
txn_001510,user_0080,2024-01-20 20:40:18.798799208,39.55,0.0,0.0,0.02727787461760971,0.010911149847043885,low_risk,[]
txn_001554,user_0080,2024-01-21 08:18:50.958698218,42.25,0.0,0.0,0.016256965244703683,0.006502786097881474,low_risk,[]
txn_001662,user_0080,2024-01-22 16:26:50.572624017,59.49,0.1,0.0,0.06279002313717753,0.06011600925487101,low_risk,['increasing_sequence']
txn_001808,user_0080,2024-01-24 21:37:17.112571864,26.37,0.0,0.0,0.008004474024372175,0.0032017896097488703,low_risk,[]
txn_002164,user_0080,2024-01-29 17:57:16.319327736,35.12,0.0,0.0,0.0045396533108775575,0.001815861324351023,low_risk,[]
txn_002476,user_0080,2024-02-02 17:30:28.691175020,22.21,0.0,0.0,0.011439240841128944,0.004575696336451578,low_risk,[]
txn_002554,user_0080,2024-02-03 13:25:21.793659275,23.11,0.0,0.0,0.006248329827854091,0.0024993319311416365,low_risk,[]
txn_002566,user_0080,2024-02-03 16:05:38.567313928,34.4,0.1,0.0,0.018766054746939133,0.042506421898775654,low_risk,['increasing_sequence']
txn_002681,user_0080,2024-02-05 06:34:50.748766213,25.86,0.0,0.0,0.004763344603731681,0.0019053378414926724,low_risk,[]
txn_003045,user_0080,2024-02-09 23:13:44.990524844,47.27,0.0,0.0,0.10289947982396017,0.04115979192958407,low_risk,[]
txn_003086,user_0080,2024-02-10 14:42:01.950027067,34.69,0.0,0.0,0.01764535212961233,0.007058140851844932,low_risk,[]
txn_003199,user_0080,2024-02-12 03:25:25.789294702,43.21,0.0,0.0,0.058157665932643654,0.023263066373057462,low_risk,[]
txn_003230,user_0080,2024-02-12 14:12:52.583002310,40.97,0.0,0.0,0.04322048396654441,0.017288193586617765,low_risk,[]
txn_003274,user_0080,2024-02-13 04:23:06.736448224,28.25,0.0,0.0,0.008918884020031681,0.0035675536080126725,low_risk,[]
txn_003472,user_0080,2024-02-15 20:02:43.907327041,35.67,0.0,0.0,0.013756578376069473,0.005502631350427789,low_risk,[]
txn_003490,user_0080,2024-02-16 02:22:36.545424985,17.87,0.0,0.0,0.021644278540384688,0.008657711416153875,low_risk,[]
txn_003525,user_0080,2024-02-16 12:56:35.539097450,18.93,0.0,0.0,0.01372078316490904,0.0054883132659636165,low_risk,[]
txn_003685,user_0080,2024-02-18 22:05:36.710916238,34.92,0.1,0.0,0.02472435125052992,0.044889740500211966,low_risk,['increasing_sequence']
txn_003795,user_0080,2024-02-20 09:43:17.387807918,30.48,0.0,0.0,0.017411033129254957,0.006964413251701983,low_risk,[]
txn_003888,user_0080,2024-02-21 10:29:00.900755728,26.45,0.0,0.0,0.004860920314854632,0.001944368125941853,low_risk,[]
txn_003924,user_0080,2024-02-21 20:06:27.802577051,44.18,0.0,0.0,0.08284233406945728,0.03313693362778291,low_risk,[]
txn_004071,user_0080,2024-02-23 18:30:16.134764479,28.87,0.0,0.0,0.02624390144944899,0.010497560579779595,low_risk,[]
txn_004079,user_0080,2024-02-23 20:43:56.136998509,47.5,0.0,0.0,0.12412902132919117,0.04965160853167647,low_risk,[]
txn_004186,user_0080,2024-02-25 14:47:30.715131865,43.55,0.0,0.0,0.11356538061309546,0.04542615224523819,low_risk,[]
txn_004257,user_0080,2024-02-26 15:32:34.085014370,18.63,0.0,0.0,0.026114870671919466,0.010445948268767788,low_risk,[]
txn_004263,user_0080,2024-02-26 16:44:02.241597985,41.86,0.0,0.009259259259259267,0.146834885760453,0.061048769118996024,low_risk,[]
txn_004277,user_0080,2024-02-26 19:53:01.363975283,33.09,0.0,0.0,0.047951564243341765,0.01918062569733671,low_risk,[]
txn_004296,user_0080,2024-02-27 02:59:03.214467441,29.43,0.0,0.0,0.13040928502459528,0.052163714009838116,low_risk,[]
txn_004366,user_0080,2024-02-27 22:56:09.672970809,36.33,0.0,0.0,0.06669668915994978,0.02667867566397991,low_risk,[]
txn_004395,user_0080,2024-02-28 08:53:01.556080704,34.73,0.0,0.0,0.0686037240829679,0.027441489633187162,low_risk,[]
txn_000185,user_0081,2024-01-03 15:38:05.206533127,22.13,0.0,0.0,0.008151367831126261,0.0032605471324505045,low_risk,[]
txn_000401,user_0081,2024-01-06 13:31:17.782514284,7.19,0.0,0.0,0.025323177828028877,0.01012927113121155,low_risk,[]
txn_000893,user_0081,2024-01-12 17:20:23.986034120,32.29,0.0,0.10354059184823544,0.012870282581786003,0.031033260994773264,low_risk,[]
txn_000931,user_0081,2024-01-13 09:15:03.449755507,14.63,0.0,0.0,0.06905495258148865,0.02762198103259546,low_risk,[]
txn_001153,user_0081,2024-01-16 08:13:29.730672122,23.85,0.0,0.0,0.018965052098511556,0.007586020839404623,low_risk,[]
txn_001161,user_0081,2024-01-16 12:06:29.190012950,20.6,0.0,0.0,0.03763813373529923,0.015055253494119692,low_risk,[]
txn_001170,user_0081,2024-01-16 13:22:49.776502262,18.57,0.0,0.0,0.07491213269871203,0.02996485307948481,low_risk,[]
txn_001282,user_0081,2024-01-17 22:56:18.068564618,19.38,0.0,0.0,0.03535151851152023,0.014140607404608091,low_risk,[]
txn_001287,user_0081,2024-01-18 00:03:58.111937614,16.54,0.0,0.0,0.04776335039375198,0.019105340157500792,low_risk,[]
txn_001468,user_0081,2024-01-20 09:47:14.392167820,13.83,0.0,0.0,0.014266314420816762,0.005706525768326705,low_risk,[]
txn_001543,user_0081,2024-01-21 06:44:28.889906202,20.2,0.0,0.0,0.02466700810170114,0.009866803240680457,low_risk,[]
txn_001638,user_0081,2024-01-22 08:53:19.647121164,21.02,0.1,0.0,0.045297766493729096,0.05311910659749164,low_risk,['increasing_sequence']
txn_001713,user_0081,2024-01-23 13:49:57.426340657,19.75,0.0,0.0,0.03880822535321581,0.015523290141286325,low_risk,[]
txn_001805,user_0081,2024-01-24 19:52:50.890135518,20.98,0.0,0.0,0.08940426816944055,0.03576170726777622,low_risk,[]
txn_001889,user_0081,2024-01-26 03:53:58.740686723,35.87,0.1,0.0,0.10237115400824885,0.07594846160329954,low_risk,['increasing_sequence']
txn_001890,user_0081,2024-01-26 03:56:26.962758953,1641.55,0.7999999999999999,0.8,0.9999814778244542,0.8799925911297817,high_risk,"['jump_from_previous', 'high_vs_average', 'high_share_of_total', 'increasing_sequence']"
txn_001998,user_0081,2024-01-27 09:46:21.234692705,12.35,0.0,0.0,0.002685312907961912,0.0010741251631847647,low_risk,[]
txn_002343,user_0081,2024-01-31 18:27:53.608785608,22.13,0.0,0.0,0.001098020309369274,0.00043920812374770963,low_risk,[]
txn_002517,user_0081,2024-02-03 05:29:58.430334643,18.76,0.0,0.0,0.0013348560372840371,0.0005339424149136149,low_risk,[]
txn_002635,user_0081,2024-02-04 17:23:33.038630858,21.3,0.0,0.0,0.0008078850829271906,0.00032315403317087623,low_risk,[]
txn_002658,user_0081,2024-02-05 00:20:02.628729927,20.74,0.0,0.0,0.0012423586762968111,0.0004969434705187245,low_risk,[]
txn_002754,user_0081,2024-02-06 06:56:50.509066809,10.19,0.0,0.0,0.001077790779069652,0.00043111631162786083,low_risk,[]
txn_002773,user_0081,2024-02-06 12:39:01.903386169,10.12,0.0,0.0,0.006719452586178197,0.002687781034471279,low_risk,[]
txn_002962,user_0081,2024-02-08 23:37:42.736919302,15.13,0.0,0.0,0.006712485566577334,0.002684994226630934,low_risk,[]
txn_003178,user_0081,2024-02-11 21:51:38.483026782,23.63,0.1,0.0,0.00046530566453676405,0.035186122265814704,low_risk,['increasing_sequence']
txn_003232,user_0081,2024-02-12 15:07:09.390625330,15.58,0.0,0.0,0.006073021042514279,0.0024292084170057116,low_risk,[]
txn_003303,user_0081,2024-02-13 12:34:56.981667972,11.49,0.0,0.0,0.0017194525861781976,0.0006877810344712791,low_risk,[]
txn_003499,user_0081,2024-02-16 04:30:02.663076050,14.65,0.0,0.0,0.006257137781260989,0.002502855112504396,low_risk,[]
txn_003626,user_0081,2024-02-18 00:24:30.268689850,25.74,0.1,0.0,0.00046530566453676405,0.035186122265814704,low_risk,['increasing_sequence']
txn_003725,user_0081,2024-02-19 10:55:58.707605546,20.93,0.0,0.0,0.0014747142377693823,0.000589885695107753,low_risk,[]
txn_003732,user_0081,2024-02-19 13:57:20.857329913,21.95,0.0,0.0,0.0012423586762968111,0.0004969434705187245,low_risk,[]
txn_004092,user_0081,2024-02-24 04:04:21.946453479,25.14,0.1,0.0,0.00035705071218197407,0.03514282028487278,low_risk,['increasing_sequence']
txn_004259,user_0081,2024-02-26 15:42:27.864681376,19.38,0.0,0.0,0.0015167363113713305,0.0006066945245485323,low_risk,[]
txn_000779,user_0082,2024-01-11 01:31:33.092344748,168.53,0.0,0.0,0.044501307129598634,0.017800522851839456,low_risk,[]
txn_001673,user_0082,2024-01-22 20:56:50.863974136,160.98,0.0,0.0,0.10038801986381048,0.04015520794552419,low_risk,[]
txn_004254,user_0082,2024-02-26 15:10:11.347834262,156.27,0.0,0.0,0.060516581300847055,0.024206632520338823,low_risk,[]
txn_004323,user_0082,2024-02-27 11:28:49.135916042,210.7,0.0,0.0,0.19039893878322645,0.07615957551329058,low_risk,[]
txn_004493,user_0082,2024-02-29 16:13:17.738098371,2858.6,0.7999999999999999,0.8,0.999832430008223,0.8799329720032891,high_risk,"['jump_from_previous', 'high_vs_average', 'high_share_of_total', 'increasing_sequence']"
txn_000369,user_0083,2024-01-06 00:13:44.487635243,36.46,0.0,0.0,0.01445529287391093,0.005782117149564372,low_risk,[]
txn_000725,user_0083,2024-01-10 10:01:48.795075616,25.81,0.0,0.0,0.02330606112533877,0.009322424450135508,low_risk,[]
txn_000890,user_0083,2024-01-12 16:14:09.949766658,31.42,0.0,0.0,0.03187431414279674,0.012749725657118696,low_risk,[]
txn_001203,user_0083,2024-01-17 00:20:52.677126938,36.38,0.1,0.0,0.04432867290921491,0.05273146916368596,low_risk,['increasing_sequence']
txn_001447,user_0083,2024-01-20 06:52:25.649392019,1315.13,0.7999999999999999,0.8,0.9999814778244542,0.8799925911297817,high_risk,"['jump_from_previous', 'high_vs_average', 'high_share_of_total', 'increasing_sequence']"
txn_001604,user_0083,2024-01-21 22:59:56.183965008,27.18,0.0,0.0,0.0006435879793687309,0.0002574351917474924,low_risk,[]
txn_001683,user_0083,2024-01-23 00:03:57.684453631,21.09,0.0,0.0,0.001340794441477577,0.0005363177765910308,low_risk,[]
txn_001698,user_0083,2024-01-23 06:55:09.241831085,26.22,0.0,0.0,0.0012423586762968111,0.0004969434705187245,low_risk,[]
txn_001902,user_0083,2024-01-26 08:22:31.492680418,36.65,0.1,0.0,0.0013042319276390685,0.03552169277105562,low_risk,['increasing_sequence']
txn_002195,user_0083,2024-01-30 06:01:29.997172205,37.39,0.1,0.0,0.0009266023983457713,0.035370640959338305,low_risk,['increasing_sequence']
txn_003043,user_0083,2024-02-09 22:55:17.771523304,12.1,0.0,0.0,0.010425526431093584,0.004170210572437434,low_risk,[]
txn_003306,user_0083,2024-02-13 13:38:16.193868101,6.33,0.0,0.0,0.001077790779069652,0.00043111631162786083,low_risk,[]
txn_003336,user_0083,2024-02-13 20:56:44.815133138,25.44,0.0,0.07571090047393364,0.00048204873096579386,0.019120544610869726,low_risk,[]
txn_003408,user_0083,2024-02-14 20:26:54.825961667,19.48,0.0,0.0,0.0017693296306536576,0.0007077318522614631,low_risk,[]
txn_003740,user_0083,2024-02-19 15:36:49.298839621,22.49,0.0,0.0,0.0008078850829271906,0.00032315403317087623,low_risk,[]
txn_004183,user_0083,2024-02-25 13:00:14.630933526,15.19,0.0,0.0,0.003253054023339139,0.0013012216093356557,low_risk,[]
txn_004212,user_0083,2024-02-26 01:07:13.596318866,28.44,0.0,0.0,0.0015324939027388945,0.0006129975610955578,low_risk,[]
txn_004240,user_0083,2024-02-26 09:06:00.741418000,19.79,0.0,0.0,0.007420726597375529,0.002968290638950212,low_risk,[]
txn_004364,user_0083,2024-02-27 20:56:23.481738787,13.78,0.0,0.0,0.003253054023339139,0.0013012216093356557,low_risk,[]
txn_004409,user_0083,2024-02-28 11:40:56.555050870,33.45,0.0,0.016028664731494936,0.01638398798233702,0.010560761375808542,low_risk,[]
txn_000357,user_0084,2024-01-05 19:36:13.215146978,21.14,0.0,0.0,0.008151367831126261,0.0032605471324505045,low_risk,[]
txn_000499,user_0084,2024-01-07 13:42:56.196598263,24.3,0.0,0.0,0.04272460340781903,0.017089841363127613,low_risk,[]
txn_000758,user_0084,2024-01-10 19:43:56.670913762,26.97,0.1,0.0,0.037455493215987984,0.04998219728639519,low_risk,['increasing_sequence']
txn_000962,user_0084,2024-01-13 18:17:41.711527748,22.81,0.0,0.0,0.04196119420795167,0.016784477683180667,low_risk,[]
txn_001631,user_0084,2024-01-22 06:54:10.059928957,26.11,0.0,0.0,0.038895719131687864,0.015558287652675147,low_risk,[]
txn_001814,user_0084,2024-01-25 00:23:12.174338302,19.75,0.0,0.0,0.021208806498092748,0.0084835225992371,low_risk,[]
txn_002587,user_0084,2024-02-03 23:47:38.705465137,1000.53,0.7,0.8,0.9999467184017954,0.8449786873607181,high_risk,"['jump_from_previous', 'high_vs_average', 'high_share_of_total']"
txn_002665,user_0084,2024-02-05 01:48:24.146217100,29.85,0.0,0.0,0.000791049772686111,0.00031641990907444443,low_risk,[]
txn_003061,user_0084,2024-02-10 07:26:53.282043748,27.19,0.0,0.0,0.001727501546977967,0.0006910006187911869,low_risk,[]
txn_003112,user_0084,2024-02-11 02:18:30.490048536,24.95,0.0,0.0,0.0021619751403475877,0.0008647900561390351,low_risk,[]
txn_003345,user_0084,2024-02-14 00:16:15.911030767,20.91,0.0,0.0,0.0009760695867268765,0.0003904278346907506,low_risk,[]
txn_003742,user_0084,2024-02-19 16:22:55.750398515,22.86,0.0,0.0,0.0012153148989098867,0.00048612595956395473,low_risk,[]
txn_000277,user_0085,2024-01-04 15:38:31.631338355,45.24,0.0,0.0,0.022034702628683758,0.008813881051473503,low_risk,[]
txn_000491,user_0085,2024-01-07 11:59:04.743249230,38.37,0.0,0.0,0.042411380042399485,0.016964552016959795,low_risk,[]
txn_000798,user_0085,2024-01-11 07:31:27.067234493,41.08,0.0,0.0,0.08264855487874262,0.033059421951497046,low_risk,[]
txn_001401,user_0085,2024-01-19 18:11:41.676145708,37.81,0.0,0.0,0.09410159555602748,0.037640638222410996,low_risk,[]
txn_001746,user_0085,2024-01-24 03:37:40.719991978,43.12,0.0,0.0,0.09043476526970372,0.03617390610788149,low_risk,[]
txn_001852,user_0085,2024-01-25 13:09:43.479892433,37.3,0.0,0.0,0.10793465615795257,0.04317386246318103,low_risk,[]
txn_001904,user_0085,2024-01-26 09:04:22.355996187,45.48,0.0,0.0,0.22334374587165834,0.08933749834866334,low_risk,[]
txn_001945,user_0085,2024-01-26 18:18:33.799268112,524.08,0.6,0.6545217698206436,0.9999814778244542,0.7736230335849426,high_risk,"['jump_from_previous', 'high_vs_average', 'increasing_sequence']"
txn_001972,user_0085,2024-01-27 02:19:58.753697438,35.86,0.0,0.0,0.00976439874003313,0.0039057594960132526,low_risk,[]
txn_002032,user_0085,2024-01-27 20:42:07.625246967,53.39,0.0,0.0,0.005765265476177653,0.0023061061904710613,low_risk,[]
txn_002240,user_0085,2024-01-30 19:14:12.025015514,40.68,0.0,0.0,0.0008722275567534597,0.0003488910227013839,low_risk,[]
txn_002290,user_0085,2024-01-31 05:27:20.167980026,39.22,0.0,0.0,0.0018786142186127057,0.0007514456874450823,low_risk,[]
txn_002451,user_0085,2024-02-02 09:42:57.666006776,45.73,0.0,0.0,0.0029503332332332316,0.0011801332932932927,low_risk,[]
txn_002484,user_0085,2024-02-02 20:09:07.378536564,43.57,0.0,0.0,0.003887684418304482,0.0015550737673217928,low_risk,[]
txn_002585,user_0085,2024-02-03 22:56:56.864839706,41.4,0.0,0.0,0.0017462449253345764,0.0006984979701338307,low_risk,[]
txn_002586,user_0085,2024-02-03 23:32:55.913528677,45.49,0.0,0.0,0.004865638878847395,0.0019462555515389582,low_risk,[]
txn_002654,user_0085,2024-02-04 23:07:57.279434199,36.3,0.0,0.0,0.0026987645700525453,0.0010795058280210182,low_risk,[]
txn_003053,user_0085,2024-02-10 03:28:12.863334497,51.63,0.0,0.0,0.011478004543368028,0.004591201817347211,low_risk,[]
txn_003188,user_0085,2024-02-12 02:01:03.454714777,40.73,0.0,0.0,0.0023465280997368386,0.0009386112398947355,low_risk,[]
txn_003294,user_0085,2024-02-13 09:21:04.519580345,37.66,0.0,0.0,0.0019281251994218698,0.0007712500797687479,low_risk,[]
txn_003445,user_0085,2024-02-15 09:43:23.721689526,50.69,0.0,0.0,0.005929901229353957,0.002371960491741583,low_risk,[]
txn_003602,user_0085,2024-02-17 17:53:12.814702813,42.15,0.0,0.0,0.004615719818046138,0.001846287927218455,low_risk,[]
txn_003770,user_0085,2024-02-20 04:25:21.098747488,50.7,0.0,0.0,0.007498343976942545,0.0029993375907770184,low_risk,[]
txn_004401,user_0085,2024-02-28 09:37:47.512223805,46.43,0.0,0.0,0.006211244418565611,0.0024844977674262445,low_risk,[]
txn_004445,user_0085,2024-02-28 23:00:30.396113236,44.24,0.0,0.0,0.006642081782738555,0.002656832713095422,low_risk,[]
txn_000079,user_0086,2024-01-02 03:40:19.914821476,52.06,0.0,0.0,0.014456512913833278,0.005782605165533312,low_risk,[]
txn_000808,user_0086,2024-01-11 10:55:16.368718632,44.87,0.0,0.0,0.0398889171001284,0.015955566840051363,low_risk,[]
txn_001046,user_0086,2024-01-14 21:42:29.823451363,56.11,0.0,0.0,0.05810802418384027,0.02324320967353611,low_risk,[]
txn_001271,user_0086,2024-01-17 19:38:49.855094130,55.38,0.0,0.0,0.08120307663910953,0.03248123065564381,low_risk,[]
txn_001284,user_0086,2024-01-17 23:32:52.164075634,46.56,0.0,0.0,0.08902205061948594,0.035608820247794375,low_risk,[]
txn_002038,user_0086,2024-01-27 22:58:55.215117857,1803.51,0.7,0.8,0.9999467184017954,0.8449786873607181,high_risk,"['jump_from_previous', 'high_vs_average', 'high_share_of_total']"
txn_003594,user_0086,2024-02-17 14:45:29.149336924,40.25,0.0,0.0,0.00019733883779284034,7.893553511713614e-05,low_risk,[]
txn_003672,user_0086,2024-02-18 15:24:54.117834982,45.87,0.0,0.0,0.0016880034351796943,0.0006752013740718778,low_risk,[]
txn_003736,user_0086,2024-02-19 14:48:53.783747826,58.62,0.1,0.0,0.0017831957171950317,0.03571327828687801,low_risk,['increasing_sequence']
txn_000160,user_0087,2024-01-03 06:44:55.012328760,32.06,0.0,0.0,0.01445529287391093,0.005782117149564372,low_risk,[]
txn_000477,user_0087,2024-01-07 08:10:08.419155724,76.74,0.0,0.03444323144104801,0.13833705297727633,0.06394562905117254,low_risk,[]
txn_000622,user_0087,2024-01-09 04:06:36.713016208,67.67,0.0,0.0,0.13613625277786387,0.054454501111145553,low_risk,[]
txn_000753,user_0087,2024-01-10 18:26:52.489299277,60.78,0.0,0.0,0.08350392622788258,0.03340157049115303,low_risk,[]
txn_001078,user_0087,2024-01-15 09:58:21.339207363,20.55,0.0,0.0,0.02006121033550519,0.008024484134202077,low_risk,[]
txn_001191,user_0087,2024-01-16 21:11:23.688501885,43.06,0.0,0.003576642335766422,0.1171224727006011,0.04774314966418205,low_risk,[]
txn_001303,user_0087,2024-01-18 06:46:53.831122880,34.86,0.0,0.0,0.04451833085460697,0.01780733234184279,low_risk,[]
txn_001676,user_0087,2024-01-22 22:35:01.726358232,19.81,0.0,0.0,0.028843299940941116,0.011537319976376447,low_risk,[]
txn_001783,user_0087,2024-01-24 15:24:05.196473099,31.05,0.0,0.0,0.04092315702730533,0.016369262810922134,low_risk,[]
txn_001873,user_0087,2024-01-25 22:11:21.195073960,38.59,0.1,0.0,0.12551807541031482,0.08520723016412593,low_risk,['increasing_sequence']
txn_002270,user_0087,2024-01-31 00:54:40.731485847,401.6,0.6,0.6259183458170693,0.9999814778244542,0.7664721775840491,high_risk,"['jump_from_previous', 'high_vs_average', 'increasing_sequence']"
txn_002397,user_0087,2024-02-01 17:29:34.321086561,68.84,0.0,0.0,0.06532583873265735,0.026130335493062942,low_risk,[]
txn_002502,user_0087,2024-02-03 00:41:57.367394904,70.12,0.0,0.0,0.043937795047295024,0.01757511801891801,low_risk,[]
txn_002570,user_0087,2024-02-03 17:36:27.643158202,31.34,0.0,0.0,0.0019424940151342588,0.0007769976060537035,low_risk,[]
txn_002823,user_0087,2024-02-07 01:11:54.462547107,56.45,0.0,0.0,0.005404099087503499,0.0021616396350014,low_risk,[]
txn_002924,user_0087,2024-02-08 12:33:25.346191698,43.34,0.0,0.0,0.0024268732160668766,0.0009707492864267507,low_risk,[]
txn_003155,user_0087,2024-02-11 16:35:52.267709794,35.74,0.0,0.0,0.0016177751862634809,0.0006471100745053924,low_risk,[]
txn_003409,user_0087,2024-02-14 22:17:20.380967838,50.21,0.0,0.0,0.010930710022527632,0.004372284009011053,low_risk,[]
txn_003710,user_0087,2024-02-19 06:02:52.928336386,45.41,0.0,0.0,0.0046585309771973275,0.001863412390878931,low_risk,[]
txn_003759,user_0087,2024-02-20 00:57:35.797452846,57.13,0.0,0.0,0.03546083694621325,0.0141843347784853,low_risk,[]
txn_003902,user_0087,2024-02-21 14:38:42.090514081,36.57,0.0,0.0,0.008633322629797381,0.003453329051918953,low_risk,[]
txn_004193,user_0087,2024-02-25 17:20:14.987896474,14.54,0.0,0.0,0.011294925680126529,0.004517970272050612,low_risk,[]
txn_004270,user_0087,2024-02-26 18:41:39.175475455,65.07,0.0,0.09282152682255845,0.05065509053287008,0.04346741791878765,low_risk,[]
txn_004334,user_0087,2024-02-27 14:26:00.569213184,48.43,0.0,0.0,0.014179477333227131,0.005671790933290853,low_risk,[]
txn_004373,user_0087,2024-02-28 01:23:45.403363050,66.68,0.0,0.0,0.07685215747038422,0.03074086298815369,low_risk,[]
txn_000214,user_0088,2024-01-04 00:51:21.436468951,42.45,0.0,0.0,0.02679545731650074,0.010718182926600296,low_risk,[]
txn_000316,user_0088,2024-01-05 04:31:14.819140459,33.82,0.0,0.0,0.028736208584929167,0.011494483433971667,low_risk,[]
txn_000519,user_0088,2024-01-07 21:39:41.954837657,37.28,0.0,0.0,0.07655806630545176,0.030623226522180705,low_risk,[]
txn_000716,user_0088,2024-01-10 06:30:05.242814545,38.37,0.1,0.0,0.07427330203838568,0.06470932081535427,low_risk,['increasing_sequence']
txn_000751,user_0088,2024-01-10 17:48:46.618339195,50.86,0.1,0.0,0.11792176697711955,0.08216870679084781,low_risk,['increasing_sequence']
txn_000827,user_0088,2024-01-11 16:22:33.700955150,40.19,0.0,0.0,0.15904690401593682,0.06361876160637474,low_risk,[]
txn_000898,user_0088,2024-01-12 18:25:38.021828191,41.21,0.0,0.0,0.22941659860866578,0.09176663944346632,low_risk,[]
txn_001002,user_0088,2024-01-14 08:12:10.325643308,45.97,0.1,0.0,0.23544798189720312,0.12917919275888126,low_risk,['increasing_sequence']
txn_001172,user_0088,2024-01-16 14:49:04.965516896,36.91,0.0,0.0,0.18930353686363585,0.07572141474545435,low_risk,[]
txn_001350,user_0088,2024-01-18 22:29:57.049705701,52.32,0.0,0.0,0.13767321797820092,0.055069287191280375,low_risk,[]
txn_001581,user_0088,2024-01-21 14:02:15.447502797,45.53,0.0,0.0,0.21948708325560431,0.08779483330224173,low_risk,[]
txn_001857,user_0088,2024-01-25 15:06:56.772627203,52.96,0.0,0.0,0.18636357222330535,0.07454542888932214,low_risk,[]
txn_001888,user_0088,2024-01-26 03:15:54.713523397,59.6,0.1,0.0,0.19132855956931893,0.11153142382772757,low_risk,['increasing_sequence']
txn_001925,user_0088,2024-01-26 14:45:22.184997148,67.81,0.1,0.0,0.7098700711660513,0.3189480284664205,low_risk,['increasing_sequence']
txn_002430,user_0088,2024-02-02 04:19:39.491031985,94.94,0.1,0.0029909496652615886,0.9606436967614118,0.4200052161208801,medium_risk,['increasing_sequence']
txn_002605,user_0088,2024-02-04 06:24:25.872105272,128.84,0.1,0.03054227121666535,0.9994168282185928,0.44240229909160345,medium_risk,['increasing_sequence']
txn_002739,user_0088,2024-02-06 01:30:44.830551727,169.53,0.1,0.05605826985478563,0.9994140608067231,0.4487801917863857,medium_risk,['increasing_sequence']
txn_002888,user_0088,2024-02-08 00:44:22.160360943,39.45,0.0,0.0,0.015174633746884665,0.006069853498753866,low_risk,[]
txn_002932,user_0088,2024-02-08 13:38:48.358232711,45.6,0.0,0.0,0.013039661800358128,0.005215864720143251,low_risk,[]
txn_002959,user_0088,2024-02-08 23:11:25.414035646,29.34,0.0,0.0,0.005456694141080634,0.0021826776564322537,low_risk,[]
txn_003031,user_0088,2024-02-09 17:33:25.863639945,43.93,0.0,0.0,0.013490609398331226,0.005396243759332491,low_risk,[]
txn_003094,user_0088,2024-02-10 18:32:35.345792808,32.33,0.0,0.0,0.008898166810882265,0.003559266724352906,low_risk,[]
txn_003119,user_0088,2024-02-11 03:50:19.128967481,40.09,0.0,0.0,0.014699084017872975,0.005879633607149191,low_risk,[]
txn_003312,user_0088,2024-02-13 14:17:11.705829794,40.07,0.0,0.0,0.013605849225596902,0.005442339690238761,low_risk,[]
txn_003323,user_0088,2024-02-13 18:08:20.839189972,38.19,0.0,0.0,0.022609680898780727,0.009043872359512291,low_risk,[]
txn_003398,user_0088,2024-02-14 17:06:05.332090810,38.9,0.0,0.0,0.027634668033203916,0.011053867213281568,low_risk,[]
txn_004226,user_0088,2024-02-26 03:58:44.086641570,38.78,0.0,0.0,0.019132231467462964,0.007652892586985186,low_risk,[]
txn_004461,user_0088,2024-02-29 06:34:03.395747344,36.6,0.0,0.0,0.018844899690685944,0.007537959876274378,low_risk,[]
txn_000021,user_0089,2024-01-01 05:40:43.056751008,92.0,0.0,0.0,0.003404759328166095,0.001361903731266438,low_risk,[]
txn_000112,user_0089,2024-01-02 14:31:00.973537885,93.6,0.0,0.0,0.020469242927354078,0.008187697170941631,low_risk,[]
txn_000149,user_0089,2024-01-03 03:03:38.040503299,95.36,0.1,0.0,0.036496881659165294,0.04959875266366612,low_risk,['increasing_sequence']
txn_000166,user_0089,2024-01-03 07:57:59.454618044,106.81,0.1,0.0,0.07300620482752247,0.06420248193100898,low_risk,['increasing_sequence']
txn_000170,user_0089,2024-01-03 09:03:47.723400427,100.65,0.0,0.0,0.05735536673300898,0.022942146693203592,low_risk,[]
txn_000247,user_0089,2024-01-04 08:48:50.802886232,90.17,0.0,0.0,0.027093593709712146,0.01083743748388486,low_risk,[]
txn_000514,user_0089,2024-01-07 18:32:57.971687124,114.49,0.0,0.0,0.012070273769423436,0.004828109507769375,low_risk,[]
txn_000567,user_0089,2024-01-08 13:14:39.703052026,109.66,0.0,0.0,0.015687899463209455,0.006275159785283782,low_risk,[]
txn_000589,user_0089,2024-01-08 17:13:26.510644765,110.91,0.0,0.0,0.008321138522394685,0.003328455408957874,low_risk,[]
txn_000599,user_0089,2024-01-08 21:00:27.468612539,87.52,0.0,0.0,4.987704447546021e-05,1.9950817790184086e-05,low_risk,[]
txn_000766,user_0089,2024-01-10 22:02:21.884834518,99.32,0.0,0.0,0.004923391523691075,0.00196935660947643,low_risk,[]
txn_000891,user_0089,2024-01-12 16:50:52.189349259,100.82,0.1,0.0,0.004634401630139938,0.03685376065205597,low_risk,['increasing_sequence']
txn_000948,user_0089,2024-01-13 14:24:34.254898584,110.84,0.1,0.0,0.0049579081366459945,0.03698316325465839,low_risk,['increasing_sequence']
txn_001251,user_0089,2024-01-17 13:52:59.742374760,83.92,0.0,0.0,4.987704447546021e-05,1.9950817790184086e-05,low_risk,[]
txn_001585,user_0089,2024-01-21 14:53:10.885380232,96.25,0.0,0.0,0.0059534559945121,0.0023813823978048403,low_risk,[]
txn_001609,user_0089,2024-01-22 00:15:28.029456464,13463.71,0.7999999999999999,0.8,0.9949814778244543,0.8779925911297817,high_risk,"['jump_from_previous', 'high_vs_average', 'high_share_of_total', 'increasing_sequence']"
txn_001649,user_0089,2024-01-22 12:14:53.171658910,100.9,0.0,0.0,4.987704447546021e-05,1.9950817790184086e-05,low_risk,[]
txn_001653,user_0089,2024-01-22 13:16:08.932299405,85.82,0.0,0.0,0.0,0.0,low_risk,[]
txn_001895,user_0089,2024-01-26 04:50:34.167925459,84.85,0.0,0.0,0.0001751704380946806,7.006817523787223e-05,low_risk,[]
txn_002162,user_0089,2024-01-29 16:13:13.702430287,83.51,0.0,0.0,0.0001751704380946806,7.006817523787223e-05,low_risk,[]
txn_002216,user_0089,2024-01-30 13:51:55.365415082,84.24,0.0,0.0,0.00042203465895004015,0.00016881386358001606,low_risk,[]
txn_002304,user_0089,2024-01-31 09:44:24.263250486,103.71,0.1,0.0,0.00042203465895004015,0.03516881386358001,low_risk,['increasing_sequence']
txn_002404,user_0089,2024-02-01 21:08:02.657721266,120.32,0.1,0.0,0.0001751704380946806,0.03507006817523787,low_risk,['increasing_sequence']
txn_002496,user_0089,2024-02-02 23:17:32.310045068,73.43,0.0,0.0,4.987704447546021e-05,1.9950817790184086e-05,low_risk,[]
txn_003254,user_0089,2024-02-12 22:34:15.619482930,81.77,0.0,0.0,0.0001751704380946806,7.006817523787223e-05,low_risk,[]
txn_003267,user_0089,2024-02-13 03:04:29.975137481,114.73,0.1,0.0,0.00034431640292699293,0.03513772656117079,low_risk,['increasing_sequence']
txn_003318,user_0089,2024-02-13 16:15:15.436830124,107.6,0.0,0.0,4.987704447546021e-05,1.9950817790184086e-05,low_risk,[]
txn_003420,user_0089,2024-02-15 01:00:42.024051400,87.76,0.0,0.0,0.0001751704380946806,7.006817523787223e-05,low_risk,[]
txn_003570,user_0089,2024-02-17 05:15:04.923233182,95.25,0.0,0.0,0.0001751704380946806,7.006817523787223e-05,low_risk,[]
txn_003638,user_0089,2024-02-18 03:48:36.024168141,95.63,0.1,0.0,0.00042203465895004015,0.03516881386358001,low_risk,['increasing_sequence']
txn_004180,user_0089,2024-02-25 12:31:21.150497968,100.04,0.1,0.0,0.0001751704380946806,0.03507006817523787,low_risk,['increasing_sequence']
txn_004472,user_0089,2024-02-29 09:56:48.171665917,103.48,0.1,0.0,0.0001751704380946806,0.03507006817523787,low_risk,['increasing_sequence']
txn_000293,user_0090,2024-01-04 20:26:08.642862294,91.96,0.0,0.0,0.010492396756456081,0.004196958702582433,low_risk,[]
txn_000361,user_0090,2024-01-05 21:31:03.292908373,110.53,0.0,0.0,0.048924249763339527,0.019569699905335813,low_risk,[]
txn_000396,user_0090,2024-01-06 09:53:01.025130105,30.45,0.0,0.0,0.015465748526120038,0.006186299410448015,low_risk,[]
txn_000627,user_0090,2024-01-09 05:51:03.193250393,74.8,0.0,0.017118226600985224,0.16850127441257193,0.07168006641527508,low_risk,[]
txn_000684,user_0090,2024-01-09 20:12:11.173664282,71.11,0.0,0.0,0.06342110739397688,0.025368442957590755,low_risk,[]
txn_000806,user_0090,2024-01-11 10:49:37.184205983,81.62,0.0,0.0,0.06403899533818258,0.025615598135273032,low_risk,[]
txn_000830,user_0090,2024-01-11 17:13:30.760617320,48.13,0.0,0.0,0.020222268665546342,0.008088907466218537,low_risk,[]
txn_000832,user_0090,2024-01-11 17:49:42.494781847,88.67,0.0,0.0,0.0804324910026475,0.032172996401059,low_risk,[]
txn_001404,user_0090,2024-01-19 19:03:49.578929829,103.31,0.1,0.0,0.06179458107099779,0.05971783242839911,low_risk,['increasing_sequence']
txn_001739,user_0090,2024-01-24 01:14:01.011426875,73.71,0.0,0.0,0.02135286231814601,0.008541144927258404,low_risk,[]
txn_001763,user_0090,2024-01-24 09:45:28.749370449,102.33,0.0,0.0,0.030855853667446614,0.012342341466978646,low_risk,[]
txn_001812,user_0090,2024-01-25 00:04:44.943160187,7.73,0.0,0.0,0.023922957540604754,0.009569183016241902,low_risk,[]
txn_002530,user_0090,2024-02-03 08:05:43.832098904,72.47,0.25,0.2765685640362225,0.016331771797788313,0.16317484972817092,low_risk,['jump_from_previous']
txn_002593,user_0090,2024-02-04 01:55:17.055427139,106.7,0.1,0.0,0.06541060819596979,0.06116424327838792,low_risk,['increasing_sequence']
txn_002673,user_0090,2024-02-05 04:25:07.737508644,129.03,0.1,0.0,0.34572096320068235,0.17328838528027296,low_risk,['increasing_sequence']
txn_002725,user_0090,2024-02-05 22:40:22.783059272,81.07,0.0,0.0,0.02742587636937734,0.010970350547750937,low_risk,[]
txn_002916,user_0090,2024-02-08 09:40:31.170911651,103.66,0.0,0.0,0.02845149188384357,0.011380596753537428,low_risk,[]
txn_002949,user_0090,2024-02-08 21:17:17.517245392,44.66,0.0,0.0,0.0017950322218168785,0.0007180128887267514,low_risk,[]
txn_003154,user_0090,2024-02-11 15:59:19.952896658,105.09,0.0,0.013241715181370356,0.251519432940652,0.10391820197160338,low_risk,[]
txn_003282,user_0090,2024-02-13 06:43:44.612818371,83.79,0.0,0.0,0.029857339935429196,0.011942935974171679,low_risk,[]
txn_003335,user_0090,2024-02-13 20:55:30.430044812,45.93,0.0,0.0,0.0017950322218168785,0.0007180128887267514,low_risk,[]
txn_003362,user_0090,2024-02-14 06:26:18.724029549,73.58,0.0,0.0,0.028264723743060927,0.011305889497224372,low_risk,[]
txn_003526,user_0090,2024-02-16 13:09:00.862047227,75.78,0.1,0.0,0.00761409399585321,0.03804563759834128,low_risk,['increasing_sequence']
txn_003592,user_0090,2024-02-17 13:09:38.298256701,71.35,0.0,0.0,0.007169178011101915,0.0028676712044407664,low_risk,[]
txn_003919,user_0090,2024-02-21 19:20:40.591393634,118.97,0.0,0.0,0.07990361508046893,0.031961446032187577,low_risk,[]
txn_003963,user_0090,2024-02-22 13:13:02.142297718,120.03,0.1,0.0,0.1292169589796651,0.08668678359186605,low_risk,['increasing_sequence']
txn_003983,user_0090,2024-02-22 18:49:17.140177074,48.78,0.0,0.0,0.0005254228708479474,0.00021016914833917895,low_risk,[]
txn_004072,user_0090,2024-02-23 18:38:39.518377324,120.02,0.0,0.01726629766297662,0.12867982759396804,0.055788505453331375,low_risk,[]
txn_004286,user_0090,2024-02-26 22:20:08.501287400,78.2,0.0,0.0,0.017967379796973697,0.007186951918789479,low_risk,[]
txn_004290,user_0090,2024-02-27 00:29:21.767781567,70.48,0.0,0.0,0.004155362595697197,0.001662145038278879,low_risk,[]
txn_004320,user_0090,2024-02-27 09:55:32.160226773,725.05,0.5,0.607525463626624,0.9999467184017954,0.7268600532673741,high_risk,"['jump_from_previous', 'high_vs_average']"
txn_004358,user_0090,2024-02-27 18:07:34.266221267,87.25,0.0,0.0,0.01,0.004,low_risk,[]
txn_004480,user_0090,2024-02-29 12:47:30.039480057,67.31,0.0,0.0,0.00032263223141206073,0.0001290528925648243,low_risk,[]
txn_000010,user_0091,2024-01-01 03:30:45.229620906,66.04,0.0,0.0,0.019370693291645494,0.0077482773166581975,low_risk,[]
txn_000076,user_0091,2024-01-02 01:38:42.970402772,33.16,0.0,0.0,0.01706746498706642,0.006826985994826568,low_risk,[]
txn_000226,user_0091,2024-01-04 04:44:24.925114190,55.9,0.0,0.0,0.08060680152424245,0.03224272060969698,low_risk,[]
txn_000314,user_0091,2024-01-05 03:17:31.233530445,58.63,0.1,0.0,0.11015959158550205,0.07906383663420083,low_risk,['increasing_sequence']
txn_000530,user_0091,2024-01-08 00:44:49.750374558,54.24,0.0,0.0,0.1733202212994436,0.06932808851977744,low_risk,[]
txn_000643,user_0091,2024-01-09 07:11:18.556711198,43.27,0.0,0.0,0.06510020637643989,0.026040082550575955,low_risk,[]
txn_000657,user_0091,2024-01-09 11:32:40.130497941,590.71,0.5,0.6440205752676884,0.9999467184017954,0.7359838311776403,high_risk,"['jump_from_previous', 'high_vs_average']"
txn_000735,user_0091,2024-01-10 11:22:04.683319360,33.66,0.0,0.0,4.987704447546021e-05,1.9950817790184086e-05,low_risk,[]
txn_000983,user_0091,2024-01-14 01:40:45.643097424,36.87,0.0,0.0,0.0011337906120846963,0.00045351624483387854,low_risk,[]
txn_001093,user_0091,2024-01-15 15:01:38.365202670,16.43,0.0,0.0,0.0014369315997761311,0.0005747726399104525,low_risk,[]
txn_001274,user_0091,2024-01-17 21:00:18.735969145,24.15,0.0,0.0,0.0013536991160201734,0.0005414796464080694,low_risk,[]
txn_001333,user_0091,2024-01-18 16:58:53.238352177,38.73,0.1,0.0,0.001286486363406775,0.03551459454536271,low_risk,['increasing_sequence']
txn_001502,user_0091,2024-01-20 18:41:53.232246026,41.72,0.1,0.0,0.0009266023983457713,0.035370640959338305,low_risk,['increasing_sequence']
txn_001612,user_0091,2024-01-22 00:51:49.619952502,45.3,0.1,0.0,0.0017829195215322607,0.0357131678086129,low_risk,['increasing_sequence']
txn_001700,user_0091,2024-01-23 07:53:48.245147112,62.23,0.1,0.0,0.005062476830164368,0.03702499073206574,low_risk,['increasing_sequence']
txn_001707,user_0091,2024-01-23 12:20:11.197991785,18.59,0.0,0.0,0.009298690756143181,0.0037194763024572725,low_risk,[]
txn_001982,user_0091,2024-01-27 05:39:24.008626343,53.19,0.0,0.03229558902635824,0.001644033334511376,0.00873151059039411,low_risk,[]
txn_002037,user_0091,2024-01-27 22:01:31.743065386,58.12,0.1,0.0,0.0014899449001830425,0.035595977960073216,low_risk,['increasing_sequence']
txn_002149,user_0091,2024-01-29 11:37:41.189010121,55.14,0.0,0.0,0.0020213832228799813,0.0008085532891519925,low_risk,[]
txn_002275,user_0091,2024-01-31 01:39:05.218212469,49.89,0.0,0.0,0.0016541342398731407,0.0006616536959492563,low_risk,[]
txn_002783,user_0091,2024-02-06 15:08:30.934592773,37.04,0.0,0.0,0.0015563757035502598,0.0006225502814201039,low_risk,[]
txn_002826,user_0091,2024-02-07 02:36:07.651991051,61.93,0.0,0.0,0.03868241811511607,0.01547296724604643,low_risk,[]
txn_002967,user_0091,2024-02-09 00:47:05.574741062,36.07,0.0,0.0,0.005410017306134722,0.002164006922453889,low_risk,[]
txn_003065,user_0091,2024-02-10 09:21:29.583770302,32.59,0.0,0.0,0.0012310680807630908,0.0004924272323052363,low_risk,[]
txn_003159,user_0091,2024-02-11 17:20:29.472559397,45.26,0.0,0.0,0.004815049482564822,0.001926019793025929,low_risk,[]
txn_003295,user_0091,2024-02-13 09:32:06.732866016,33.57,0.0,0.0,0.0027438218830375953,0.0010975287532150383,low_risk,[]
txn_003476,user_0091,2024-02-15 21:37:33.306463357,22.78,0.0,0.0,0.009195049097191241,0.0036780196388764967,low_risk,[]
txn_003559,user_0091,2024-02-17 03:44:03.151393065,49.63,0.0,0.006699956101843718,0.038930038645818676,0.0172470044837884,low_risk,[]
txn_003666,user_0091,2024-02-18 13:43:23.296097970,35.88,0.0,0.0,0.003130528988537985,0.0012522115954151942,low_risk,[]
txn_004211,user_0091,2024-02-26 00:23:48.864148357,24.36,0.0,0.0,0.010145295871261457,0.004058118348504583,low_risk,[]
txn_004324,user_0091,2024-02-27 12:14:21.682877079,48.99,0.0,0.0004156403940886788,0.04319854924880386,0.017383329798043714,low_risk,[]
txn_004349,user_0091,2024-02-27 16:37:07.872631558,17.14,0.0,0.0,0.008695855450261355,0.003478342180104542,low_risk,[]
txn_004384,user_0091,2024-02-28 04:26:19.991428414,23.99,0.0,0.0,0.00494031194510789,0.001976124778043156,low_risk,[]
txn_002647,user_0092,2024-02-04 20:48:19.198232871,30.79,0.0,0.0,0.024087704770451867,0.009635081908180748,low_risk,[]
txn_003563,user_0092,2024-02-17 04:50:30.502899312,33.57,0.0,0.0,0.09770447297485464,0.03908178918994186,low_risk,[]
txn_003769,user_0092,2024-02-20 04:09:15.714826634,33.93,0.1,0.0,0.09829132862192448,0.07431653144876979,low_risk,['increasing_sequence']
txn_004151,user_0092,2024-02-25 04:16:54.136494686,28.89,0.0,0.0,0.10582929961636339,0.04233171984654536,low_risk,[]
txn_004191,user_0092,2024-02-25 16:39:13.630994481,544.27,0.7,0.8,0.9999467184017954,0.8449786873607181,high_risk,"['jump_from_previous', 'high_vs_average', 'high_share_of_total']"
txn_000102,user_0093,2024-01-02 11:22:06.271214127,19.51,0.0,0.0,0.030713201257570044,0.012285280503028018,low_risk,[]
txn_000125,user_0093,2024-01-02 19:55:38.317564273,23.93,0.0,0.0,0.07838739367145847,0.03135495746858339,low_risk,[]
txn_000405,user_0093,2024-01-06 14:01:52.004451685,27.47,0.1,0.0,0.07952721015275283,0.06681088406110113,low_risk,['increasing_sequence']
txn_000531,user_0093,2024-01-08 01:04:49.148472413,29.1,0.1,0.0,0.08162154175893724,0.06764861670357489,low_risk,['increasing_sequence']
txn_000933,user_0093,2024-01-13 10:34:43.138873956,328.97,0.7999999999999999,0.7620988721873678,0.9999352704312714,0.8704988262193505,high_risk,"['jump_from_previous', 'high_vs_average', 'high_share_of_total', 'increasing_sequence']"
txn_001202,user_0093,2024-01-16 23:28:19.810284040,23.53,0.0,0.0,0.04142337766103284,0.016569351064413134,low_risk,[]
txn_001532,user_0093,2024-01-21 03:15:39.251471303,30.28,0.0,0.0,0.023728774146816987,0.009491509658726796,low_risk,[]
txn_001658,user_0093,2024-01-22 15:17:21.070165248,29.57,0.0,0.0,0.02524585521874797,0.010098342087499188,low_risk,[]
txn_002118,user_0093,2024-01-29 00:03:51.150619177,31.17,0.0,0.0,0.023375045664993568,0.009350018265997427,low_risk,[]
txn_000108,user_0094,2024-01-02 13:14:30.694681814,77.33,0.0,0.0,0.01842564463680863,0.007370257854723453,low_risk,[]
txn_000410,user_0094,2024-01-06 14:50:44.298771761,99.83,0.0,0.0,0.07804880687052723,0.031219522748210896,low_risk,[]
txn_000671,user_0094,2024-01-09 17:58:51.779016612,97.56,0.0,0.0,0.1061822633128287,0.04247290532513148,low_risk,[]
txn_001035,user_0094,2024-01-14 16:01:24.234173326,75.78,0.0,0.0,0.036764053282191754,0.014705621312876702,low_risk,[]
txn_001278,user_0094,2024-01-17 21:47:51.481581630,95.59,0.0,0.0,0.06775364956197671,0.02710145982479069,low_risk,[]
txn_001418,user_0094,2024-01-19 22:33:42.768798086,78.39,0.0,0.0,0.057093260048035714,0.022837304019214286,low_risk,[]
txn_001894,user_0094,2024-01-26 04:32:25.991438257,845.42,0.5,0.6788456064370969,0.9999467184017954,0.7446900889699923,high_risk,"['jump_from_previous', 'high_vs_average']"
txn_001973,user_0094,2024-01-27 03:01:03.635308000,95.84,0.0,0.0,0.0027432601937947233,0.0010973040775178894,low_risk,[]
txn_002237,user_0094,2024-01-30 18:13:39.179837102,74.25,0.0,0.0,0.0010681171823455908,0.00042724687293823634,low_risk,[]
txn_002677,user_0094,2024-02-05 05:43:20.414258648,90.3,0.0,0.0,0.0010681171823455908,0.00042724687293823634,low_risk,[]
txn_002780,user_0094,2024-02-06 14:42:02.453748293,80.68,0.0,0.0,0.0010681171823455908,0.00042724687293823634,low_risk,[]
txn_002853,user_0094,2024-02-07 12:21:41.223853773,84.35,0.0,0.0,0.0010681171823455908,0.00042724687293823634,low_risk,[]
txn_002961,user_0094,2024-02-08 23:22:36.774762216,89.05,0.1,0.0,0.0010681171823455908,0.03542724687293823,low_risk,['increasing_sequence']
txn_003160,user_0094,2024-02-11 17:26:08.503810342,72.52,0.0,0.0,0.0010681171823455908,0.00042724687293823634,low_risk,[]
txn_003346,user_0094,2024-02-14 01:13:50.705369194,83.01,0.0,0.0,0.0010681171823455908,0.00042724687293823634,low_risk,[]
txn_004256,user_0094,2024-02-26 15:19:47.764748507,89.01,0.1,0.0,0.0010681171823455908,0.03542724687293823,low_risk,['increasing_sequence']
txn_000032,user_0095,2024-01-01 09:09:40.464578864,9.47,0.0,0.0,0.016713836377415844,0.0066855345509663384,low_risk,[]
txn_000121,user_0095,2024-01-02 18:02:35.200799939,26.46,0.0,0.06948257655755018,0.017870282581786003,0.024518757172101946,low_risk,[]
txn_000495,user_0095,2024-01-07 13:14:25.569861870,22.72,0.0,0.0,0.019804217854833453,0.007921687141933382,low_risk,[]
txn_000617,user_0095,2024-01-09 02:13:17.538477934,19.17,0.0,0.0,0.021206697875667514,0.008482679150267005,low_risk,[]
txn_000674,user_0095,2024-01-09 18:26:05.944294909,17.39,0.0,0.0,0.04300623167967926,0.017202492671871707,low_risk,[]
txn_000749,user_0095,2024-01-10 17:32:40.706686689,21.71,0.0,0.0,0.02516676367053894,0.010066705468215576,low_risk,[]
txn_000752,user_0095,2024-01-10 18:02:16.095663874,21.82,0.1,0.0,0.049032197371879846,0.054612878948751935,low_risk,['increasing_sequence']
txn_001101,user_0095,2024-01-15 17:12:30.653169951,15.55,0.0,0.0,0.026505810675399366,0.010602324270159747,low_risk,[]
txn_001105,user_0095,2024-01-15 17:34:02.031770658,21.64,0.0,0.0,0.02094625115574804,0.008378500462299215,low_risk,[]
txn_001162,user_0095,2024-01-16 12:13:50.168705015,20.21,0.0,0.0,0.0604134045768351,0.02416536183073404,low_risk,[]
txn_001320,user_0095,2024-01-18 13:16:00.195483008,24.89,0.0,0.0,0.03377764557263607,0.01351105822905443,low_risk,[]
txn_001326,user_0095,2024-01-18 14:47:44.410833097,3024.66,0.7999999999999999,0.8,0.9999814778244542,0.8799925911297817,high_risk,"['jump_from_previous', 'high_vs_average', 'high_share_of_total', 'increasing_sequence']"
txn_001619,user_0095,2024-01-22 03:16:55.526385077,15.88,0.0,0.0,0.0027351899524373723,0.001094075980974949,low_risk,[]
txn_001726,user_0095,2024-01-23 20:21:57.514100073,22.33,0.0,0.0,0.0011855146122204876,0.00047420584488819505,low_risk,[]
txn_001874,user_0095,2024-01-25 23:37:24.322697285,17.87,0.0,0.0,0.0013348560372840371,0.0005339424149136149,low_risk,[]
txn_002029,user_0095,2024-01-27 19:35:59.330996670,19.23,0.0,0.0,0.0013348560372840371,0.0005339424149136149,low_risk,[]
txn_002102,user_0095,2024-01-28 20:15:18.299011493,21.74,0.1,0.0,0.0001751704380946806,0.03507006817523787,low_risk,['increasing_sequence']
txn_002191,user_0095,2024-01-30 04:48:50.179956081,14.61,0.0,0.0,0.003253054023339139,0.0013012216093356557,low_risk,[]
txn_002253,user_0095,2024-01-30 22:36:01.886999901,21.94,0.0,0.0,0.0016199882055901082,0.0006479952822360433,low_risk,[]
txn_002368,user_0095,2024-02-01 05:03:23.059589295,18.07,0.0,0.0,0.0013348560372840371,0.0005339424149136149,low_risk,[]
txn_002583,user_0095,2024-02-03 22:10:08.193060691,19.5,0.0,0.0,0.0013348560372840371,0.0005339424149136149,low_risk,[]
txn_002856,user_0095,2024-02-07 13:12:03.016948296,23.71,0.1,0.0,0.0001751704380946806,0.03507006817523787,low_risk,['increasing_sequence']
txn_003009,user_0095,2024-02-09 13:05:31.232681584,24.37,0.1,0.0,0.0001751704380946806,0.03507006817523787,low_risk,['increasing_sequence']
txn_003388,user_0095,2024-02-14 15:17:45.004960606,23.82,0.0,0.0,0.0008078850829271906,0.00032315403317087623,low_risk,[]
txn_003396,user_0095,2024-02-14 16:59:52.378413196,13.06,0.0,0.0,0.0018155897444767518,0.0007262358977907007,low_risk,[]
txn_003553,user_0095,2024-02-17 01:14:38.566513726,23.42,0.0,0.0,0.001098020309369274,0.00043920812374770963,low_risk,[]
txn_003812,user_0095,2024-02-20 14:17:10.618373815,24.41,0.1,0.0,0.0001751704380946806,0.03507006817523787,low_risk,['increasing_sequence']
txn_004267,user_0095,2024-02-26 17:29:00.200644802,18.21,0.0,0.0,0.0013348560372840371,0.0005339424149136149,low_risk,[]
txn_004357,user_0095,2024-02-27 17:49:37.316768604,17.95,0.0,0.0,0.0013348560372840371,0.0005339424149136149,low_risk,[]
txn_004442,user_0095,2024-02-28 21:12:33.680514260,16.93,0.0,0.0,0.0013348560372840371,0.0005339424149136149,low_risk,[]
txn_004482,user_0095,2024-02-29 13:39:27.230274498,27.79,0.0,0.0,0.0015324939027388945,0.0006129975610955578,low_risk,[]
txn_000056,user_0096,2024-01-01 19:15:21.138096886,30.51,0.0,0.0,0.021628975837306982,0.008651590334922793,low_risk,[]
txn_000794,user_0096,2024-01-11 07:16:47.456048109,29.4,0.0,0.0,0.11669903744817864,0.04667961497927146,low_risk,[]
txn_001031,user_0096,2024-01-14 14:37:32.704504033,308.97,0.5,0.6816078667259461,0.9999005110086125,0.7453621710849315,high_risk,"['jump_from_previous', 'high_vs_average']"
txn_001098,user_0096,2024-01-15 16:36:49.421363896,27.25,0.0,0.0,0.046665513097488925,0.01866620523899557,low_risk,[]
txn_001149,user_0096,2024-01-16 05:47:59.732378132,24.69,0.0,0.0,0.05537090440773275,0.0221483617630931,low_risk,[]
txn_001539,user_0096,2024-01-21 05:09:44.205142785,30.48,0.0,0.0,0.0276306670595013,0.01105226682380052,low_risk,[]
txn_001578,user_0096,2024-01-21 13:16:43.587694823,24.92,0.0,0.0,0.0532111695944538,0.021284467837781523,low_risk,[]
txn_001687,user_0096,2024-01-23 02:30:16.333716951,25.71,0.0,0.0,0.028576085597689583,0.011430434239075834,low_risk,[]
txn_002111,user_0096,2024-01-28 22:10:21.469980458,23.99,0.0,0.0,0.028292473823079266,0.011316989529231707,low_risk,[]
txn_002558,user_0096,2024-02-03 14:42:24.559984732,28.47,0.0,0.0,0.02734160215347674,0.010936640861390698,low_risk,[]
txn_002601,user_0096,2024-02-04 04:46:41.939015358,32.9,0.1,0.0,0.058628614582586974,0.058451445833034785,low_risk,['increasing_sequence']
txn_002606,user_0096,2024-02-04 06:45:12.140724716,26.56,0.0,0.0,0.18420456978275473,0.07368182791310189,low_risk,[]
txn_002928,user_0096,2024-02-08 13:06:31.273047589,24.03,0.0,0.0,0.03769078145023193,0.015076312580092772,low_risk,[]
txn_003575,user_0096,2024-02-17 06:48:09.884980308,28.15,0.0,0.0,0.032152388369046846,0.01286095534761874,low_risk,[]
txn_003814,user_0096,2024-02-20 15:04:45.084205359,20.29,0.0,0.0,0.020521355746578075,0.00820854229863123,low_risk,[]
txn_004024,user_0096,2024-02-23 05:09:40.197695400,20.56,0.0,0.0,0.02195715548864124,0.008782862195456497,low_risk,[]
txn_004189,user_0096,2024-02-25 16:24:10.577589187,33.48,0.1,0.0,0.03979119904607166,0.050916479618428656,low_risk,['increasing_sequence']
txn_004246,user_0096,2024-02-26 11:22:29.574247694,24.38,0.0,0.0,0.044323603714932096,0.01772944148597284,low_risk,[]
txn_000371,user_0097,2024-01-06 01:13:01.564218857,63.93,0.0,0.0,0.017770599271241593,0.007108239708496638,low_risk,[]
txn_001181,user_0097,2024-01-16 18:05:51.021433603,67.44,0.0,0.0,0.07082517384317234,0.028330069537268937,low_risk,[]
txn_002617,user_0097,2024-02-04 10:03:24.968949605,51.29,0.0,0.0,0.03776050122274949,0.015104200489099795,low_risk,[]
txn_003170,user_0097,2024-02-11 19:57:21.106003350,62.74,0.0,0.0,0.1150813979696121,0.046032559187844845,low_risk,[]
txn_003198,user_0097,2024-02-12 03:06:21.863544399,565.14,0.7999999999999999,0.6867883061129623,0.9999814778244542,0.8516896676580222,high_risk,"['jump_from_previous', 'high_vs_average', 'high_share_of_total', 'increasing_sequence']"
txn_003477,user_0097,2024-02-15 21:40:19.073422030,71.87,0.0,0.0,0.0019456701671608182,0.0007782680668643274,low_risk,[]
txn_003502,user_0097,2024-02-16 06:01:08.694504365,56.48,0.0,0.0,0.0017760324554782555,0.0007104129821913022,low_risk,[]
txn_003691,user_0097,2024-02-18 23:53:59.091083786,63.28,0.0,0.0,0.0012754265284545252,0.0005101706113818101,low_risk,[]
txn_004032,user_0097,2024-02-23 07:27:00.584847066,53.99,0.0,0.0,0.0010681171823455908,0.00042724687293823634,low_risk,[]
txn_004377,user_0097,2024-02-28 02:53:47.794587733,51.95,0.0,0.0,0.0013784671955039795,0.0005513868782015918,low_risk,[]
txn_000575,user_0098,2024-01-08 14:23:32.458674839,15.1,0.0,0.0,0.03032372919537858,0.012129491678151432,low_risk,[]
txn_001112,user_0098,2024-01-15 19:16:48.839357147,17.62,0.0,0.0,0.07425881275505065,0.029703525102020262,low_risk,[]
txn_001573,user_0098,2024-01-21 12:50:15.840246642,15.19,0.0,0.0,0.07160575546232802,0.028642302184931207,low_risk,[]
txn_001640,user_0098,2024-01-22 09:06:19.293658957,17.74,0.0,0.0,0.07778121127912845,0.03111248451165138,low_risk,[]
txn_001819,user_0098,2024-01-25 02:22:49.911759338,16.63,0.0,0.0,0.07676675108189833,0.030706700432759332,low_risk,[]
txn_002101,user_0098,2024-01-28 20:02:49.805833703,12.8,0.0,0.0,0.030443166946013192,0.012177266778405277,low_risk,[]
txn_002206,user_0098,2024-01-30 09:34:19.234966015,12.74,0.0,0.0,0.052057236408840496,0.0208228945635362,low_risk,[]
txn_002387,user_0098,2024-02-01 12:14:14.037647467,17.43,0.0,0.0,0.05934993742899755,0.02373997497159902,low_risk,[]
txn_002565,user_0098,2024-02-03 15:54:38.168472931,19.83,0.1,0.0,0.07995889801133303,0.06698355920453321,low_risk,['increasing_sequence']
txn_002782,user_0098,2024-02-06 15:06:43.391941678,18.81,0.0,0.0,0.10130816640169683,0.040523266560678735,low_risk,[]
txn_002942,user_0098,2024-02-08 18:14:16.589876172,13.8,0.0,0.0,0.039688234747608034,0.015875293899043214,low_risk,[]
txn_003194,user_0098,2024-02-12 02:46:38.840378010,17.86,0.0,0.0,0.08541549421872249,0.034166197687489,low_risk,[]
txn_003229,user_0098,2024-02-12 13:49:28.782041362,295.54,0.7999999999999999,0.7398794732534781,0.9849814778244543,0.8589624594431513,high_risk,"['jump_from_previous', 'high_vs_average', 'high_share_of_total', 'increasing_sequence']"
txn_003903,user_0098,2024-02-21 14:41:23.865111458,22.39,0.0,0.0,0.08121291307307948,0.0324851652292318,low_risk,[]
txn_004353,user_0098,2024-02-27 17:09:28.688996257,24.16,0.0,0.0,0.06331022515439126,0.025324090061756507,low_risk,[]
txn_000104,user_0099,2024-01-02 12:21:45.761106928,139.37,0.0,0.0,0.005380728105425354,0.0021522912421701418,low_risk,[]
txn_000728,user_0099,2024-01-10 10:27:02.667129522,137.31,0.0,0.0,0.12524192857176397,0.05009677142870559,low_risk,[]
txn_000831,user_0099,2024-01-11 17:43:40.000692653,122.72,0.0,0.0,0.0621790791668262,0.02487163166673048,low_risk,[]
txn_001234,user_0099,2024-01-17 10:09:58.821212804,71.1,0.0,0.0,0.024739284280771642,0.009895713712308657,low_risk,[]
txn_002675,user_0099,2024-02-05 04:59:01.438519932,61.73,0.0,0.0,0.021088235450105016,0.008435294180042007,low_risk,[]
txn_003970,user_0099,2024-02-22 15:13:28.338225572,1086.79,0.7,0.7778233793962399,0.9999467184017954,0.8394345322097782,high_risk,"['jump_from_previous', 'high_vs_average', 'high_share_of_total']"
txn_004402,user_0099,2024-02-28 09:40:18.491788590,67.08,0.0,0.0,0.0005755748057195296,0.00023022992228781186,low_risk,[]
txn_000331,user_0100,2024-01-05 09:28:12.551375193,204.47,0.0,0.0,0.015046001813246728,0.006018400725298692,low_risk,[]
txn_000346,user_0100,2024-01-05 14:41:56.084388980,192.02,0.0,0.0,0.0355547987456559,0.01422191949826236,low_risk,[]
txn_000363,user_0100,2024-01-05 22:14:59.239164976,184.92,0.0,0.0,0.06021995806663494,0.024087983226653977,low_risk,[]
txn_000490,user_0100,2024-01-07 11:30:36.306340732,193.2,0.0,0.0,0.021391286309650953,0.008556514523860382,low_risk,[]
txn_000743,user_0100,2024-01-10 15:32:16.607579043,153.49,0.0,0.0,4.987704447546021e-05,1.9950817790184086e-05,low_risk,[]
txn_000817,user_0100,2024-01-11 13:17:07.065628601,197.23,0.0,0.0,0.01694783102501668,0.006779132410006672,low_risk,[]
txn_000856,user_0100,2024-01-12 04:04:26.230357118,169.77,0.0,0.0,0.0022122850057545804,0.0008849140023018322,low_risk,[]
txn_000932,user_0100,2024-01-13 09:39:13.533905818,219.41,0.0,0.0,0.017713329189637007,0.007085331675854803,low_risk,[]
txn_000958,user_0100,2024-01-13 17:31:15.279136533,139.16,0.0,0.0,4.987704447546021e-05,1.9950817790184086e-05,low_risk,[]
txn_001135,user_0100,2024-01-16 00:24:45.698801854,251.33,0.0,0.0,0.02083045476535018,0.008332181906140072,low_risk,[]
txn_001142,user_0100,2024-01-16 03:07:14.966188809,203.42,0.0,0.0,0.028251361664393904,0.011300544665757563,low_risk,[]
txn_001657,user_0100,2024-01-22 15:14:45.844488238,170.57,0.0,0.0,0.0017934089433417936,0.0007173635773367174,low_risk,[]
txn_001802,user_0100,2024-01-24 19:12:30.752827600,196.11,0.0,0.0,0.006966313282116898,0.002786525312846759,low_risk,[]
txn_001977,user_0100,2024-01-27 04:12:48.379168408,120.28,0.0,0.0,4.987704447546021e-05,1.9950817790184086e-05,low_risk,[]
txn_002334,user_0100,2024-01-31 15:50:56.407581016,158.61,0.0,0.0,0.001068059778392424,0.0004272239113569696,low_risk,[]
txn_002603,user_0100,2024-02-04 05:23:01.161488256,149.97,0.0,0.0,0.0001751704380946806,7.006817523787223e-05,low_risk,[]
txn_002638,user_0100,2024-02-04 18:15:32.745289816,182.79,0.0,0.0,0.005207254859881707,0.002082901943952683,low_risk,[]
txn_002693,user_0100,2024-02-05 10:09:09.880313617,184.89,0.1,0.0,0.005885608712112037,0.03735424348484481,low_risk,['increasing_sequence']
txn_002694,user_0100,2024-02-05 11:19:40.861272920,190.75,0.1,0.0,0.013881489112884863,0.04055259564515394,low_risk,['increasing_sequence']
txn_002855,user_0100,2024-02-07 12:46:30.804248389,248.15,0.1,0.0,0.012548355102985274,0.0400193420411941,low_risk,['increasing_sequence']
txn_002880,user_0100,2024-02-07 20:50:54.979397971,176.61,0.0,0.0,0.009128134588420185,0.0036512538353680743,low_risk,[]
txn_002906,user_0100,2024-02-08 04:36:02.487827478,174.65,0.0,0.0,0.0014944580004533376,0.0005977832001813351,low_risk,[]
txn_002933,user_0100,2024-02-08 14:03:02.547414820,145.28,0.0,0.0,4.987704447546021e-05,1.9950817790184086e-05,low_risk,[]
txn_003140,user_0100,2024-02-11 10:49:50.154853997,177.6,0.0,0.0,0.004761667529938643,0.0019046670119754574,low_risk,[]
txn_003292,user_0100,2024-02-13 09:12:26.135235291,2628.73,0.6,0.6432772416639213,0.999832430008223,0.7707522824192695,high_risk,"['jump_from_previous', 'high_vs_average', 'increasing_sequence']"
txn_003657,user_0100,2024-02-18 10:38:24.519111503,132.47,0.0,0.0,4.987704447546021e-05,1.9950817790184086e-05,low_risk,[]
txn_004010,user_0100,2024-02-23 01:46:25.106817033,238.96,0.0,0.0,0.0008675669292713365,0.0003470267717085346,low_risk,[]
txn_004011,user_0100,2024-02-23 02:07:48.273456050,217.39,0.0,0.0,0.00046645578521796607,0.00018658231408718643,low_risk,[]
txn_004097,user_0100,2024-02-24 06:43:55.447740848,181.05,0.0,0.0,9.429817074338609e-05,3.7719268297354435e-05,low_risk,[]
txn_004208,user_0100,2024-02-25 23:29:37.443310978,204.9,0.0,0.0,0.00021959156436260647,8.783662574504259e-05,low_risk,[]
txn_004274,user_0100,2024-02-26 19:29:32.791974202,184.18,0.0,0.0,0.00046645578521796607,0.00018658231408718643,low_risk,[]
txn_004316,user_0100,2024-02-27 09:13:11.314155028,147.06,0.0,0.0,4.987704447546021e-05,1.9950817790184086e-05,low_risk,[]
txn_004417,user_0100,2024-02-28 14:48:41.108853715,210.07,0.0,0.0,0.00014187330833955922,5.674932333582369e-05,low_risk,[]
txn_000042,user_0101,2024-01-01 14:38:46.266985838,82.37,0.0,0.0,0.01615315508003591,0.006461262032014365,low_risk,[]
txn_000221,user_0101,2024-01-04 02:31:41.405658303,85.8,0.0,0.0,0.1364742499860874,0.05458969999443496,low_risk,[]
txn_000324,user_0101,2024-01-05 06:14:37.015833667,71.86,0.0,0.0,0.046126534616414167,0.018450613846565666,low_risk,[]
txn_001055,user_0101,2024-01-15 01:33:44.477269819,74.47,0.0,0.0,0.10955923647412197,0.04382369458964879,low_risk,[]
txn_001544,user_0101,2024-01-21 06:53:33.601822417,106.7,0.1,0.0,0.7177113749467775,0.322084549978711,low_risk,['increasing_sequence']
txn_001545,user_0101,2024-01-21 06:55:16.309503186,95.9,0.0,0.0,0.5988266777410192,0.2395306710964077,low_risk,[]
txn_001546,user_0101,2024-01-21 06:56:53.509141999,93.92,0.0,0.0,0.7133379521563316,0.2853351808625326,low_risk,[]
txn_001547,user_0101,2024-01-21 07:01:36.684661800,96.4,0.0,0.0,0.8155952750620109,0.3262381100248044,low_risk,[]
txn_001549,user_0101,2024-01-21 07:09:47.797806799,99.06,0.1,0.0,0.6199685303040869,0.28298741212163475,low_risk,['increasing_sequence']
txn_001550,user_0101,2024-01-21 07:13:04.013148376,92.36,0.0,0.013333333333333334,0.8151929816605085,0.3294105259975368,low_risk,[]
txn_001551,user_0101,2024-01-21 07:20:18.479599416,72.15,0.0,0.02666666666666667,0.3557692526476731,0.1489743677257359,low_risk,[]
txn_001987,user_0101,2024-01-27 06:24:31.417670159,80.29,0.0,0.0,0.022590014931854932,0.009036005972741974,low_risk,[]
txn_002886,user_0101,2024-02-07 23:39:27.760149042,85.23,0.1,0.0,0.03932903018100192,0.05073161207240076,low_risk,['increasing_sequence']
txn_003156,user_0101,2024-02-11 16:41:33.072126328,80.68,0.0,0.0,0.028585114319933488,0.011434045727973395,low_risk,[]
txn_004253,user_0101,2024-02-26 13:56:59.228771739,89.36,0.0,0.0,0.05908731960518728,0.023634927842074913,low_risk,[]
txn_000445,user_0102,2024-01-07 01:19:03.520913720,137.71,0.0,0.0,0.016133630858264084,0.006453452343305634,low_risk,[]
txn_000673,user_0102,2024-01-09 18:17:07.942340837,157.38,0.0,0.0,0.08807273209835088,0.03522909283934036,low_risk,[]
txn_000755,user_0102,2024-01-10 18:47:23.602803051,172.17,0.1,0.0,0.07636619814150306,0.06554647925660122,low_risk,['increasing_sequence']
txn_000913,user_0102,2024-01-13 00:17:49.475233703,119.56,0.0,0.0,0.014362427977375027,0.005744971190950011,low_risk,[]
txn_001920,user_0102,2024-01-26 12:54:38.586052588,203.96,0.0,0.0,0.3538930663424126,0.14155722653696504,low_risk,[]
txn_001939,user_0102,2024-01-26 17:15:06.066080764,148.73,0.0,0.0,0.017946433327886157,0.007178573331154463,low_risk,[]
txn_002075,user_0102,2024-01-28 11:04:02.044432889,200.42,0.0,0.0,0.08594655362188446,0.03437862144875378,low_risk,[]
txn_002246,user_0102,2024-01-30 20:50:44.073384629,282.17,0.1,0.0,0.43914090456078675,0.21065636182431471,low_risk,['increasing_sequence']
txn_002271,user_0102,2024-01-31 00:57:10.566823036,211.06,0.0,0.0,0.054867988582744366,0.021947195433097748,low_risk,[]
txn_003066,user_0102,2024-02-10 09:43:34.350621056,207.35,0.0,0.0,0.057118969650930725,0.02284758786037229,low_risk,[]
txn_003297,user_0102,2024-02-13 10:42:35.568014144,1534.35,0.5,0.5590548389175687,0.9948702620560057,0.7127118145517944,high_risk,"['jump_from_previous', 'high_vs_average']"
txn_003633,user_0102,2024-02-18 01:22:31.975662254,183.61,0.0,0.0,0.0004725341386700754,0.00018901365546803017,low_risk,[]
txn_003706,user_0102,2024-02-19 04:27:55.179399907,269.92,0.0,0.0,0.01499301316691288,0.005997205266765153,low_risk,[]
txn_003847,user_0102,2024-02-20 23:35:47.525618645,106.27,0.0,0.0,0.00019733883779284034,7.893553511713614e-05,low_risk,[]
txn_003885,user_0102,2024-02-21 09:50:44.381580765,210.17,0.0,0.0,0.0012552117417382197,0.0005020846966952879,low_risk,[]
txn_003921,user_0102,2024-02-21 19:25:38.037424462,185.71,0.0,0.0,0.00042811301240214955,0.00017124520496085983,low_risk,[]
txn_004064,user_0102,2024-02-23 16:28:25.664739830,163.68,0.0,0.0,0.0005755748057195296,0.00023022992228781186,low_risk,[]
txn_000008,user_0103,2024-01-01 02:29:00.555824757,101.94,0.0,0.0,0.01599508226562402,0.006398032906249608,low_risk,[]
txn_000037,user_0103,2024-01-01 11:26:51.163417018,67.43,0.0,0.0,0.01655300006842074,0.006621200027368296,low_risk,[]
txn_000377,user_0103,2024-01-06 04:10:31.438450133,71.55,0.0,0.0,0.03132201977748557,0.012528807910994227,low_risk,[]
txn_000578,user_0103,2024-01-08 15:01:59.216960115,54.8,0.0,0.0,0.02166622238655429,0.008666488954621717,low_risk,[]
txn_001189,user_0103,2024-01-16 21:02:52.330394708,67.3,0.0,0.0,0.06564081317290435,0.026256325269161742,low_risk,[]
txn_001265,user_0103,2024-01-17 18:53:34.831734874,82.46,0.1,0.0,0.07326466084138232,0.06430586433655293,low_risk,['increasing_sequence']
txn_001375,user_0103,2024-01-19 10:07:00.395936301,73.72,0.0,0.0,0.07578418235938221,0.030313672943752885,low_risk,[]
txn_001697,user_0103,2024-01-23 06:35:10.907216397,66.05,0.0,0.0,0.05989585505094985,0.02395834202037994,low_risk,[]
txn_001837,user_0103,2024-01-25 06:05:29.527523938,82.54,0.0,0.0,0.04796528992963313,0.019186115971853254,low_risk,[]
txn_002173,user_0103,2024-01-29 22:06:30.470605125,70.8,0.0,0.0,0.05653772426944727,0.02261508970777891,low_risk,[]
txn_002196,user_0103,2024-01-30 06:25:24.795412408,903.17,0.5,0.66278408170202,0.9999467184017954,0.7406747077862231,high_risk,"['jump_from_previous', 'high_vs_average']"
txn_002757,user_0103,2024-02-06 08:23:58.035996914,46.87,0.0,0.0,0.00019733883779284034,7.893553511713614e-05,low_risk,[]
txn_002797,user_0103,2024-02-06 18:10:00.459786746,39.08,0.0,0.0,0.0008168322452032263,0.00032673289808129053,low_risk,[]
txn_003332,user_0103,2024-02-13 19:26:07.594654987,70.17,0.0,0.0,0.0030470676101494354,0.0012188270440597743,low_risk,[]
txn_003439,user_0103,2024-02-15 07:26:11.236111159,110.55,0.1,0.0,0.01520981076149547,0.04108392430459819,low_risk,['increasing_sequence']
txn_003578,user_0103,2024-02-17 09:14:26.784153518,61.83,0.0,0.0,0.00019733883779284034,7.893553511713614e-05,low_risk,[]
txn_003618,user_0103,2024-02-17 21:52:01.716524335,61.74,0.0,0.0,0.0005694964522674203,0.00022779858090696812,low_risk,[]
txn_003648,user_0103,2024-02-18 06:45:53.538525532,88.87,0.0,0.0,0.0005311536794516037,0.00021246147178064151,low_risk,[]
txn_003680,user_0103,2024-02-18 19:03:19.434525227,58.71,0.0,0.0,0.0008608329846575795,0.0003443331938630318,low_risk,[]
txn_003828,user_0103,2024-02-20 18:31:20.285604465,90.78,0.0,0.0,0.0016686024219460633,0.0006674409687784254,low_risk,[]
txn_003894,user_0103,2024-02-21 13:40:34.288738284,64.47,0.0,0.0,0.0009052541109255054,0.0003621016443702022,low_risk,[]
txn_004172,user_0103,2024-02-25 10:45:56.328010869,60.93,0.0,0.0,0.00032263223141206073,0.0001290528925648243,low_risk,[]
txn_004421,user_0103,2024-02-28 16:10:06.759419654,65.3,0.0,0.0,0.0008722275567534597,0.0003488910227013839,low_risk,[]
txn_004463,user_0103,2024-02-29 06:59:47.955249413,69.11,0.1,0.0,0.0005694964522674203,0.035227798580906966,low_risk,['increasing_sequence']
txn_000027,user_0104,2024-01-01 07:39:54.338897538,53.56,0.0,0.0,0.013366822402623163,0.005346728961049266,low_risk,[]
txn_000074,user_0104,2024-01-02 01:24:56.949465659,46.61,0.0,0.0,0.05855323437832509,0.023421293751330036,low_risk,[]
txn_000111,user_0104,2024-01-02 14:24:27.646166213,54.28,0.0,0.0,0.052137768472722196,0.02085510738908888,low_risk,[]
txn_000146,user_0104,2024-01-03 02:37:25.134956712,56.97,0.1,0.0,0.05107350089148878,0.05542940035659551,low_risk,['increasing_sequence']
txn_000190,user_0104,2024-01-03 16:43:58.800980439,68.09,0.1,0.0,0.12896298230800984,0.08658519292320394,low_risk,['increasing_sequence']
txn_000206,user_0104,2024-01-03 21:57:01.808909981,83.06,0.1,0.0,0.2814348625534524,0.14757394502138096,low_risk,['increasing_sequence']
txn_000243,user_0104,2024-01-04 07:53:32.882520814,31.35,0.0,0.0,0.032360395876674414,0.012944158350669767,low_risk,[]
txn_000248,user_0104,2024-01-04 09:34:34.736850268,83.06,0.0,0.024354066985645937,0.17872829590038905,0.07757983510656712,low_risk,[]
txn_000262,user_0104,2024-01-04 11:45:37.164619983,89.76,0.1,0.0,0.4261895603630263,0.20547582414521054,low_risk,['increasing_sequence']
txn_000555,user_0104,2024-01-08 06:00:06.701110371,30.32,0.0,0.0,0.011902251984092107,0.004760900793636843,low_risk,[]
txn_000809,user_0104,2024-01-11 11:15:09.559000829,45.18,0.0,0.0,0.009030677988369613,0.0036122711953478453,low_risk,[]
txn_000879,user_0104,2024-01-12 11:53:03.042067979,63.46,0.1,0.0,0.049858307863057956,0.05494332314522318,low_risk,['increasing_sequence']
txn_001021,user_0104,2024-01-14 11:03:16.178582186,71.73,0.1,0.0,0.059220243595639106,0.05868809743825564,low_risk,['increasing_sequence']
txn_001067,user_0104,2024-01-15 04:59:25.403925077,76.5,0.1,0.0,0.0566485461006537,0.05765941844026148,low_risk,['increasing_sequence']
txn_001296,user_0104,2024-01-18 04:54:40.505941050,803.55,0.6,0.6502682613471024,0.9999814778244542,0.7725596564665573,high_risk,"['jump_from_previous', 'high_vs_average', 'increasing_sequence']"
txn_001393,user_0104,2024-01-19 15:41:14.116117671,55.09,0.0,0.0,0.00019733883779284034,7.893553511713614e-05,low_risk,[]
txn_001732,user_0104,2024-01-23 21:26:40.683935260,54.98,0.0,0.0,0.0005618775435950709,0.00022475101743802837,low_risk,[]
txn_001811,user_0104,2024-01-24 23:21:29.879996867,35.19,0.0,0.0,0.0001751704380946806,7.006817523787223e-05,low_risk,[]
txn_001833,user_0104,2024-01-25 05:16:07.065230885,55.24,0.0,0.0,0.0031711911903606676,0.0012684764761442672,low_risk,[]
txn_002005,user_0104,2024-01-27 10:42:14.617908198,45.05,0.0,0.0,0.0005618775435950709,0.00022475101743802837,low_risk,[]
txn_002766,user_0104,2024-02-06 10:51:36.570002372,64.05,0.0,0.0,0.002314489272933605,0.000925795709173442,low_risk,[]
txn_002770,user_0104,2024-02-06 11:49:12.922615241,28.21,0.0,0.0,0.000475403475569045,0.000190161390227618,low_risk,[]
txn_002874,user_0104,2024-02-07 18:37:46.240705278,72.08,0.0,0.020817086139666784,0.012604818557797302,0.010246198958035618,low_risk,[]
txn_003127,user_0104,2024-02-11 07:19:51.392450575,83.9,0.1,0.0,0.012395234509985866,0.03995809380399434,low_risk,['increasing_sequence']
txn_003138,user_0104,2024-02-11 10:00:53.859443523,68.21,0.0,0.0,0.0012774117254000853,0.0005109646901600341,low_risk,[]
txn_003337,user_0104,2024-02-13 21:07:33.857353270,13.37,0.0,0.0,0.002685312907961912,0.0010741251631847647,low_risk,[]
txn_003489,user_0104,2024-02-16 01:34:09.661642942,70.18,0.25,0.12183994016454751,0.018421910352540448,0.12532874918215306,low_risk,['jump_from_previous']
txn_003936,user_0104,2024-02-22 02:38:24.839609677,54.33,0.0,0.0,0.00032263223141206073,0.0001290528925648243,low_risk,[]
txn_004093,user_0104,2024-02-24 04:14:16.016557856,50.13,0.0,0.0,0.000863981843686562,0.0003455927374746248,low_risk,[]
txn_004370,user_0104,2024-02-28 00:23:11.249993044,59.88,0.0,0.0,0.0019357328936788739,0.0007742931574715496,low_risk,[]
txn_000486,user_0105,2024-01-07 11:03:14.213566314,32.58,0.0,0.0,0.019590833277052983,0.007836333310821194,low_risk,[]
txn_001432,user_0105,2024-01-20 03:10:08.373171459,18.64,0.0,0.0,0.014870156792191351,0.005948062716876541,low_risk,[]
txn_002277,user_0105,2024-01-31 02:00:30.646224703,15.93,0.0,0.0,0.011194226666622032,0.004477690666648813,low_risk,[]
txn_002485,user_0105,2024-02-02 20:17:47.773248013,37.05,0.0,0.012217514124293788,0.03084428699381736,0.015392093328600392,low_risk,[]
txn_002727,user_0105,2024-02-05 22:47:31.507015966,37.38,0.1,0.0,0.04906244611907365,0.05462497844762946,low_risk,['increasing_sequence']
txn_002889,user_0105,2024-02-08 00:57:56.616566792,35.59,0.0,0.0,0.0450363427602953,0.01801453710411812,low_risk,[]
txn_003224,user_0105,2024-02-12 12:18:04.160287320,40.09,0.0,0.0,0.059806695706832634,0.023922678282733055,low_risk,[]
txn_003241,user_0105,2024-02-12 18:03:35.457123512,28.11,0.0,0.0,0.07749242658101753,0.030996970632407014,low_risk,[]
txn_003572,user_0105,2024-02-17 06:16:42.832701561,37.16,0.0,0.0,0.09469602558327095,0.03787841023330838,low_risk,[]
txn_003891,user_0105,2024-02-21 12:56:46.459620803,34.49,0.0,0.0,0.1076901808300253,0.04307607233201012,low_risk,[]
txn_004041,user_0105,2024-02-23 09:47:26.919018919,1487.94,0.7,0.8,0.9999467184017954,0.8449786873607181,high_risk,"['jump_from_previous', 'high_vs_average', 'high_share_of_total']"
txn_000022,user_0106,2024-01-01 06:24:26.408344927,44.23,0.0,0.0,0.026459393831548304,0.010583757532619323,low_risk,[]
txn_000148,user_0106,2024-01-03 03:03:14.222401779,38.82,0.0,0.0,0.10564097108850705,0.042256388435402824,low_risk,[]
txn_000612,user_0106,2024-01-09 01:25:59.181525147,34.99,0.0,0.0,0.04054958453059568,0.016219833812238273,low_risk,[]
txn_001084,user_0106,2024-01-15 11:08:33.989925239,49.08,0.0,0.0,0.10323674362695655,0.041294697450782625,low_risk,[]
txn_001383,user_0106,2024-01-19 12:29:55.096439430,81.83,0.1,0.0,0.42244247955696457,0.20397699182278584,low_risk,['increasing_sequence']
txn_001531,user_0106,2024-01-21 03:10:24.725945706,70.78,0.0,0.0,0.4791328687843397,0.19165314751373588,low_risk,[]
txn_002026,user_0106,2024-01-27 18:44:43.559293213,99.09,0.0,0.0,0.9460550589093457,0.37842202356373833,low_risk,[]
txn_002082,user_0106,2024-01-28 13:54:12.782273077,134.48,0.1,0.012382407716918986,0.9994544715621626,0.4378773905540948,medium_risk,['increasing_sequence']
txn_002157,user_0106,2024-01-29 14:17:44.522486565,176.95,0.1,0.02792336887764324,0.9993859540008608,0.44173522381975516,medium_risk,['increasing_sequence']
txn_002190,user_0106,2024-01-30 04:31:07.066980560,66.36,0.0,0.0,0.017356385416787534,0.006942554166715013,low_risk,[]
txn_002492,user_0106,2024-02-02 22:22:11.380534068,80.2,0.0,0.0,0.050145714078863785,0.020058285631545516,low_risk,[]
txn_002613,user_0106,2024-02-04 09:11:08.268721649,80.74,0.1,0.0,0.057454925275388764,0.057981970110155504,low_risk,['increasing_sequence']
txn_002883,user_0106,2024-02-07 21:42:35.899738142,70.74,0.0,0.0,0.030206701392310537,0.012082680556924215,low_risk,[]
txn_003095,user_0106,2024-02-10 19:41:29.663336513,53.34,0.0,0.0,0.0018500238654652718,0.0007400095461861087,low_risk,[]
txn_003391,user_0106,2024-02-14 16:12:15.230308940,38.81,0.0,0.0,0.002005747629796573,0.0008022990519186293,low_risk,[]
txn_003682,user_0106,2024-02-18 20:38:03.380467867,20.15,0.0,0.0,0.002706540950745062,0.0010826163802980248,low_risk,[]
txn_003700,user_0106,2024-02-19 03:17:04.098428154,72.13,0.0,0.05923697270471463,0.09094131912929415,0.051185770827896326,low_risk,[]
txn_004492,user_0106,2024-02-29 15:51:17.377607728,49.38,0.0,0.0,0.005536317166788527,0.002214526866715411,low_risk,[]
txn_000465,user_0107,2024-01-07 04:33:27.322359123,53.68,0.0,0.0018542238487343713,0.019481863009486226,0.008256301165978084,low_risk,[]
txn_000746,user_0107,2024-01-10 16:50:01.054148291,48.08,0.0,0.0,0.08695000385735172,0.03478000154294069,low_risk,[]
txn_001197,user_0107,2024-01-16 22:13:56.101166005,25.83,0.0,0.0,0.050380906279020844,0.02015236251160834,low_risk,[]
txn_002894,user_0107,2024-02-08 02:32:01.008895114,41.69,0.0,0.0,0.13365344199282825,0.0534613767971313,low_risk,[]
txn_003589,user_0107,2024-02-17 12:56:56.163591285,49.48,0.1,0.0,0.29619276466643407,0.15347710586657362,low_risk,['increasing_sequence']
txn_004215,user_0107,2024-02-26 02:45:33.691944248,43.56,0.0,0.0,0.1916954292848115,0.0766781717139246,low_risk,[]
txn_000006,user_0108,2024-01-01 01:50:03.100564616,75.44,0.0,0.0,0.003404759328166095,0.001361903731266438,low_risk,[]
txn_000058,user_0108,2024-01-01 19:54:38.722447081,64.5,0.0,0.0,0.014250483648716849,0.0057001934594867396,low_risk,[]
txn_000063,user_0108,2024-01-01 21:30:33.118879156,58.51,0.0,0.0,0.01096136756544373,0.004384547026177492,low_risk,[]
txn_000098,user_0108,2024-01-02 09:31:20.832003999,85.66,0.0,0.0,0.05887292489286729,0.023549169957146916,low_risk,[]
txn_000319,user_0108,2024-01-05 05:16:33.093585711,67.67,0.0,0.0,0.03580470082347018,0.014321880329388074,low_risk,[]
txn_000476,user_0108,2024-01-07 08:06:45.668621112,63.64,0.0,0.0,0.03562445233424199,0.014249780933696797,low_risk,[]
txn_000803,user_0108,2024-01-11 09:08:31.882776782,74.61,0.0,0.0,0.025700849348668245,0.0102803397394673,low_risk,[]
txn_000995,user_0108,2024-01-14 05:47:11.541443681,45.58,0.0,0.0,0.005938921886526687,0.002375568754610675,low_risk,[]
txn_001514,user_0108,2024-01-20 22:16:50.986826006,70.79,0.0,0.0,0.02870788782791809,0.011483155131167237,low_risk,[]
txn_001753,user_0108,2024-01-24 06:50:18.902989484,42.41,0.0,0.0,0.004901116881645271,0.0019604467526581084,low_risk,[]
txn_001800,user_0108,2024-01-24 18:47:40.604591996,76.5,0.0,0.0,0.022022428057503544,0.008808971223001418,low_risk,[]
txn_001861,user_0108,2024-01-25 18:12:32.185675886,41.22,0.0,0.0,0.010047391956427088,0.004018956782570835,low_risk,[]
txn_001934,user_0108,2024-01-26 16:45:35.765266541,51.66,0.0,0.0,0.010004690744973059,0.004001876297989224,low_risk,[]
txn_002135,user_0108,2024-01-29 06:38:47.703921760,71.02,0.1,0.0,0.013431128735316147,0.04037245149412645,low_risk,['increasing_sequence']
txn_002184,user_0108,2024-01-30 01:04:02.788282128,79.04,0.1,0.0,0.01260019660566339,0.04004007864226535,low_risk,['increasing_sequence']
txn_002255,user_0108,2024-01-30 23:14:09.898085176,53.83,0.0,0.0,0.010187163744740912,0.004074865497896365,low_risk,[]
txn_002376,user_0108,2024-02-01 08:49:10.261626716,88.25,0.0,0.0,0.024165975146133913,0.009666390058453565,low_risk,[]
txn_002383,user_0108,2024-02-01 11:39:27.950247538,71.06,0.0,0.0,0.013022901747801458,0.0052091606991205835,low_risk,[]
txn_002428,user_0108,2024-02-02 04:14:28.178842568,74.29,0.0,0.0,0.04592876350050697,0.018371505400202787,low_risk,[]
txn_002610,user_0108,2024-02-04 08:04:19.849880035,60.17,0.0,0.0,0.013802806463565966,0.005521122585426387,low_risk,[]
txn_002846,user_0108,2024-02-07 10:13:41.438749024,57.79,0.0,0.0,0.0122137727839484,0.004885509113579361,low_risk,[]
txn_002904,user_0108,2024-02-08 04:17:14.184938786,71.72,0.0,0.0,0.014563838215242299,0.00582553528609692,low_risk,[]
txn_003006,user_0108,2024-02-09 12:32:12.986289332,76.1,0.1,0.0,0.015080147609334111,0.04103205904373364,low_risk,['increasing_sequence']
txn_003139,user_0108,2024-02-11 10:01:56.254780052,66.2,0.0,0.0,0.011822668377594213,0.004729067351037685,low_risk,[]
txn_003216,user_0108,2024-02-12 07:50:11.897472769,60.49,0.0,0.0,0.011798897393868801,0.004719558957547521,low_risk,[]
txn_003354,user_0108,2024-02-14 03:55:56.316729815,71.28,0.0,0.0,0.018094618876192556,0.007237847550477023,low_risk,[]
txn_003679,user_0108,2024-02-18 18:27:24.796089964,66.59,0.0,0.0,0.010053050326679242,0.004021220130671697,low_risk,[]
txn_003787,user_0108,2024-02-20 08:50:17.400716388,9918.98,0.7,0.8,0.9999467184017954,0.8449786873607181,high_risk,"['jump_from_previous', 'high_vs_average', 'high_share_of_total']"
txn_004006,user_0108,2024-02-23 00:27:41.710555871,64.6,0.0,0.0,4.987704447546021e-05,1.9950817790184086e-05,low_risk,[]
txn_004107,user_0108,2024-02-24 10:26:07.784350667,58.48,0.0,0.0,0.0001751704380946806,7.006817523787223e-05,low_risk,[]
txn_004175,user_0108,2024-02-25 10:59:22.973067014,73.74,0.0,0.0,0.0001751704380946806,7.006817523787223e-05,low_risk,[]
txn_004335,user_0108,2024-02-27 14:32:41.664173591,45.69,0.0,0.0,4.987704447546021e-05,1.9950817790184086e-05,low_risk,[]
txn_004355,user_0108,2024-02-27 17:28:28.871530594,92.71,0.0,0.0010915955351280314,0.0006892369447047187,0.0005485936616638953,low_risk,[]
txn_004393,user_0108,2024-02-28 07:17:16.569829316,94.76,0.1,0.0,0.0010477012920277386,0.03541908051681109,low_risk,['increasing_sequence']
txn_000188,user_0109,2024-01-03 16:14:38.829267221,29.69,0.0,0.0,0.008151367831126261,0.0032605471324505045,low_risk,[]
txn_000212,user_0109,2024-01-03 22:47:54.084395298,29.58,0.0,0.0,0.05212204331743136,0.020848817326972545,low_risk,[]
txn_000389,user_0109,2024-01-06 08:00:55.832710471,27.55,0.0,0.0,0.03167741999573993,0.012670967998295974,low_risk,[]
txn_000488,user_0109,2024-01-07 11:09:34.705929741,20.09,0.0,0.0,0.01877883196309802,0.007511532785239208,low_risk,[]
txn_000678,user_0109,2024-01-09 18:54:37.003110706,22.76,0.0,0.0,0.02569862532428616,0.010279450129714464,low_risk,[]
txn_000679,user_0109,2024-01-09 19:13:49.919020823,29.86,0.1,0.0,0.025946662058321954,0.04537866482332878,low_risk,['increasing_sequence']
txn_000871,user_0109,2024-01-12 08:47:24.946077234,26.96,0.0,0.0,0.02876872916289352,0.01150749166515741,low_risk,[]
txn_000961,user_0109,2024-01-13 18:15:52.473355189,22.42,0.0,0.0,0.02355436474504692,0.00942174589801877,low_risk,[]
txn_000993,user_0109,2024-01-14 04:43:16.721055984,29.91,0.0,0.0,0.04034297770963971,0.016137191083855886,low_risk,[]
txn_001214,user_0109,2024-01-17 02:06:11.862620410,12.94,0.0,0.0,0.03829792800249761,0.015319171200999043,low_risk,[]
txn_001427,user_0109,2024-01-20 01:47:21.078993817,23.52,0.0,0.0,0.06799493346098218,0.027197973384392872,low_risk,[]
txn_001706,user_0109,2024-01-23 12:07:36.325050186,24.1,0.1,0.0,0.08332831143490399,0.0683313245739616,low_risk,['increasing_sequence']
txn_002288,user_0109,2024-01-31 05:21:33.671333948,30.64,0.1,0.0,0.04478430238374024,0.05291372095349609,low_risk,['increasing_sequence']
txn_002445,user_0109,2024-02-02 08:27:48.799100238,24.21,0.0,0.0,0.07079142533422711,0.028316570133690846,low_risk,[]
txn_002560,user_0109,2024-02-03 15:26:37.651606398,28.39,0.0,0.0,0.06380232097137473,0.025520928388549892,low_risk,[]
txn_002777,user_0109,2024-02-06 13:50:25.358850191,2938.85,0.7999999999999999,0.8,0.9999814778244542,0.8799925911297817,high_risk,"['jump_from_previous', 'high_vs_average', 'high_share_of_total', 'increasing_sequence']"
txn_003027,user_0109,2024-02-09 15:44:48.933544892,14.53,0.0,0.0,0.0027351899524373723,0.001094075980974949,low_risk,[]
txn_003123,user_0109,2024-02-11 04:52:07.741744376,27.87,0.0,0.0,0.001098020309369274,0.00043920812374770963,low_risk,[]
txn_003339,user_0109,2024-02-13 22:36:31.445135860,23.87,0.0,0.0,0.0011726099376778909,0.00046904397507115635,low_risk,[]
txn_003733,user_0109,2024-02-19 14:00:38.441442620,30.12,0.0,0.0,0.0008078850829271906,0.00032315403317087623,low_risk,[]
txn_003950,user_0109,2024-02-22 09:10:27.884493664,28.94,0.0,0.0,0.0011726099376778909,0.00046904397507115635,low_risk,[]
txn_004027,user_0109,2024-02-23 05:50:08.719720758,22.7,0.0,0.0,0.0016070835310475116,0.0006428334124190046,low_risk,[]
txn_004054,user_0109,2024-02-23 13:36:26.156443661,31.93,0.0,0.0,0.0011944617744965235,0.0004777847097986094,low_risk,[]
txn_004105,user_0109,2024-02-24 08:56:53.981500417,15.31,0.0,0.0,0.0017032206893460658,0.0006812882757384264,low_risk,[]
txn_004303,user_0109,2024-02-27 04:59:11.397608550,23.19,0.0,0.0,0.0011855146122204876,0.00047420584488819505,low_risk,[]
txn_000613,user_0110,2024-01-09 01:27:30.671788760,80.84,0.0,0.0,0.01682555061640473,0.006730220246561893,low_risk,[]
txn_000860,user_0110,2024-01-12 06:33:48.199547440,43.52,0.0,0.0,0.01809136963798217,0.007236547855192868,low_risk,[]
txn_001016,user_0110,2024-01-14 09:28:17.645010532,39.92,0.0,0.0,0.027453827824800662,0.010981531129920265,low_risk,[]
txn_001317,user_0110,2024-01-18 11:43:13.067097969,70.25,0.0,0.0,0.10238019102548147,0.04095207641019259,low_risk,[]
txn_001354,user_0110,2024-01-19 01:14:06.564942764,51.41,0.0,0.0,0.22035273498313385,0.08814109399325354,low_risk,[]
txn_001627,user_0110,2024-01-22 05:59:19.871828383,72.38,0.0,0.0,0.15943748128506333,0.06377499251402534,low_risk,[]
txn_001912,user_0110,2024-01-26 11:04:01.083989486,50.24,0.0,0.0,0.09874763328039222,0.03949905331215689,low_risk,[]
txn_002128,user_0110,2024-01-29 03:33:00.275472947,97.01,0.0,0.0,0.8918463187051069,0.35673852748204277,low_risk,[]
txn_002143,user_0110,2024-01-29 09:18:26.158197210,135.82,0.1,0.007458907767470379,0.9992295008483674,0.4365565272812146,medium_risk,['increasing_sequence']
txn_002750,user_0110,2024-02-06 05:19:31.671803295,184.33,0.1,0.029326151015762657,0.9994117306478881,0.44209623001309595,medium_risk,['increasing_sequence']
txn_003165,user_0110,2024-02-11 18:59:05.752142602,242.53,0.1,0.04685971031342344,0.9996333356031115,0.4465682618196005,medium_risk,['increasing_sequence']
txn_003389,user_0110,2024-02-14 15:36:41.847748735,113.22,0.0,0.0,0.16053785470645807,0.06421514188258323,low_risk,[]
txn_003582,user_0110,2024-02-17 10:14:54.993583827,74.41,0.0,0.0,0.007640908186476747,0.003056363274590699,low_risk,[]
txn_003858,user_0110,2024-02-21 02:32:46.948029433,52.43,0.0,0.0,0.0005755748057195296,0.00023022992228781186,low_risk,[]
txn_000015,user_0111,2024-01-01 04:21:31.915515841,187.38,0.0,0.0,0.017330030107845725,0.00693201204313829,low_risk,[]
txn_000036,user_0111,2024-01-01 10:57:54.626689787,176.47,0.0,0.0,0.024960812163018806,0.009984324865207523,low_risk,[]
txn_000078,user_0111,2024-01-02 02:10:26.888747892,219.08,0.0,0.0,0.02116153037430833,0.008464612149723333,low_risk,[]
txn_000865,user_0111,2024-01-12 07:46:51.119690267,214.31,0.0,0.0,0.025553390855599774,0.010221356342239911,low_risk,[]
txn_000886,user_0111,2024-01-12 14:07:37.626928788,169.56,0.0,0.0,0.0024091225431893794,0.0009636490172757518,low_risk,[]
txn_000985,user_0111,2024-01-14 02:00:33.555071746,223.36,0.0,0.0,0.011945484094570438,0.004778193637828176,low_risk,[]
txn_001020,user_0111,2024-01-14 10:30:18.238331852,208.66,0.0,0.0,0.017144407635803306,0.006857763054321323,low_risk,[]
txn_001065,user_0111,2024-01-15 03:41:24.944213811,173.66,0.0,0.0,0.0008730228474788708,0.00034920913899154837,low_risk,[]
txn_001187,user_0111,2024-01-16 20:10:46.351223328,206.71,0.0,0.0,0.0063339755674096075,0.002533590226963843,low_risk,[]
txn_001392,user_0111,2024-01-19 14:34:22.185253099,200.09,0.0,0.0,0.007566554154467434,0.003026621661786974,low_risk,[]
txn_001594,user_0111,2024-01-21 18:47:55.594335435,217.19,0.0,0.0,0.00808481096341016,0.0032339243853640644,low_risk,[]
txn_001655,user_0111,2024-01-22 13:30:14.972358557,188.35,0.0,0.0,0.004081322978536487,0.0016325291914145949,low_risk,[]
txn_001695,user_0111,2024-01-23 06:07:35.382601864,185.12,0.0,0.0,0.0014305022859358945,0.0005722009143743578,low_risk,[]
txn_001751,user_0111,2024-01-24 06:30:30.333535535,201.39,0.0,0.0,0.006825886302445212,0.002730354520978085,low_risk,[]
txn_001771,user_0111,2024-01-24 11:53:23.688059992,182.84,0.0,0.0,0.0021211454315484476,0.0008484581726193791,low_risk,[]
txn_001882,user_0111,2024-01-26 01:02:22.254308152,213.62,0.0,0.0,0.00734208747961267,0.002936834991845068,low_risk,[]
txn_002137,user_0111,2024-01-29 07:09:17.587223328,219.2,0.1,0.0,0.007470560248941286,0.037988224099576515,low_risk,['increasing_sequence']
txn_002213,user_0111,2024-01-30 12:49:39.345949896,195.19,0.0,0.0,0.008548671349620136,0.0034194685398480544,low_risk,[]
txn_002320,user_0111,2024-01-31 12:50:13.714494551,178.69,0.0,0.0,0.0018742812106930882,0.0007497124842772353,low_risk,[]
txn_002389,user_0111,2024-02-01 13:25:27.586387467,161.19,0.0,0.0,0.0001751704380946806,7.006817523787223e-05,low_risk,[]
txn_002470,user_0111,2024-02-02 16:23:11.768058099,177.46,0.0,0.0,0.0011836380650805348,0.00047345522603221395,low_risk,[]
txn_002529,user_0111,2024-02-03 08:04:57.896362117,198.41,0.1,0.0,0.011287467989244198,0.039514987195697675,low_risk,['increasing_sequence']
txn_002557,user_0111,2024-02-03 14:39:04.601610592,196.18,0.0,0.0,0.011091157663292306,0.004436463065316923,low_risk,[]
txn_002579,user_0111,2024-02-03 21:05:43.231084966,181.42,0.0,0.0,0.00082990161217838,0.000331960644871352,low_risk,[]
txn_002644,user_0111,2024-02-04 19:48:10.215301216,153.6,0.0,0.0,4.987704447546021e-05,1.9950817790184086e-05,low_risk,[]
txn_002751,user_0111,2024-02-06 06:00:35.145088973,206.34,0.0,0.0,0.007264369223589623,0.0029057476894358493,low_risk,[]
txn_003256,user_0111,2024-02-12 23:50:59.369017739,187.14,0.0,0.0,0.007657213911856182,0.003062885564742473,low_risk,[]
txn_003383,user_0111,2024-02-14 13:13:49.348328100,204.53,0.0,0.0,0.007833998214648275,0.00313359928585931,low_risk,[]
txn_003507,user_0111,2024-02-16 07:42:58.428907395,187.4,0.0,0.0,0.007657213911856182,0.003062885564742473,low_risk,[]
txn_003655,user_0111,2024-02-18 10:29:53.562175558,2915.66,0.5,0.6343403925321056,0.9998702620560057,0.7335332029554287,high_risk,"['jump_from_previous', 'high_vs_average']"
txn_003743,user_0111,2024-02-19 17:00:01.908520575,189.52,0.0,0.0,9.429817074338609e-05,3.7719268297354435e-05,low_risk,[]
txn_003780,user_0111,2024-02-20 06:42:32.631381390,206.99,0.0,0.0,0.00046645578521796607,0.00018658231408718643,low_risk,[]
txn_003822,user_0111,2024-02-20 17:04:12.660913298,208.62,0.1,0.0,0.00046645578521796607,0.03518658231408718,low_risk,['increasing_sequence']
txn_004034,user_0111,2024-02-23 07:34:46.349347349,196.44,0.0,0.0,0.00021959156436260647,8.783662574504259e-05,low_risk,[]
txn_004198,user_0111,2024-02-25 18:32:50.914838668,173.67,0.0,0.0,4.987704447546021e-05,1.9950817790184086e-05,low_risk,[]
txn_004204,user_0111,2024-02-25 21:02:25.386358460,147.14,0.0,0.0,4.987704447546021e-05,1.9950817790184086e-05,low_risk,[]
txn_004297,user_0111,2024-02-27 03:13:17.723198908,180.82,0.0,0.0,0.0001751704380946806,7.006817523787223e-05,low_risk,[]
txn_004406,user_0111,2024-02-28 10:56:50.447591059,194.62,0.1,0.0,0.00021959156436260647,0.035087836625745036,low_risk,['increasing_sequence']
txn_004414,user_0111,2024-02-28 13:00:26.740584748,171.91,0.0,0.0,4.987704447546021e-05,1.9950817790184086e-05,low_risk,[]
txn_000068,user_0112,2024-01-01 23:19:15.721007561,114.07,0.0,0.0,0.003404759328166095,0.001361903731266438,low_risk,[]
txn_000220,user_0112,2024-01-04 02:30:57.422763494,95.02,0.0,0.0,0.003862365662146162,0.001544946264858465,low_risk,[]
txn_000303,user_0112,2024-01-05 00:11:50.710486533,122.49,0.0,0.0,0.023638881913745646,0.00945555276549826,low_risk,[]
txn_000902,user_0112,2024-01-12 19:38:58.867743756,99.69,0.0,0.0,0.028903211143579584,0.011561284457431834,low_risk,[]
txn_000910,user_0112,2024-01-12 23:26:44.355718292,112.54,0.0,0.0,0.019252520198795635,0.0077010080795182545,low_risk,[]
txn_001064,user_0112,2024-01-15 03:34:58.596372857,91.92,0.0,0.0,0.0021371202370129606,0.0008548480948051843,low_risk,[]
txn_001137,user_0112,2024-01-16 01:14:43.161858283,110.59,0.0,0.0,0.010600274836784851,0.0042401099347139405,low_risk,[]
txn_001151,user_0112,2024-01-16 07:29:06.298848988,95.78,0.0,0.0,0.00711674165883468,0.002846696663533872,low_risk,[]
txn_001738,user_0112,2024-01-24 00:48:05.284244302,84.05,0.0,0.0,0.0001751704380946806,7.006817523787223e-05,low_risk,[]
txn_001798,user_0112,2024-01-24 18:19:10.170684480,110.44,0.0,0.0,0.005427237231425015,0.0021708948925700062,low_risk,[]
txn_001806,user_0112,2024-01-24 20:38:40.608518507,107.67,0.0,0.0,0.01433491030103359,0.005733964120413436,low_risk,[]
txn_001964,user_0112,2024-01-27 00:38:43.176915152,109.71,0.0,0.0,0.005816425872510641,0.0023265703490042565,low_risk,[]
txn_002121,user_0112,2024-01-29 01:50:38.214869055,111.76,0.1,0.0,0.005269378521708574,0.03710775140868343,low_risk,['increasing_sequence']
txn_002183,user_0112,2024-01-30 00:55:26.392045428,90.4,0.0,0.0,0.0027812801576639597,0.001112512063065584,low_risk,[]
txn_002615,user_0112,2024-02-04 09:29:49.175209787,93.45,0.0,0.0,0.002238872117240227,0.0008955488468960908,low_risk,[]
txn_002857,user_0112,2024-02-07 13:20:51.210578320,134.82,0.1,0.0,0.010597885294202573,0.03923915411768102,low_risk,['increasing_sequence']
txn_003029,user_0112,2024-02-09 17:00:33.692375624,11346.75,0.7999999999999999,0.8,0.9999603680536463,0.8799841472214585,high_risk,"['jump_from_previous', 'high_vs_average', 'high_share_of_total', 'increasing_sequence']"
txn_003212,user_0112,2024-02-12 07:12:42.906063026,92.22,0.0,0.0,4.987704447546021e-05,1.9950817790184086e-05,low_risk,[]
txn_003486,user_0112,2024-02-16 00:58:43.068090959,90.76,0.0,0.0,0.0001751704380946806,7.006817523787223e-05,low_risk,[]
txn_003764,user_0112,2024-02-20 02:20:03.475644795,102.28,0.0,0.0,0.0001751704380946806,7.006817523787223e-05,low_risk,[]
txn_003915,user_0112,2024-02-21 17:30:31.811284416,92.88,0.0,0.0,0.0001751704380946806,7.006817523787223e-05,low_risk,[]
txn_004070,user_0112,2024-02-23 18:26:55.167531119,110.33,0.0,0.0,0.0001751704380946806,7.006817523787223e-05,low_risk,[]
txn_004399,user_0112,2024-02-28 09:26:41.898208999,93.84,0.0,0.0,0.0001751704380946806,7.006817523787223e-05,low_risk,[]
txn_004405,user_0112,2024-02-28 10:46:24.543659251,110.78,0.0,0.0,0.00042203465895004015,0.00016881386358001606,low_risk,[]
txn_000131,user_0113,2024-01-02 21:07:51.958927890,52.43,0.0,0.0,0.025496774198524294,0.010198709679409718,low_risk,[]
txn_000330,user_0113,2024-01-05 09:13:00.297383465,64.15,0.0,0.0,0.07121792956157337,0.02848717182462935,low_risk,[]
txn_000882,user_0113,2024-01-12 12:32:30.794064619,65.26,0.1,0.0,0.07286153811460877,0.0641446152458435,low_risk,['increasing_sequence']
txn_000968,user_0113,2024-01-13 20:40:58.049963941,49.28,0.0,0.0,0.042201809670773464,0.016880723868309386,low_risk,[]
txn_001092,user_0113,2024-01-15 14:07:15.558838058,59.33,0.0,0.0,0.13095289120961986,0.052381156483847946,low_risk,[]
txn_001534,user_0113,2024-01-21 04:12:38.299332143,61.63,0.1,0.0,0.13713664710414414,0.08985465884165766,low_risk,['increasing_sequence']
txn_001784,user_0113,2024-01-24 15:26:06.558074169,462.92,0.6,0.5404573671174311,0.9999814778244542,0.7451069329091394,high_risk,"['jump_from_previous', 'high_vs_average', 'increasing_sequence']"
txn_001785,user_0113,2024-01-24 15:29:38.145165918,54.5,0.0,0.0,0.004129180560593505,0.0016516722242374022,low_risk,[]
txn_002360,user_0113,2024-02-01 02:46:27.592995737,51.41,0.0,0.0,0.0013784671955039795,0.0005513868782015918,low_risk,[]
txn_002414,user_0113,2024-02-01 23:14:40.655685894,44.25,0.0,0.0,0.0066527408900595745,0.00266109635602383,low_risk,[]
txn_002535,user_0113,2024-02-03 09:11:31.330891909,47.57,0.0,0.0,0.0022835040783910406,0.0009134016313564162,low_risk,[]
txn_002676,user_0113,2024-02-05 05:29:16.264548029,68.87,0.1,0.0,0.004760372530072877,0.036904149012029146,low_risk,['increasing_sequence']
txn_002870,user_0113,2024-02-07 17:43:30.321132343,40.95,0.0,0.0,0.00019733883779284034,7.893553511713614e-05,low_risk,[]
txn_003496,user_0113,2024-02-16 03:39:09.811467469,50.97,0.0,0.0,0.0028028551819688284,0.0011211420727875313,low_risk,[]
txn_003647,user_0113,2024-02-18 06:43:16.483263393,37.51,0.0,0.0,0.0021646478256495453,0.0008658591302598182,low_risk,[]
txn_003665,user_0113,2024-02-18 13:38:07.648564615,63.11,0.0,0.0,0.006189852753633386,0.0024759411014533546,low_risk,[]
txn_003809,user_0113,2024-02-20 13:39:45.671035360,48.92,0.0,0.0,0.001695397616638184,0.0006781590466552736,low_risk,[]
txn_003810,user_0113,2024-02-20 13:43:31.411905954,56.27,0.0,0.0,0.0029278439998238794,0.0011711375999295518,low_risk,[]
txn_004152,user_0113,2024-02-25 04:19:19.589608754,55.47,0.0,0.0,0.0016805714955954705,0.0006722285982381882,low_risk,[]
txn_004176,user_0113,2024-02-25 11:36:55.073145173,67.49,0.0,0.0,0.02832099170303761,0.011328396681215045,low_risk,[]
txn_004190,user_0113,2024-02-25 16:32:53.418027891,49.31,0.0,0.0,0.0057631147419491355,0.0023052458967796545,low_risk,[]
txn_000292,user_0114,2024-01-04 19:46:44.767588176,24.21,0.0,0.0,0.014867441086077198,0.00594697643443088,low_risk,[]
txn_000328,user_0114,2024-01-05 07:54:56.430074015,10.5,0.0,0.0,0.05987486156435137,0.02394994462574055,low_risk,[]
txn_000664,user_0114,2024-01-09 14:54:15.710648198,18.12,0.0,0.0,0.02762184238662692,0.011048736954650768,low_risk,[]
txn_000764,user_0114,2024-01-10 21:25:22.892750756,23.44,0.1,0.0,0.028721117553759615,0.04648844702150384,low_risk,['increasing_sequence']
txn_001045,user_0114,2024-01-14 21:13:40.393629651,13.6,0.0,0.0,0.03468229568460274,0.013872918273841095,low_risk,[]
txn_001068,user_0114,2024-01-15 05:30:05.387999465,14.13,0.0,0.0,0.03838296079033182,0.01535318431613273,low_risk,[]
txn_001196,user_0114,2024-01-16 22:05:35.972124516,20.66,0.1,0.0,0.03803537944442126,0.0502141517777685,low_risk,['increasing_sequence']
txn_001213,user_0114,2024-01-17 02:03:49.915763084,26.03,0.1,0.0,0.04937768273225124,0.05475107309290049,low_risk,['increasing_sequence']
txn_001344,user_0114,2024-01-18 21:11:20.450979873,25.89,0.0,0.0,0.07890051825764494,0.031560207303057974,low_risk,[]
txn_001387,user_0114,2024-01-19 13:31:12.142881328,253.84,0.5,0.6136736211251866,0.9948690904526319,0.7263660414623494,high_risk,"['jump_from_previous', 'high_vs_average']"
txn_001445,user_0114,2024-01-20 06:33:52.637201157,16.36,0.0,0.0,0.0773961512190698,0.03095846048762792,low_risk,[]
txn_001533,user_0114,2024-01-21 03:24:10.464966524,23.58,0.0,0.0,0.03831850418021588,0.015327401672086353,low_risk,[]
txn_002004,user_0114,2024-01-27 10:37:28.458520289,10.05,0.0,0.0,0.036843028374016755,0.014737211349606703,low_risk,[]
txn_002018,user_0114,2024-01-27 15:58:31.779055889,21.16,0.0,0.003955223880597008,0.03228168047814439,0.01390147816140701,low_risk,[]
txn_002239,user_0114,2024-01-30 19:09:36.695575156,24.42,0.1,0.0,0.03986864769610255,0.05094745907844102,low_risk,['increasing_sequence']
txn_002247,user_0114,2024-01-30 21:00:56.746147278,24.13,0.0,0.0,0.06994473744380927,0.02797789497752371,low_risk,[]
txn_002486,user_0114,2024-02-02 20:48:24.180692535,19.89,0.0,0.0,0.02603213391427006,0.010412853565708025,low_risk,[]
txn_002633,user_0114,2024-02-04 16:28:27.198487940,18.65,0.0,0.0,0.025426230110857463,0.010170492044342986,low_risk,[]
txn_002765,user_0114,2024-02-06 10:27:24.656425984,17.04,0.0,0.0,0.020160420028329528,0.008064168011331812,low_risk,[]
txn_002892,user_0114,2024-02-08 01:34:12.110691589,25.97,0.0,0.0,0.04742560210315513,0.018970240841262052,low_risk,[]
txn_002902,user_0114,2024-02-08 04:00:05.338773562,22.65,0.0,0.0,0.03724488597220168,0.014897954388880672,low_risk,[]
txn_002909,user_0114,2024-02-08 05:04:18.386689430,22.69,0.0,0.0,0.15102144976449097,0.06040857990579639,low_risk,[]
txn_003103,user_0114,2024-02-10 23:17:01.147650897,21.79,0.0,0.0,0.03007791505620917,0.012031166022483669,low_risk,[]
txn_003173,user_0114,2024-02-11 20:55:48.479575562,19.43,0.0,0.0,0.029888097833791136,0.011955239133516454,low_risk,[]
txn_003176,user_0114,2024-02-11 21:11:58.303953499,21.7,0.0,0.0,0.12234663573265835,0.04893865429306334,low_risk,[]
txn_003300,user_0114,2024-02-13 11:45:42.464412424,21.78,0.1,0.0,0.03356393145215575,0.048425572580862296,low_risk,['increasing_sequence']
txn_003453,user_0114,2024-02-15 13:26:02.641885351,18.11,0.0,0.0,0.019533567905253617,0.007813427162101446,low_risk,[]
txn_003560,user_0114,2024-02-17 04:00:53.388523746,16.88,0.0,0.0,0.022873153000769864,0.009149261200307946,low_risk,[]
txn_003689,user_0114,2024-02-18 23:29:48.198655995,21.6,0.0,0.0,0.024691605950470992,0.009876642380188398,low_risk,[]
txn_003690,user_0114,2024-02-18 23:51:40.928663522,15.46,0.0,0.0,0.015318081831434238,0.006127232732573696,low_risk,[]
txn_003757,user_0114,2024-02-20 00:03:32.860942169,29.97,0.0,0.0,0.09630921396592675,0.038523685586370704,low_risk,[]
txn_003880,user_0114,2024-02-21 07:21:37.707476023,27.99,0.0,0.0,0.10842856015970598,0.04337142406388239,low_risk,[]
txn_004055,user_0114,2024-02-23 13:36:26.499472408,22.44,0.0,0.0,0.027604489571419196,0.01104179582856768,low_risk,[]
txn_004108,user_0114,2024-02-24 11:02:11.152263253,18.93,0.0,0.0,0.02013185776828425,0.0080527431073137,low_risk,[]
txn_004379,user_0114,2024-02-28 03:20:53.150320543,17.12,0.0,0.0,0.01241530663719738,0.004966122654878952,low_risk,[]
txn_004418,user_0114,2024-02-28 14:56:53.576696204,32.18,0.0,0.0,0.11806942771516518,0.04722777108606607,low_risk,[]
txn_004469,user_0114,2024-02-29 09:30:15.329264128,22.89,0.0,0.0,0.06056384834307684,0.024225539337230737,low_risk,[]
txn_000970,user_0115,2024-01-13 21:03:34.699442098,38.47,0.0,0.0,0.024843743985511736,0.009937497594204696,low_risk,[]
txn_001128,user_0115,2024-01-15 22:44:16.889540097,38.99,0.0,0.0,0.12996616316492082,0.05198646526596833,low_risk,[]
txn_001329,user_0115,2024-01-18 15:31:46.127156079,27.64,0.0,0.0,0.0735894709399673,0.029435788375986923,low_risk,[]
txn_001947,user_0115,2024-01-26 18:35:30.563755509,30.27,0.0,0.0,0.07653948787278514,0.030615795149114056,low_risk,[]
txn_002900,user_0115,2024-02-08 03:26:28.833117574,46.56,0.1,0.0,0.1650419047138602,0.10101676188554409,low_risk,['increasing_sequence']
txn_003122,user_0115,2024-02-11 04:04:46.370592165,37.06,0.0,0.0,0.15224233649839403,0.06089693459935761,low_risk,[]
txn_003607,user_0115,2024-02-17 18:28:21.781260517,44.8,0.0,0.0,0.21027376513041993,0.08410950605216798,low_risk,[]
txn_003631,user_0115,2024-02-18 01:02:27.884054503,35.3,0.0,0.0,0.31750899108408154,0.12700359643363263,low_risk,[]
txn_003721,user_0115,2024-02-19 09:33:29.523498692,464.39,0.7,0.7633017236862787,0.9999467184017954,0.8358041182822878,high_risk,"['jump_from_previous', 'high_vs_average', 'high_share_of_total']"
txn_000280,user_0116,2024-01-04 16:20:52.849574833,55.91,0.0,0.0,0.004349807983002959,0.0017399231932011838,low_risk,[]
txn_000326,user_0116,2024-01-05 07:09:49.759402738,41.69,0.0,0.0,0.023356071065136833,0.009342428426054733,low_risk,[]
txn_000454,user_0116,2024-01-07 02:04:31.549168002,26.6,0.0,0.0,0.010228348786483552,0.004091339514593421,low_risk,[]
txn_000460,user_0116,2024-01-07 02:35:24.904708958,53.89,0.0,0.0009727443609022557,0.04296839419852372,0.01743054376963505,low_risk,[]
txn_000846,user_0116,2024-01-11 23:50:23.503250911,48.31,0.0,0.0,0.03981148983323213,0.015924595933292852,low_risk,[]
txn_001040,user_0116,2024-01-14 17:52:26.929304047,39.2,0.0,0.0,0.053796347473021984,0.021518538989208795,low_risk,[]
txn_001129,user_0116,2024-01-15 23:20:35.088027905,64.7,0.0,0.0,0.050503253245577626,0.020201301298231052,low_risk,[]
txn_001193,user_0116,2024-01-16 21:36:06.926553193,3372.2,0.7999999999999999,0.8,0.9999814778244542,0.8799925911297817,high_risk,"['jump_from_previous', 'high_vs_average', 'high_share_of_total', 'increasing_sequence']"
txn_001314,user_0116,2024-01-18 10:59:33.868017102,47.6,0.0,0.0,4.987704447546021e-05,1.9950817790184086e-05,low_risk,[]
txn_001322,user_0116,2024-01-18 14:05:49.528968639,64.31,0.0,0.0,0.000739113989180179,0.0002956455956720716,low_risk,[]
txn_001359,user_0116,2024-01-19 02:16:02.592930219,37.57,0.0,0.0,4.987704447546021e-05,1.9950817790184086e-05,low_risk,[]
txn_001373,user_0116,2024-01-19 09:15:25.887305521,44.69,0.0,0.0,0.008205825242718448,0.0032823300970873793,low_risk,[]
txn_001632,user_0116,2024-01-22 07:16:02.158764784,54.97,0.1,0.0,0.0001751704380946806,0.03507006817523787,low_risk,['increasing_sequence']
txn_001757,user_0116,2024-01-24 07:58:27.993384017,49.79,0.0,0.0,0.0001751704380946806,7.006817523787223e-05,low_risk,[]
txn_002497,user_0116,2024-02-03 00:07:18.811869851,45.43,0.0,0.0,0.00038235865183360555,0.00015294346073344223,low_risk,[]
txn_002664,user_0116,2024-02-05 01:40:03.603156151,65.82,0.0,0.0,0.00030464039581055833,0.00012185615832422334,low_risk,[]
txn_002669,user_0116,2024-02-05 02:47:14.823182408,45.28,0.0,0.0,0.00042203465895004015,0.00016881386358001606,low_risk,[]
txn_002704,user_0116,2024-02-05 16:05:26.722313350,65.02,0.0,0.0,0.0007644573713465681,0.0003057829485386273,low_risk,[]
txn_003200,user_0116,2024-02-12 03:50:10.198886864,53.66,0.0,0.0,0.0001751704380946806,7.006817523787223e-05,low_risk,[]
txn_003313,user_0116,2024-02-13 14:24:06.695906774,34.2,0.0,0.0,0.0001751704380946806,7.006817523787223e-05,low_risk,[]
txn_003390,user_0116,2024-02-14 15:46:07.014856498,50.73,0.0,0.0,0.005031480664841163,0.0020125922659364652,low_risk,[]
txn_003935,user_0116,2024-02-22 02:19:15.829788375,61.57,0.1,0.0,0.0001751704380946806,0.03507006817523787,low_risk,['increasing_sequence']
txn_004219,user_0116,2024-02-26 03:22:26.303096286,26.8,0.0,0.0,0.000475403475569045,0.000190161390227618,low_risk,[]
txn_004244,user_0116,2024-02-26 09:47:39.938305361,44.7,0.0,0.0,0.0014716923263960102,0.0005886769305584041,low_risk,[]
txn_004321,user_0116,2024-02-27 10:27:18.438909351,61.13,0.1,0.0,9.745218207163335e-05,0.03503898087282865,low_risk,['increasing_sequence']
txn_000096,user_0117,2024-01-02 08:46:49.205953051,122.38,0.0,0.0,0.01599508226562402,0.006398032906249608,low_risk,[]
txn_000298,user_0117,2024-01-04 23:21:00.216858944,173.95,0.0,0.0,0.2415058934538373,0.09660235738153493,low_risk,[]
txn_000468,user_0117,2024-01-07 05:55:38.252814962,146.14,0.0,0.0,0.09056205391437205,0.03622482156574882,low_risk,[]
txn_000748,user_0117,2024-01-10 17:05:08.626576993,137.99,0.0,0.0,0.04341231288604945,0.017364925154419782,low_risk,[]
txn_001103,user_0117,2024-01-15 17:16:37.699133132,54.48,0.0,0.0,0.00992870093401896,0.003971480373607584,low_risk,[]
txn_001398,user_0117,2024-01-19 17:52:56.658347083,131.22,0.0,0.015322136563876647,0.08941211364569775,0.03959537959924826,low_risk,[]
txn_001830,user_0117,2024-01-25 04:18:05.723230697,187.7,0.1,0.0,0.3182320749854836,0.16229282999419345,low_risk,['increasing_sequence']
txn_002159,user_0117,2024-01-29 14:54:10.377556006,109.19,0.0,0.0,0.0027439488535262015,0.0010975795414104807,low_risk,[]
txn_003089,user_0117,2024-02-10 15:37:59.708099821,1712.51,0.7,0.7607806167462821,0.9998913718268139,0.8351517029172961,high_risk,"['jump_from_previous', 'high_vs_average', 'high_share_of_total']"
txn_003463,user_0117,2024-02-15 16:07:38.506222019,69.37,0.0,0.0,0.00019733883779284034,7.893553511713614e-05,low_risk,[]
txn_000560,user_0118,2024-01-08 10:16:08.333014987,36.52,0.0,0.0,0.01568200213180472,0.006272800852721888,low_risk,[]
txn_000949,user_0118,2024-01-13 14:49:51.541490800,34.62,0.0,0.0,0.049083307993763314,0.019633323197505326,low_risk,[]
txn_000988,user_0118,2024-01-14 02:10:40.996544310,46.37,0.0,0.0,0.07623602942860162,0.03049441177144065,low_risk,[]
txn_001671,user_0118,2024-01-22 19:31:05.465696274,57.83,0.1,0.0,0.10960026560946606,0.07884010624378643,low_risk,['increasing_sequence']
txn_001717,user_0118,2024-01-23 14:42:34.627761878,46.08,0.0,0.0,0.15448797822119797,0.06179519128847919,low_risk,[]
txn_001736,user_0118,2024-01-24 00:09:17.528544261,50.19,0.0,0.0,0.2739732069771691,0.10958928279086765,low_risk,[]
txn_001759,user_0118,2024-01-24 08:12:12.865449437,54.77,0.1,0.0,0.5230298017979533,0.24421192071918135,low_risk,['increasing_sequence']
txn_002063,user_0118,2024-01-28 06:38:58.799947412,49.61,0.0,0.0,0.22616127166359057,0.09046450866543623,low_risk,[]
txn_002096,user_0118,2024-01-28 17:51:53.454769371,37.92,0.0,0.0,0.10380637722555822,0.04152255089022329,low_risk,[]
txn_002148,user_0118,2024-01-29 11:09:14.194400714,42.21,0.0,0.0,0.18729611886392689,0.07491844754557075,low_risk,[]
txn_002211,user_0118,2024-01-30 12:18:26.306990111,15.06,0.0,0.0,0.02779640861740518,0.011118563446962073,low_risk,[]
txn_002524,user_0118,2024-02-03 07:16:58.586592278,41.58,0.0,0.02853585657370517,0.14414512749096772,0.06479201513981339,low_risk,[]
txn_002822,user_0118,2024-02-07 01:08:55.675527519,363.66,0.6,0.5706292517006804,0.9999352704312714,0.7526314210976787,high_risk,"['jump_from_previous', 'high_vs_average', 'increasing_sequence']"
txn_003019,user_0118,2024-02-09 13:55:43.310039093,45.95,0.0,0.0,0.005633627025234325,0.00225345081009373,low_risk,[]
txn_003444,user_0118,2024-02-15 09:40:23.140653218,27.44,0.0,0.0,0.006093102230084807,0.0024372408920339227,low_risk,[]
txn_003555,user_0118,2024-02-17 02:35:58.445854154,41.39,0.0,0.0,0.004571186672628212,0.001828474669051285,low_risk,[]
txn_003698,user_0118,2024-02-19 03:12:44.090016183,39.27,0.0,0.0,0.0037884675617939857,0.0015153870247175943,low_risk,[]
txn_004148,user_0118,2024-02-25 03:03:16.867930288,28.87,0.0,0.0,0.003467011172231854,0.0013868044688927416,low_risk,[]
txn_004167,user_0118,2024-02-25 09:07:34.556056303,52.81,0.0,0.0,0.06706726920876523,0.026826907683506093,low_risk,[]
txn_004196,user_0118,2024-02-25 18:06:14.285717981,18.19,0.0,0.0,0.029213299643486644,0.011685319857394658,low_risk,[]
txn_004232,user_0118,2024-02-26 05:37:28.480988189,66.7,0.0,0.06250687190764155,0.12146067280884458,0.06421098710044822,low_risk,[]
txn_004233,user_0118,2024-02-26 07:08:54.196028216,53.26,0.0,0.0,0.42860084612408444,0.1714403384496338,low_risk,[]
txn_004278,user_0118,2024-02-26 20:39:02.777401846,44.94,0.0,0.0,0.03169480169641239,0.012677920678564956,low_risk,[]
txn_004330,user_0118,2024-02-27 14:05:58.764014476,45.48,0.0,0.0,0.04266942879579376,0.017067771518317506,low_risk,[]
txn_004338,user_0118,2024-02-27 15:30:17.781068146,51.51,0.1,0.0,0.2606828342874618,0.13927313371498473,low_risk,['increasing_sequence']
txn_004389,user_0118,2024-02-28 05:21:52.972377331,48.69,0.0,0.0,0.2134051141940117,0.08536204567760469,low_risk,[]
txn_004459,user_0118,2024-02-29 06:12:08.397453241,48.68,0.0,0.0,0.10494554224364082,0.04197821689745633,low_risk,[]
txn_001498,user_0119,2024-01-20 16:47:01.814972608,51.78,0.0,0.0,0.014456512913833278,0.005782605165533312,low_risk,[]
txn_002069,user_0119,2024-01-28 08:13:40.989891469,60.21,0.0,0.0,0.060169722354990435,0.024067888941996175,low_risk,[]
txn_002359,user_0119,2024-02-01 02:35:41.807058898,1581.5,0.7999999999999999,0.8,0.9999814778244542,0.8799925911297817,high_risk,"['jump_from_previous', 'high_vs_average', 'high_share_of_total', 'increasing_sequence']"
txn_002401,user_0119,2024-02-01 20:10:34.085918598,90.68,0.0,0.0,0.0012834900788521947,0.0005133960315408779,low_risk,[]
txn_002513,user_0119,2024-02-03 04:09:20.789539863,52.1,0.0,0.0,0.00019733883779284034,7.893553511713614e-05,low_risk,[]
txn_003365,user_0119,2024-02-14 07:37:39.900909285,78.05,0.0,0.0,0.0028421745440177747,0.0011368698176071098,low_risk,[]
txn_003837,user_0119,2024-02-20 20:44:41.582937251,49.11,0.0,0.0,0.00019733883779284034,7.893553511713614e-05,low_risk,[]
txn_003918,user_0119,2024-02-21 18:58:58.299855711,50.52,0.0,0.0,0.0017577521737986146,0.0007031008695194459,low_risk,[]
txn_004120,user_0119,2024-02-24 15:55:20.338284909,54.21,0.1,0.0,0.001426440379848458,0.03557057615193938,low_risk,['increasing_sequence']
txn_004365,user_0119,2024-02-27 21:06:38.640618545,61.33,0.1,0.0,0.0012394765397603005,0.03549579061590412,low_risk,['increasing_sequence']
txn_004498,user_0119,2024-02-29 16:52:52.060111308,49.09,0.0,0.0,0.00032263223141206073,0.0001290528925648243,low_risk,[]
txn_000367,user_0120,2024-01-05 23:20:20.699120765,69.96,0.0,0.0,0.005380728105425354,0.0021522912421701418,low_risk,[]
txn_001036,user_0120,2024-01-14 16:07:35.163142575,46.83,0.0,0.0,0.024130805702455894,0.009652322280982359,low_risk,[]
txn_001416,user_0120,2024-01-19 21:55:38.044527127,81.28,0.0,0.0,0.26371298492097606,0.10548519396839043,low_risk,[]
txn_001491,user_0120,2024-01-20 15:06:42.975101824,48.8,0.0,0.0,0.06553687450092884,0.026214749800371535,low_risk,[]
txn_002367,user_0120,2024-02-01 04:51:37.128483442,49.71,0.0,0.0,0.06819273296088232,0.02727709318435293,low_risk,[]
txn_003430,user_0120,2024-02-15 04:18:19.203413980,53.17,0.1,0.0,0.146470160187686,0.09358806407507439,low_risk,['increasing_sequence']
txn_004221,user_0120,2024-02-26 03:32:45.809305942,38.0,0.0,0.0,0.05815530408595565,0.023262121634382262,low_risk,[]
txn_004222,user_0120,2024-02-26 03:39:29.739036112,27.03,0.0,0.0,0.39506029129535775,0.1580241165181431,low_risk,[]
txn_004223,user_0120,2024-02-26 03:40:29.802398629,90.79,0.0,0.050957269700332965,0.9049336647675384,0.3747127833320986,low_risk,[]
txn_004224,user_0120,2024-02-26 03:47:19.943903578,94.6,0.1,0.0,0.8875157541604062,0.39000630166416245,low_risk,['increasing_sequence']
txn_004227,user_0120,2024-02-26 04:13:27.465722459,48.61,0.0,0.0,0.7536845493023548,0.30147381972094195,low_risk,[]
txn_004228,user_0120,2024-02-26 04:15:03.575743556,63.15,0.0,0.013333333333333334,0.9405160084348497,0.37953973670727326,low_risk,[]
txn_004229,user_0120,2024-02-26 04:20:06.882040974,51.46,0.0,0.02666666666666667,0.9306597942436867,0.37893058436414134,low_risk,[]
txn_004318,user_0120,2024-02-27 09:22:36.091400552,71.45,0.0,0.0,0.20411716832941249,0.081646867331765,low_risk,[]
txn_000347,user_0121,2024-01-05 15:09:11.018277872,96.73,0.0,0.0,0.003404759328166095,0.001361903731266438,low_risk,[]
txn_000373,user_0121,2024-01-06 01:55:29.652032607,123.7,0.0,0.0,0.02804000973732621,0.011216003894930486,low_risk,[]
txn_000414,user_0121,2024-01-06 15:57:50.942607736,92.91,0.0,0.0,0.013504076960986697,0.005401630784394679,low_risk,[]
txn_000481,user_0121,2024-01-07 09:47:30.282035246,77.68,0.0,0.0,0.015895241586954118,0.006358096634781648,low_risk,[]
txn_000767,user_0121,2024-01-10 22:47:39.966516444,100.97,0.0,0.0,0.021073218013729505,0.008429287205491803,low_risk,[]
txn_000802,user_0121,2024-01-11 08:44:17.572943962,85.88,0.0,0.0,0.016074328635572163,0.006429731454228866,low_risk,[]
txn_000841,user_0121,2024-01-11 21:47:11.897926917,95.99,0.0,0.0,0.030017705470890107,0.012007082188356043,low_risk,[]
txn_001008,user_0121,2024-01-14 08:53:36.974845601,184.61,0.1,0.0,0.09755310096964873,0.07402124038785948,low_risk,['increasing_sequence']
txn_001080,user_0121,2024-01-15 10:18:20.583564799,12769.99,0.7999999999999999,0.8,0.9999603680536463,0.8799841472214585,high_risk,"['jump_from_previous', 'high_vs_average', 'high_share_of_total', 'increasing_sequence']"
txn_001283,user_0121,2024-01-17 23:04:13.220030103,109.41,0.0,0.0,4.987704447546021e-05,1.9950817790184086e-05,low_risk,[]
txn_001415,user_0121,2024-01-19 21:54:01.850803030,102.04,0.0,0.0,0.0001751704380946806,7.006817523787223e-05,low_risk,[]
txn_001628,user_0121,2024-01-22 06:10:48.430382184,108.99,0.0,0.0,0.0001751704380946806,7.006817523787223e-05,low_risk,[]
txn_001663,user_0121,2024-01-22 16:58:10.074753911,80.87,0.0,0.0,4.987704447546021e-05,1.9950817790184086e-05,low_risk,[]
txn_001667,user_0121,2024-01-22 18:47:40.022087820,103.35,0.0,0.0,4.987704447546021e-05,1.9950817790184086e-05,low_risk,[]
txn_001743,user_0121,2024-01-24 03:13:36.373879638,96.24,0.0,0.0,0.0001751704380946806,7.006817523787223e-05,low_risk,[]
txn_001913,user_0121,2024-01-26 12:05:41.469421413,128.34,0.0,0.0,9.745218207163335e-05,3.8980872828653343e-05,low_risk,[]
txn_001938,user_0121,2024-01-26 17:14:50.042364984,67.76,0.0,0.0,4.987704447546021e-05,1.9950817790184086e-05,low_risk,[]
txn_001961,user_0121,2024-01-26 22:54:00.373903358,78.72,0.0,0.0,4.987704447546021e-05,1.9950817790184086e-05,low_risk,[]
txn_002016,user_0121,2024-01-27 13:51:53.320224020,133.98,0.1,0.0,0.00041773052694059093,0.035167092210776234,low_risk,['increasing_sequence']
txn_002040,user_0121,2024-01-28 00:10:28.283907045,75.36,0.0,0.0,4.987704447546021e-05,1.9950817790184086e-05,low_risk,[]
txn_002248,user_0121,2024-01-30 21:23:49.160224222,130.52,0.0,0.0,0.00046530566453676405,0.00018612226581470563,low_risk,[]
txn_002366,user_0121,2024-02-01 04:44:30.703388367,110.27,0.0,0.0,0.0001751704380946806,7.006817523787223e-05,low_risk,[]
txn_002500,user_0121,2024-02-03 00:32:26.657255251,156.11,0.0,0.0,9.745218207163335e-05,3.8980872828653343e-05,low_risk,[]
txn_002798,user_0121,2024-02-06 18:10:15.561047866,82.31,0.0,0.0,4.987704447546021e-05,1.9950817790184086e-05,low_risk,[]
txn_002976,user_0121,2024-02-09 02:51:10.618868566,111.86,0.0,0.0,9.745218207163335e-05,3.8980872828653343e-05,low_risk,[]
txn_003048,user_0121,2024-02-10 00:41:49.117616786,91.62,0.0,0.0,0.00042203465895004015,0.00016881386358001606,low_risk,[]
txn_003052,user_0121,2024-02-10 03:10:47.039057307,176.58,0.0,0.0,0.0007121698853921237,0.00028486795415684946,low_risk,[]
txn_003081,user_0121,2024-02-10 13:58:12.376160416,101.04,0.0,0.0,4.987704447546021e-05,1.9950817790184086e-05,low_risk,[]
txn_003579,user_0121,2024-02-17 09:40:02.560095357,60.75,0.0,0.0,4.987704447546021e-05,1.9950817790184086e-05,low_risk,[]
txn_003622,user_0121,2024-02-17 23:41:38.424032012,106.89,0.0,0.0,0.0008997792579063847,0.0003599117031625539,low_risk,[]
txn_003892,user_0121,2024-02-21 13:05:31.157906200,111.5,0.1,0.0,0.0001751704380946806,0.03507006817523787,low_risk,['increasing_sequence']
txn_003932,user_0121,2024-02-22 01:14:34.205111022,149.01,0.1,0.0,0.00034431640292699293,0.03513772656117079,low_risk,['increasing_sequence']
txn_004084,user_0121,2024-02-24 01:06:12.616034389,87.13,0.0,0.0,4.987704447546021e-05,1.9950817790184086e-05,low_risk,[]
txn_004308,user_0121,2024-02-27 06:25:57.080137922,110.68,0.0,0.0,9.745218207163335e-05,3.8980872828653343e-05,low_risk,[]
txn_004411,user_0121,2024-02-28 11:50:05.293069394,111.35,0.1,0.0,0.0001751704380946806,0.03507006817523787,low_risk,['increasing_sequence']
txn_000235,user_0122,2024-01-04 06:21:53.428831442,20.52,0.0,0.0,0.008151367831126261,0.0032605471324505045,low_risk,[]
txn_000283,user_0122,2024-01-04 16:55:38.164878345,47.37,0.0,0.026991959064327452,0.023962308900429944,0.01633291332625384,low_risk,[]
txn_000352,user_0122,2024-01-05 17:07:19.474702859,32.46,0.0,0.0,0.04515947181685956,0.018063788726743826,low_risk,[]
txn_000424,user_0122,2024-01-06 18:59:14.320626874,35.92,0.0,0.0,0.03342134435322437,0.01336853774128975,low_risk,[]
txn_000626,user_0122,2024-01-09 05:32:12.491179146,34.2,0.0,0.0,0.028520126188034678,0.011408050475213871,low_risk,[]
txn_001125,user_0122,2024-01-15 21:31:44.985286302,34.81,0.0,0.0,0.03837216503123947,0.015348866012495788,low_risk,[]
txn_001324,user_0122,2024-01-18 14:24:38.850254909,27.52,0.0,0.0,0.030246354881560182,0.012098541952624074,low_risk,[]
txn_001993,user_0122,2024-01-27 07:57:15.544111613,30.57,0.0,0.0,0.08549355081767551,0.0341974203270702,low_risk,[]
txn_002269,user_0122,2024-01-31 00:47:11.200794324,36.19,0.1,0.0,0.0659609506347661,0.06138438025390644,low_risk,['increasing_sequence']
txn_002695,user_0122,2024-02-05 12:08:13.121909594,1574.02,0.7999999999999999,0.8,0.9999814778244542,0.8799925911297817,high_risk,"['jump_from_previous', 'high_vs_average', 'high_share_of_total', 'increasing_sequence']"
txn_002939,user_0122,2024-02-08 16:55:04.188924335,21.69,0.0,0.0,0.000475403475569045,0.000190161390227618,low_risk,[]
txn_003071,user_0122,2024-02-10 10:42:36.101723491,33.76,0.0,0.0,0.000672493878275689,0.0002689975513102756,low_risk,[]
txn_003261,user_0122,2024-02-13 01:19:14.439349931,24.22,0.0,0.0,0.0014759353097153702,0.0005903741238861481,low_risk,[]
txn_003371,user_0122,2024-02-14 09:23:42.852145698,28.18,0.0,0.0,0.0008078850829271906,0.00032315403317087623,low_risk,[]
txn_003374,user_0122,2024-02-14 09:59:14.151163096,40.61,0.1,0.0,0.001738705521008689,0.03569548220840347,low_risk,['increasing_sequence']
txn_003407,user_0122,2024-02-14 19:47:43.181018645,40.42,0.0,0.0,0.0021045675981313113,0.0008418270392525246,low_risk,[]
txn_003446,user_0122,2024-02-15 10:16:14.119352627,48.21,0.0,0.0,0.002122477028549315,0.0008489908114197261,low_risk,[]
txn_003593,user_0122,2024-02-17 13:23:26.739829151,25.38,0.0,0.0,0.0007787288476065242,0.0003114915390426097,low_risk,[]
txn_003729,user_0122,2024-02-19 13:04:36.550820574,43.28,0.0,0.0,0.0018177799191453484,0.0007271119676581394,low_risk,[]
txn_004486,user_0122,2024-02-29 15:14:11.275905075,20.93,0.0,0.0,0.0011434537023572247,0.0004573814809428899,low_risk,[]
txn_000046,user_0123,2024-01-01 15:34:30.843212516,65.64,0.0,0.0,0.011437445411292943,0.004574978164517177,low_risk,[]
txn_000059,user_0123,2024-01-01 20:14:14.318177726,54.61,0.0,0.0,0.024941355712752272,0.00997654228510091,low_risk,[]
txn_000186,user_0123,2024-01-03 15:41:35.646445784,59.89,0.0,0.0,0.03585666670777425,0.014342666683109701,low_risk,[]
txn_000473,user_0123,2024-01-07 06:54:33.867833348,75.89,0.1,0.0,0.06623094826385194,0.06149237930554077,low_risk,['increasing_sequence']
txn_000692,user_0123,2024-01-09 23:07:17.518972725,65.79,0.0,0.0,0.11978683094858156,0.047914732379432626,low_risk,[]
txn_000816,user_0123,2024-01-11 13:10:29.243981315,63.22,0.0,0.0,0.0966991728251131,0.038679669130045245,low_risk,[]
txn_001001,user_0123,2024-01-14 08:09:13.160602089,59.69,0.0,0.0,0.045156291097595266,0.01806251643903811,low_risk,[]
txn_001034,user_0123,2024-01-14 15:30:48.787859749,52.67,0.0,0.0,0.03390332376173724,0.013561329504694897,low_risk,[]
txn_001122,user_0123,2024-01-15 20:43:39.026863155,54.11,0.0,0.0,0.05789264030455468,0.023157056121821874,low_risk,[]
txn_001171,user_0123,2024-01-16 14:02:41.420967856,54.75,0.1,0.0,0.04873007325373225,0.0544920293014929,low_risk,['increasing_sequence']
txn_001529,user_0123,2024-01-21 02:15:30.363986935,53.49,0.0,0.0,0.0415660802459806,0.016626432098392242,low_risk,[]
txn_001568,user_0123,2024-01-21 10:38:49.354990903,59.26,0.0,0.0,0.03335056464614633,0.013340225858458532,low_risk,[]
txn_001602,user_0123,2024-01-21 22:08:26.361639371,69.01,0.1,0.0,0.17719436348172268,0.10587774539268907,low_risk,['increasing_sequence']
txn_001613,user_0123,2024-01-22 02:01:20.599066710,56.44,0.0,0.0,0.32363587703459673,0.1294543508138387,low_risk,[]
txn_001834,user_0123,2024-01-25 05:22:28.995317891,62.0,0.0,0.0,0.04393234004515104,0.01757293601806042,low_risk,[]
txn_002264,user_0123,2024-01-31 00:15:18.357404034,62.28,0.1,0.0,0.03473927446837364,0.04889570978734945,low_risk,['increasing_sequence']
txn_002339,user_0123,2024-01-31 17:02:05.687754257,67.11,0.1,0.0,0.041037549580913255,0.051415019832365294,low_risk,['increasing_sequence']
txn_002562,user_0123,2024-02-03 15:39:58.396748085,57.33,0.0,0.0,0.018792594817588843,0.007517037927035538,low_risk,[]
txn_002632,user_0123,2024-02-04 15:41:08.707814367,52.42,0.0,0.0,0.019413948561494393,0.007765579424597758,low_risk,[]
txn_002672,user_0123,2024-02-05 04:03:58.692733429,61.5,0.0,0.0,0.0419874313921395,0.0167949725568558,low_risk,[]
txn_002925,user_0123,2024-02-08 12:43:54.995998179,59.41,0.0,0.0,0.019901988244246778,0.00796079529769871,low_risk,[]
txn_003144,user_0123,2024-02-11 12:31:17.339281566,60.85,0.0,0.0,0.03209419987848483,0.012837679951393934,low_risk,[]
txn_003146,user_0123,2024-02-11 13:08:10.973730452,57.97,0.0,0.0,0.02102373789381905,0.00840949515752762,low_risk,[]
txn_003325,user_0123,2024-02-13 18:09:54.673087097,51.15,0.0,0.0,0.014700822799058799,0.0058803291196235195,low_risk,[]
txn_003347,user_0123,2024-02-14 01:58:19.897816149,51.8,0.0,0.0,0.030807919730637952,0.012323167892255182,low_risk,[]
txn_003523,user_0123,2024-02-16 12:27:34.804264176,45.94,0.0,0.0,0.007209854119476038,0.0028839416477904156,low_risk,[]
txn_003750,user_0123,2024-02-19 19:10:09.244680968,54.94,0.0,0.0,0.03082177219089568,0.012328708876358271,low_risk,[]
txn_003842,user_0123,2024-02-20 22:20:53.856281326,47.14,0.0,0.0,0.023377710367430745,0.009351084146972298,low_risk,[]
txn_003898,user_0123,2024-02-21 14:06:41.759338463,60.66,0.0,0.0,0.03664845955567682,0.014659383822270729,low_risk,[]
txn_003959,user_0123,2024-02-22 12:37:55.916424010,56.38,0.0,0.0,0.018776091119419094,0.007510436447767638,low_risk,[]
txn_003965,user_0123,2024-02-22 13:38:27.099761731,53.55,0.0,0.0,0.05368126466567623,0.021472505866270492,low_risk,[]
txn_004328,user_0123,2024-02-27 13:11:50.447616894,47.14,0.0,0.0,0.011346987063329211,0.004538794825331685,low_risk,[]
txn_004351,user_0123,2024-02-27 17:01:41.528338659,54.06,0.0,0.0,0.026761684212702717,0.010704673685081087,low_risk,[]
txn_004458,user_0123,2024-02-29 06:04:36.252749584,649.32,0.6,0.6215589991436649,0.9999814778244542,0.7653823409156979,high_risk,"['jump_from_previous', 'high_vs_average', 'increasing_sequence']"
txn_000107,user_0124,2024-01-02 12:56:14.353567321,102.12,0.0,0.0,0.011793679501527871,0.0047174718006111485,low_risk,[]
txn_000144,user_0124,2024-01-03 02:31:26.309967533,99.41,0.0,0.0,0.03146185057599497,0.012584740230397988,low_risk,[]
txn_000215,user_0124,2024-01-04 00:51:26.647027894,97.3,0.0,0.0,0.061996049175713275,0.024798419670285312,low_risk,[]
txn_000336,user_0124,2024-01-05 10:46:26.383695975,106.77,0.0,0.0,0.03510415901047445,0.014041663604189781,low_risk,[]
txn_000348,user_0124,2024-01-05 15:12:01.037818374,120.52,0.1,0.0,0.0345797456290465,0.0488318982516186,low_risk,['increasing_sequence']
txn_000387,user_0124,2024-01-06 07:12:38.810307879,91.63,0.0,0.0,0.026763469033511025,0.01070538761340441,low_risk,[]
txn_000475,user_0124,2024-01-07 08:02:53.069558214,109.64,0.0,0.0,0.01716563864817928,0.006866255459271713,low_risk,[]
txn_000548,user_0124,2024-01-08 05:25:25.772257820,115.84,0.1,0.0,0.016717204360634876,0.041686881744253945,low_risk,['increasing_sequence']
txn_000602,user_0124,2024-01-08 22:22:53.202960664,109.55,0.0,0.0,0.009405864525836466,0.0037623458103345866,low_risk,[]
txn_000738,user_0124,2024-01-10 12:43:54.287941036,135.34,0.0,0.0,0.017010525116078458,0.006804210046431384,low_risk,[]
txn_001073,user_0124,2024-01-15 07:23:13.222922549,84.46,0.0,0.0,4.987704447546021e-05,1.9950817790184086e-05,low_risk,[]
txn_001154,user_0124,2024-01-16 08:32:04.681696496,129.64,0.0,0.0,0.01882138311737457,0.007528553246949828,low_risk,[]
txn_001210,user_0124,2024-01-17 01:37:12.274121539,101.01,0.0,0.0,0.0142828398968208,0.00571313595872832,low_risk,[]
txn_001235,user_0124,2024-01-17 10:17:58.654395376,87.84,0.0,0.0,0.00042203465895004015,0.00016881386358001606,low_risk,[]
txn_001273,user_0124,2024-01-17 20:44:52.928772535,109.72,0.0,0.0,0.022761597822278566,0.009104639128911426,low_risk,[]
txn_001446,user_0124,2024-01-20 06:35:32.826328379,102.64,0.0,0.0,0.007332955835785105,0.002933182334314042,low_risk,[]
txn_001538,user_0124,2024-01-21 05:04:44.897978730,93.94,0.0,0.0,0.0014305022859358945,0.0005722009143743578,low_risk,[]
txn_001685,user_0124,2024-01-23 00:53:59.727645591,74.38,0.0,0.0,0.0001751704380946806,7.006817523787223e-05,low_risk,[]
txn_002321,user_0124,2024-01-31 13:02:38.922877328,101.31,0.0,0.0,0.007911686359623415,0.0031646745438493663,low_risk,[]
txn_002347,user_0124,2024-01-31 20:50:29.802150549,91.82,0.0,0.0,0.0021211454315484476,0.0008484581726193791,low_risk,[]
txn_002449,user_0124,2024-02-02 09:29:32.465382196,101.34,0.0,0.0,0.006378487844114815,0.002551395137645926,low_risk,[]
txn_002464,user_0124,2024-02-02 14:11:28.590642243,106.3,0.1,0.0,0.005373757824910477,0.037149503129964186,low_risk,['increasing_sequence']
txn_002972,user_0124,2024-02-09 01:28:06.950370176,99.14,0.0,0.0,0.005302232531683575,0.00212089301267343,low_risk,[]
txn_003136,user_0124,2024-02-11 09:49:24.501597469,114.79,0.0,0.0,0.007171100799076441,0.0028684403196305767,low_risk,[]
txn_003149,user_0124,2024-02-11 13:46:35.700121022,94.39,0.0,0.0,0.011812366854475771,0.004724946741790309,low_risk,[]
txn_003279,user_0124,2024-02-13 06:19:05.847685479,121.21,0.0,0.0,0.007456115145837439,0.0029824460583349754,low_risk,[]
txn_003286,user_0124,2024-02-13 07:18:21.468106909,109.97,0.0,0.0,0.009874330475991707,0.003949732190396683,low_risk,[]
txn_003416,user_0124,2024-02-14 23:29:23.642576623,81.08,0.0,0.0,4.987704447546021e-05,1.9950817790184086e-05,low_risk,[]
txn_003440,user_0124,2024-02-15 07:32:03.051790238,122.19,0.0,0.0,0.008406930325191086,0.0033627721300764344,low_risk,[]
txn_003576,user_0124,2024-02-17 07:18:25.114876044,109.07,0.0,0.0,0.009927743403803356,0.003971097361521343,low_risk,[]
txn_003686,user_0124,2024-02-18 22:15:13.206948973,103.62,0.0,0.0,0.006652843990133714,0.0026611375960534857,low_risk,[]
txn_003761,user_0124,2024-02-20 02:05:27.679094216,82.12,0.0,0.0,0.0001751704380946806,7.006817523787223e-05,low_risk,[]
txn_003776,user_0124,2024-02-20 05:56:51.457801798,1502.24,0.5,0.6315602761826786,0.9999467184017954,0.7328687564063878,high_risk,"['jump_from_previous', 'high_vs_average']"
txn_003836,user_0124,2024-02-20 20:42:37.432430258,117.72,0.0,0.0,0.00015291771152491445,6.116708460996578e-05,low_risk,[]
txn_003846,user_0124,2024-02-20 22:58:10.371699485,103.79,0.0,0.0,0.0,0.0,low_risk,[]
txn_004021,user_0124,2024-02-23 04:35:34.683491555,128.62,0.0,0.0,0.003499473906204587,0.0013997895624818348,low_risk,[]
txn_004249,user_0124,2024-02-26 12:34:16.900506826,123.72,0.0,0.0,0.0011457780344154714,0.0004583112137661886,low_risk,[]
txn_004336,user_0124,2024-02-27 14:56:43.323655601,100.1,0.0,0.0,0.00019733883779284034,7.893553511713614e-05,low_risk,[]
txn_000309,user_0125,2024-01-05 01:55:46.682616563,19.21,0.0,0.0,0.008151367831126261,0.0032605471324505045,low_risk,[]
txn_000707,user_0125,2024-01-10 04:52:55.963812638,10.45,0.0,0.0,0.025645384311795846,0.01025815372471834,low_risk,[]
txn_000872,user_0125,2024-01-12 08:48:12.521517911,9.03,0.0,0.0,0.03838026700996563,0.015352106803986252,low_risk,[]
txn_000926,user_0125,2024-01-13 05:52:38.057242702,21.32,0.0,0.013538205980066447,0.012451160575128281,0.008365015725067924,low_risk,[]
txn_000990,user_0125,2024-01-14 03:25:18.703781443,24.28,0.1,0.0,0.022740376028779066,0.044096150411511624,low_risk,['increasing_sequence']
txn_001457,user_0125,2024-01-20 08:26:11.233744248,16.89,0.0,0.0,0.017305783370092597,0.0069223133480370395,low_risk,[]
txn_001520,user_0125,2024-01-20 23:57:52.279089322,24.41,0.0,0.0,0.020273041109279733,0.008109216443711894,low_risk,[]
txn_001525,user_0125,2024-01-21 01:11:19.897546572,25.42,0.1,0.0,0.04461451324051178,0.05284580529620471,low_risk,['increasing_sequence']
txn_001953,user_0125,2024-01-26 20:48:07.458590460,9.99,0.0,0.0,0.04203134994120257,0.01681253997648103,low_risk,[]
txn_001958,user_0125,2024-01-26 22:02:08.936071661,27.3,0.0,0.027477477477477474,0.021826002068102177,0.01559977019661024,low_risk,[]
txn_002009,user_0125,2024-01-27 11:43:03.654333773,14.64,0.0,0.0,0.0789960981173102,0.031598439246924084,low_risk,[]
txn_002012,user_0125,2024-01-27 12:36:08.692031167,11.64,0.0,0.0,0.1048298230954407,0.041931929238176284,low_risk,[]
txn_002070,user_0125,2024-01-28 08:36:12.217678642,21.95,0.0,0.0,0.0727712488322178,0.029108499532887123,low_risk,[]
txn_002233,user_0125,2024-01-30 16:35:07.856624246,17.92,0.0,0.0,0.034117778858810614,0.013647111543524246,low_risk,[]
txn_002468,user_0125,2024-02-02 15:10:20.990749079,18.25,0.0,0.0,0.08898795369128759,0.03559518147651504,low_risk,[]
txn_002526,user_0125,2024-02-03 07:37:50.722152496,14.21,0.0,0.0,0.07074693783327626,0.028298775133310507,low_risk,[]
txn_002700,user_0125,2024-02-05 13:54:38.943332331,23.99,0.0,0.0,0.058573757561065906,0.023429503024426365,low_risk,[]
txn_002701,user_0125,2024-02-05 14:08:57.295731126,16.89,0.0,0.0,0.08850458508636652,0.03540183403454661,low_risk,[]
txn_003037,user_0125,2024-02-09 20:42:48.068240822,16.25,0.0,0.0,0.09003203037481765,0.03601281214992706,low_risk,[]
txn_003204,user_0125,2024-02-12 05:04:47.312682397,13.44,0.0,0.0,0.05463169154870237,0.02185267661948095,low_risk,[]
txn_003273,user_0125,2024-02-13 04:17:34.117514782,18.58,0.0,0.0,0.06140100115407491,0.024560400461629966,low_risk,[]
txn_003342,user_0125,2024-02-13 23:58:12.027116090,19.52,0.1,0.0,0.08087829616393151,0.0673513184655726,low_risk,['increasing_sequence']
txn_003469,user_0125,2024-02-15 19:31:54.551578481,1334.48,0.7999999999999999,0.8,0.9949814778244543,0.8779925911297817,high_risk,"['jump_from_previous', 'high_vs_average', 'high_share_of_total', 'increasing_sequence']"
txn_003653,user_0125,2024-02-18 08:42:47.719689056,12.0,0.0,0.0,0.008289499397019952,0.003315799758807981,low_risk,[]
txn_003754,user_0125,2024-02-19 22:49:36.028811259,6.59,0.0,0.0,0.001077790779069652,0.00043111631162786083,low_risk,[]
txn_003843,user_0125,2024-02-20 22:22:07.466611731,25.57,0.0,0.07050455235204856,0.00048204873096579386,0.017818957580398455,low_risk,[]
txn_004090,user_0125,2024-02-24 02:48:51.939967863,14.78,0.0,0.0,0.002882482820638816,0.0011529931282555264,low_risk,[]
txn_004340,user_0125,2024-02-27 15:56:23.214522506,26.31,0.0,0.0,0.0022973240611704497,0.0009189296244681799,low_risk,[]
txn_004484,user_0125,2024-02-29 14:24:07.061526649,14.26,0.0,0.0,0.006960885798390203,0.0027843543193560812,low_risk,[]
txn_000025,user_0126,2024-01-01 07:34:28.479102872,40.1,0.0,0.0,0.007983183327326575,0.00319327333093063,low_risk,[]
txn_000670,user_0126,2024-01-09 17:48:16.353038329,30.49,0.0,0.0,0.015654892450409425,0.00626195698016377,low_risk,[]
txn_000907,user_0126,2024-01-12 22:34:54.335193110,25.43,0.0,0.0,0.009562940293958776,0.0038251761175835106,low_risk,[]
txn_000975,user_0126,2024-01-13 22:37:25.594814229,30.14,0.0,0.0,0.03629502810195561,0.014518011240782246,low_risk,[]
txn_001339,user_0126,2024-01-18 18:52:12.648846259,33.8,0.1,0.0,0.03157613714421502,0.04763045485768601,low_risk,['increasing_sequence']
txn_001357,user_0126,2024-01-19 01:56:47.994880442,42.24,0.1,0.0,0.03204730381423322,0.04781892152569329,low_risk,['increasing_sequence']
txn_001672,user_0126,2024-01-22 20:40:00.145910364,50.34,0.1,0.0,0.05610458895333473,0.05744183558133389,low_risk,['increasing_sequence']
txn_001750,user_0126,2024-01-24 06:26:05.748495712,43.96,0.0,0.0,0.0875951137224906,0.03503804548899624,low_risk,[]
txn_001838,user_0126,2024-01-25 06:12:34.007341275,46.74,0.0,0.0,0.07424270034406526,0.029697080137626106,low_risk,[]
txn_001879,user_0126,2024-01-26 00:50:31.431182650,16.1,0.0,0.0,0.06602078122922536,0.026408312491690147,low_risk,[]
txn_002010,user_0126,2024-01-27 11:46:17.238511957,52.68,0.0,0.04770186335403726,0.08139498082559317,0.04448345816874658,low_risk,[]
txn_002055,user_0126,2024-01-28 02:37:26.717314268,45.93,0.0,0.0,0.07350474198438729,0.02940189679375492,low_risk,[]
txn_002073,user_0126,2024-01-28 09:03:54.453193161,19.06,0.0,0.0,0.06957612096959878,0.027830448387839515,low_risk,[]
txn_002151,user_0126,2024-01-29 11:44:45.734015918,30.32,0.0,0.0,0.033579987971633495,0.013431995188653399,low_risk,[]
txn_002307,user_0126,2024-01-31 10:08:47.568020502,28.98,0.0,0.0,0.03429037188313763,0.013716148753255053,low_risk,[]
txn_002911,user_0126,2024-02-08 06:51:40.436973440,32.68,0.0,0.0,0.06666827788726744,0.026667311154906975,low_risk,[]
txn_002990,user_0126,2024-02-09 07:13:45.207186543,44.67,0.1,0.0,0.03960460807029964,0.050841843228119854,low_risk,['increasing_sequence']
txn_002993,user_0126,2024-02-09 07:47:14.033046385,50.43,0.1,0.0,0.06716849140757555,0.06186739656303022,low_risk,['increasing_sequence']
txn_003058,user_0126,2024-02-10 04:06:37.633552694,23.5,0.0,0.0,0.05588042601449592,0.02235217040579837,low_risk,[]
txn_003196,user_0126,2024-02-12 03:00:47.582211045,3802.3,0.7,0.8,0.9999467184017954,0.8449786873607181,high_risk,"['jump_from_previous', 'high_vs_average', 'high_share_of_total']"
txn_003281,user_0126,2024-02-13 06:32:23.686059767,26.58,0.0,0.0,0.000475403475569045,0.000190161390227618,low_risk,[]
txn_003508,user_0126,2024-02-16 07:44:32.422894402,29.76,0.0,0.0,0.0011726099376778909,0.00046904397507115635,low_risk,[]
txn_003529,user_0126,2024-02-16 14:23:44.244119637,55.75,0.1,0.0,0.0012645041126570853,0.03550580164506283,low_risk,['increasing_sequence']
txn_003803,user_0126,2024-02-20 11:59:08.661563828,43.97,0.0,0.0,0.0001751704380946806,7.006817523787223e-05,low_risk,[]
txn_003817,user_0126,2024-02-20 15:35:49.492413355,42.89,0.0,0.0,0.0008168322452032263,0.00032673289808129053,low_risk,[]
txn_003933,user_0126,2024-02-22 01:40:32.742350826,66.43,0.0,0.0,0.0010372187330263893,0.00041488749321055574,low_risk,[]
txn_004038,user_0126,2024-02-23 08:09:31.829220779,28.15,0.0,0.0,0.000475403475569045,0.000190161390227618,low_risk,[]
txn_004265,user_0126,2024-02-26 17:22:05.120405787,43.35,0.0,0.0,0.0049439863619899485,0.0019775945447959796,low_risk,[]
txn_004356,user_0126,2024-02-27 17:45:49.127685835,27.89,0.0,0.0,0.0012687470959764449,0.000507498838390578,low_risk,[]
txn_004488,user_0126,2024-02-29 15:31:35.242580943,43.91,0.0,0.0,0.0010372187330263893,0.00041488749321055574,low_risk,[]
txn_000048,user_0127,2024-01-01 17:05:00.531437249,54.66,0.0,0.0,0.016398658080999873,0.00655946323239995,low_risk,[]
txn_000310,user_0127,2024-01-05 02:20:22.885457911,38.04,0.0,0.0,0.05190022911348335,0.02076009164539334,low_risk,[]
txn_001004,user_0127,2024-01-14 08:45:26.398886666,97.02,0.0,0.02530293865425254,0.8822871553379987,0.35924059679876263,low_risk,[]
txn_001718,user_0127,2024-01-23 14:59:01.407923221,135.83,0.1,0.007392473118279574,0.9942295008483675,0.43453991861891694,medium_risk,['increasing_sequence']
txn_002689,user_0127,2024-02-05 09:48:34.752456338,184.34,0.1,0.024643772731369664,0.9994117306478881,0.4409256354419977,medium_risk,['increasing_sequence']
txn_003436,user_0127,2024-02-15 06:35:16.950428743,242.55,0.1,0.059178540644830066,0.9994025995871332,0.4495556749960608,medium_risk,['increasing_sequence']
txn_004216,user_0127,2024-02-26 02:56:23.671297396,54.34,0.0,0.0,0.0005420391264303196,0.00021681565057212783,low_risk,[]
txn_000771,user_0128,2024-01-10 23:50:20.338709903,52.01,0.0,0.0,0.025496774198524294,0.010198709679409718,low_risk,[]
txn_000818,user_0128,2024-01-11 13:21:52.809861881,76.06,0.0,0.0,0.07623310078097567,0.03049324031239027,low_risk,[]
txn_001309,user_0128,2024-01-18 09:32:35.362174079,669.36,0.6,0.6714314319350639,0.9999814778244542,0.7778504491135476,high_risk,"['jump_from_previous', 'high_vs_average', 'increasing_sequence']"
txn_001567,user_0128,2024-01-21 10:07:35.700607434,46.32,0.0,0.0,0.0029125904672166443,0.0011650361868866578,low_risk,[]
txn_001854,user_0128,2024-01-25 13:32:13.356047790,85.12,0.0,0.0,0.00770307828834941,0.003081231315339764,low_risk,[]
txn_002202,user_0128,2024-01-30 08:45:02.794256784,89.49,0.1,0.0,0.010586840547369447,0.039234736218947776,low_risk,['increasing_sequence']
txn_002854,user_0128,2024-02-07 12:42:47.809844092,75.21,0.0,0.0,0.0010681171823455908,0.00042724687293823634,low_risk,[]
txn_002977,user_0128,2024-02-09 03:17:55.949537630,48.19,0.0,0.0,0.0007991845248191312,0.0003196738099276525,low_risk,[]
txn_003055,user_0128,2024-02-10 03:36:38.022907484,59.47,0.0,0.0,0.003218154894921047,0.0012872619579684188,low_risk,[]
txn_003359,user_0128,2024-02-14 05:14:56.070399686,73.88,0.1,0.0,0.0013784671955039795,0.035551386878201585,low_risk,['increasing_sequence']
txn_003470,user_0128,2024-02-15 19:54:46.230953868,88.04,0.1,0.0,0.0009650765152961364,0.03538603060611845,low_risk,['increasing_sequence']
txn_000950,user_0129,2024-01-13 15:08:21.876669616,83.51,0.0,0.0,0.005380728105425354,0.0021522912421701418,low_risk,[]
txn_001204,user_0129,2024-01-17 00:23:34.433139873,78.49,0.0,0.0,0.09940851881291407,0.039763407525165634,low_risk,[]
txn_002006,user_0129,2024-01-27 11:20:38.443734965,74.93,0.0,0.0,0.11488262681295669,0.04595305072518268,low_risk,[]
txn_002386,user_0129,2024-02-01 12:12:45.631916856,628.17,0.7,0.7036305597043578,0.9999467184017954,0.8208863272868077,high_risk,"['jump_from_previous', 'high_vs_average', 'high_share_of_total']"
txn_002642,user_0129,2024-02-04 19:32:14.151772339,78.37,0.0,0.0,0.003685797394463779,0.0014743189577855118,low_risk,[]
txn_003910,user_0129,2024-02-21 16:00:06.924717620,75.63,0.0,0.0,0.017523426877993,0.0070093707511972,low_risk,[]
txn_000018,user_0130,2024-01-01 04:50:30.091823467,71.31,0.0,0.0,0.003404759328166095,0.001361903731266438,low_risk,[]
txn_000164,user_0130,2024-01-03 07:43:10.063391681,62.36,0.0,0.0,0.020419883060228138,0.008167953224091256,low_risk,[]
txn_000167,user_0130,2024-01-03 08:00:09.627256967,96.18,0.0,0.0,0.051858401104827936,0.020743360441931175,low_risk,[]
txn_000797,user_0130,2024-01-11 07:26:12.625052077,119.37,0.1,0.0,0.09436635332761258,0.07274654133104502,low_risk,['increasing_sequence']
txn_000979,user_0130,2024-01-14 00:00:26.166903429,91.63,0.0,0.0,0.026383208180544467,0.010553283272217787,low_risk,[]
txn_001013,user_0130,2024-01-14 09:08:27.372906795,89.08,0.0,0.0,0.025282102633121122,0.01011284105324845,low_risk,[]
txn_001074,user_0130,2024-01-15 08:17:08.211723078,91.26,0.0,0.0,0.018053839943138986,0.0072215359772555944,low_risk,[]
txn_001437,user_0130,2024-01-20 04:13:18.924685140,53.1,0.0,0.0,0.0013107446158084374,0.0005242978463233749,low_risk,[]
txn_001614,user_0130,2024-01-22 02:07:13.019831020,81.57,0.0,0.0,0.017596083446128164,0.007038433378451266,low_risk,[]
txn_001677,user_0130,2024-01-22 23:06:57.594669971,8624.88,0.7999999999999999,0.8,0.9949814778244543,0.8779925911297817,high_risk,"['jump_from_previous', 'high_vs_average', 'high_share_of_total', 'increasing_sequence']"
txn_001716,user_0130,2024-01-23 14:41:57.607530988,77.51,0.0,0.0,4.987704447546021e-05,1.9950817790184086e-05,low_risk,[]
txn_002333,user_0130,2024-01-31 15:31:53.400546195,47.12,0.0,0.0,4.987704447546021e-05,1.9950817790184086e-05,low_risk,[]
txn_002410,user_0130,2024-02-01 22:15:49.125354881,76.43,0.0,0.0,0.000672493878275689,0.0002689975513102756,low_risk,[]
txn_002479,user_0130,2024-02-02 17:52:05.588172595,105.92,0.1,0.0,0.00034431640292699293,0.03513772656117079,low_risk,['increasing_sequence']
txn_002641,user_0130,2024-02-04 18:53:17.695943799,80.89,0.0,0.0,4.987704447546021e-05,1.9950817790184086e-05,low_risk,[]
txn_002774,user_0130,2024-02-06 12:52:23.266584152,86.19,0.0,0.0,0.0001751704380946806,7.006817523787223e-05,low_risk,[]
txn_002820,user_0130,2024-02-07 00:36:17.433590620,120.92,0.1,0.0,0.00034431640292699293,0.03513772656117079,low_risk,['increasing_sequence']
txn_003129,user_0130,2024-02-11 07:29:42.333561953,62.9,0.0,0.0,4.987704447546021e-05,1.9950817790184086e-05,low_risk,[]
txn_003554,user_0130,2024-02-17 01:28:20.706564665,83.87,0.0,0.0,9.745218207163335e-05,3.8980872828653343e-05,low_risk,[]
txn_003590,user_0130,2024-02-17 13:01:41.972948491,76.47,0.0,0.0,0.00042203465895004015,0.00016881386358001606,low_risk,[]
txn_003649,user_0130,2024-02-18 07:37:35.215111327,93.45,0.0,0.0,0.00042203465895004015,0.00016881386358001606,low_risk,[]
txn_003775,user_0130,2024-02-20 05:51:00.811152040,68.63,0.0,0.0,4.987704447546021e-05,1.9950817790184086e-05,low_risk,[]
txn_004294,user_0130,2024-02-27 02:40:24.879908618,84.17,0.0,0.0,0.0001751704380946806,7.006817523787223e-05,low_risk,[]
txn_004499,user_0130,2024-02-29 17:20:39.643518981,81.95,0.0,0.0,0.0001751704380946806,7.006817523787223e-05,low_risk,[]
txn_000366,user_0131,2024-01-05 23:16:41.569926944,124.13,0.0,0.0,0.003404759328166095,0.001361903731266438,low_risk,[]
txn_000496,user_0131,2024-01-07 13:16:48.658980110,132.8,0.0,0.0,0.02116481416441694,0.008465925665766776,low_risk,[]
txn_000586,user_0131,2024-01-08 16:35:40.587529111,76.47,0.0,0.0,0.007591760582002694,0.0030367042328010778,low_risk,[]
txn_000661,user_0131,2024-01-09 12:33:23.252997846,98.07,0.0,0.0,0.02235721696868677,0.008942886787474708,low_risk,[]
txn_000825,user_0131,2024-01-11 16:17:42.779857086,80.74,0.0,0.0,0.0026500218446665414,0.0010600087378666166,low_risk,[]
txn_000854,user_0131,2024-01-12 02:21:36.334563689,107.96,0.0,0.0,0.014423314611723637,0.005769325844689455,low_risk,[]
txn_000937,user_0131,2024-01-13 11:09:30.513835501,59.88,0.0,0.0,0.0018421025649072126,0.0007368410259628851,low_risk,[]
txn_001076,user_0131,2024-01-15 09:24:30.935941718,105.37,0.0,0.0,0.017501396198289835,0.007000558479315935,low_risk,[]
txn_001107,user_0131,2024-01-15 18:07:01.265642906,91.57,0.0,0.0,0.010083398679250222,0.004033359471700089,low_risk,[]
txn_001108,user_0131,2024-01-15 18:08:41.236576524,94.9,0.0,0.0,0.01716954939323727,0.006867819757294908,low_risk,[]
txn_001147,user_0131,2024-01-16 04:37:12.441460935,81.92,0.0,0.0,0.009846090579370715,0.003938436231748286,low_risk,[]
txn_001336,user_0131,2024-01-18 18:00:58.565968071,52.71,0.0,0.0,4.987704447546021e-05,1.9950817790184086e-05,low_risk,[]
txn_001516,user_0131,2024-01-20 22:25:50.601390731,67.68,0.0,0.0,9.745218207163335e-05,3.8980872828653343e-05,low_risk,[]
txn_001954,user_0131,2024-01-26 21:11:47.459531591,72.47,0.1,0.0,0.0001751704380946806,0.03507006817523787,low_risk,['increasing_sequence']
txn_001990,user_0131,2024-01-27 07:03:27.529747619,12963.64,0.7999999999999999,0.8,0.9949814778244543,0.8779925911297817,high_risk,"['jump_from_previous', 'high_vs_average', 'high_share_of_total', 'increasing_sequence']"
txn_002017,user_0131,2024-01-27 14:09:49.961171372,64.54,0.0,0.0,4.987704447546021e-05,1.9950817790184086e-05,low_risk,[]
txn_002066,user_0131,2024-01-28 07:09:33.814871130,80.77,0.0,0.0,0.00042203465895004015,0.00016881386358001606,low_risk,[]
txn_002199,user_0131,2024-01-30 08:07:32.255711490,91.66,0.1,0.0,0.0001751704380946806,0.03507006817523787,low_risk,['increasing_sequence']
txn_002356,user_0131,2024-02-01 02:19:23.588438999,145.87,0.1,0.0,0.00046530566453676405,0.035186122265814704,low_risk,['increasing_sequence']
txn_002379,user_0131,2024-02-01 09:35:59.512387054,129.81,0.0,0.0,0.00042203465895004015,0.00016881386358001606,low_risk,[]
txn_002450,user_0131,2024-02-02 09:32:25.551401019,126.71,0.0,0.0,0.00042203465895004015,0.00016881386358001606,low_risk,[]
txn_002881,user_0131,2024-02-07 21:20:10.497690513,100.82,0.0,0.0,4.987704447546021e-05,1.9950817790184086e-05,low_risk,[]
txn_003022,user_0131,2024-02-09 14:27:45.428344703,99.59,0.0,0.0,0.0001751704380946806,7.006817523787223e-05,low_risk,[]
txn_003277,user_0131,2024-02-13 05:40:23.872900711,97.48,0.0,0.0,0.0001751704380946806,7.006817523787223e-05,low_risk,[]
txn_003434,user_0131,2024-02-15 05:27:01.255098082,93.24,0.0,0.0,0.0001751704380946806,7.006817523787223e-05,low_risk,[]
txn_003441,user_0131,2024-02-15 09:06:21.650271821,74.2,0.0,0.0,0.00042203465895004015,0.00016881386358001606,low_risk,[]
txn_003483,user_0131,2024-02-15 22:55:02.292630858,91.5,0.0,0.0,4.987704447546021e-05,1.9950817790184086e-05,low_risk,[]
txn_003520,user_0131,2024-02-16 11:34:11.325734457,89.6,0.0,0.0,0.00042203465895004015,0.00016881386358001606,low_risk,[]
txn_003821,user_0131,2024-02-20 16:46:34.936056142,113.98,0.0,0.0,9.745218207163335e-05,3.8980872828653343e-05,low_risk,[]
txn_003879,user_0131,2024-02-21 07:05:54.597848783,72.41,0.0,0.0,4.987704447546021e-05,1.9950817790184086e-05,low_risk,[]
txn_004479,user_0131,2024-02-29 12:46:02.421439003,63.7,0.0,0.0,0.0001751704380946806,7.006817523787223e-05,low_risk,[]
txn_000182,user_0132,2024-01-03 14:06:08.122096713,57.64,0.0,0.0,0.017227330836949387,0.006890932334779755,low_risk,[]
txn_000376,user_0132,2024-01-06 03:57:04.968962463,47.43,0.0,0.0,0.018163024523881764,0.007265209809552706,low_risk,[]
txn_000390,user_0132,2024-01-06 08:47:16.375026976,56.38,0.0,0.0,0.08558241780611946,0.034232967122447784,low_risk,[]
txn_000526,user_0132,2024-01-07 23:45:32.529979290,56.13,0.0,0.0,0.10621719500561985,0.042486878002247944,low_risk,[]
txn_000545,user_0132,2024-01-08 04:58:51.735091658,52.51,0.0,0.0,0.1816561555777631,0.07266246223110524,low_risk,[]
txn_000546,user_0132,2024-01-08 05:03:36.713996638,59.12,0.0,0.0,0.6682975251291272,0.2673190100516509,low_risk,[]
txn_000547,user_0132,2024-01-08 05:18:28.058324017,51.16,0.0,0.0,0.8768761533281832,0.3507504613312733,low_risk,[]
txn_000549,user_0132,2024-01-08 05:27:39.735044196,62.43,0.0,0.0,0.8355245849919943,0.33420983399679777,low_risk,[]
txn_000551,user_0132,2024-01-08 05:37:31.471209674,47.36,0.0,0.013333333333333334,0.9454759117025648,0.3815236980143593,low_risk,[]
txn_000552,user_0132,2024-01-08 05:50:10.615396724,48.18,0.0,0.02666666666666667,0.9717922983671682,0.39538358601353396,low_risk,[]
txn_000554,user_0132,2024-01-08 05:54:44.533852641,50.77,0.1,0.04000000000000001,0.9221832389426807,0.4138732955770723,medium_risk,['increasing_sequence']
txn_000570,user_0132,2024-01-08 13:45:52.597025661,54.74,0.1,0.05333333333333334,0.8442584532249662,0.38603671462331984,low_risk,['increasing_sequence']
txn_000651,user_0132,2024-01-09 09:52:16.274911205,52.11,0.0,0.0,0.11357143710116364,0.04542857484046546,low_risk,[]
txn_000734,user_0132,2024-01-10 11:08:25.879406678,56.02,0.0,0.0,0.10161100019132994,0.04064440007653198,low_risk,[]
txn_000781,user_0132,2024-01-11 02:24:43.432556996,48.07,0.0,0.0,0.12337437186067873,0.0493497487442715,low_risk,[]
txn_001476,user_0132,2024-01-20 12:16:31.768809525,57.59,0.0,0.0,0.09034392397121183,0.036137569588484734,low_risk,[]
txn_001647,user_0132,2024-01-22 11:50:12.837788529,53.44,0.0,0.0,0.07728091019607111,0.030912364078428445,low_risk,[]
txn_001675,user_0132,2024-01-22 22:03:55.499025259,52.84,0.0,0.0,0.09478603859394324,0.0379144154375773,low_risk,[]
txn_001756,user_0132,2024-01-24 07:37:49.097631615,63.14,0.0,0.0,0.07574780888315408,0.03029912355326163,low_risk,[]
txn_001774,user_0132,2024-01-24 13:08:03.315500253,60.37,0.0,0.0,0.09222148667587232,0.03688859467034893,low_risk,[]
txn_001948,user_0132,2024-01-26 19:02:03.616166071,39.94,0.0,0.0,0.03767748065282481,0.015070992261129923,low_risk,[]
txn_001975,user_0132,2024-01-27 03:54:59.887639139,52.5,0.0,0.0,0.0663619783790729,0.02654479135162916,low_risk,[]
txn_001994,user_0132,2024-01-27 07:57:23.683216571,43.88,0.0,0.0,0.05385222011801386,0.021540888047205546,low_risk,[]
txn_002322,user_0132,2024-01-31 13:10:15.357163801,52.79,0.0,0.0,0.0681946925550437,0.027277877022017484,low_risk,[]
txn_002538,user_0132,2024-02-03 09:30:57.207329147,60.07,0.1,0.0,0.08167540557325563,0.06767016222930225,low_risk,['increasing_sequence']
txn_002544,user_0132,2024-02-03 11:12:07.241688831,64.48,0.1,0.0,0.0825725027014356,0.06802900108057423,low_risk,['increasing_sequence']
txn_002955,user_0132,2024-02-08 22:34:44.966250201,51.82,0.0,0.0,0.10069604056948853,0.04027841622779541,low_risk,[]
txn_003182,user_0132,2024-02-12 00:26:10.529833021,56.54,0.0,0.0,0.09003220206239015,0.036012880824956066,low_risk,[]
txn_003214,user_0132,2024-02-12 07:34:14.333425925,62.78,0.1,0.0,0.09344817107012844,0.07237926842805137,low_risk,['increasing_sequence']
txn_003360,user_0132,2024-02-14 05:51:26.501572472,56.28,0.0,0.0,0.06938385313092679,0.027753541252370718,low_risk,[]
txn_003598,user_0132,2024-02-17 15:42:40.858982761,54.77,0.0,0.0,0.0827279181616473,0.033091167264658924,low_risk,[]
txn_004111,user_0132,2024-02-24 12:32:12.782797048,55.53,0.0,0.0,0.07690065698042599,0.030760262792170395,low_risk,[]
txn_004164,user_0132,2024-02-25 08:57:14.584688354,43.33,0.0,0.0,0.04315440138528578,0.01726176055411431,low_risk,[]
txn_004363,user_0132,2024-02-27 20:53:13.277684253,60.72,0.0,0.0,0.06951358172450699,0.027805432689802796,low_risk,[]
txn_004470,user_0132,2024-02-29 09:36:42.614413302,53.35,0.0,0.0,0.07002740802564741,0.028010963210258966,low_risk,[]
txn_004497,user_0132,2024-02-29 16:42:39.332397668,56.38,0.0,0.0,0.08274548369561974,0.0330981934782479,low_risk,[]
txn_000095,user_0133,2024-01-02 08:26:37.822766219,63.97,0.0,0.0,0.017770599271241593,0.007108239708496638,low_risk,[]
txn_000320,user_0133,2024-01-05 05:23:06.020574150,51.87,0.0,0.0,0.036037028009979946,0.01441481120399198,low_risk,[]
txn_000359,user_0133,2024-01-05 20:47:06.976658713,28.18,0.0,0.0,0.052875607806198495,0.0211502431224794,low_risk,[]
txn_000467,user_0133,2024-01-07 05:38:21.398680164,513.08,0.5,0.7033722000339525,0.9999467184017954,0.7508217373692063,high_risk,"['jump_from_previous', 'high_vs_average']"
txn_000543,user_0133,2024-01-08 04:45:10.984622817,28.71,0.0,0.0,0.01541399520216396,0.006165598080865585,low_risk,[]
txn_000795,user_0133,2024-01-11 07:19:37.903104394,66.65,0.0,0.012055903866248701,0.06615326160280569,0.02947528060768445,low_risk,[]
txn_001252,user_0133,2024-01-17 14:11:00.186971055,37.28,0.0,0.0,0.0034358098734748564,0.0013743239493899427,low_risk,[]
txn_002115,user_0133,2024-01-28 23:27:36.383079278,16.7,0.0,0.0,0.0075353765481477744,0.00301415061925911,low_risk,[]
txn_002361,user_0133,2024-02-01 02:46:57.601556036,35.35,0.0,0.004378742514970063,0.004003268353989039,0.0026959929703381314,low_risk,[]
txn_002796,user_0133,2024-02-06 18:02:25.985361813,13.4,0.0,0.0,0.002122727326358723,0.0008490909305434893,low_risk,[]
txn_002866,user_0133,2024-02-07 17:03:20.311680938,41.41,0.0,0.040886194029850734,0.002772240819179227,0.011330444835134373,low_risk,[]
txn_003217,user_0133,2024-02-12 08:19:59.787118588,37.42,0.0,0.0,0.003165792670685742,0.001266317068274297,low_risk,[]
txn_003252,user_0133,2024-02-12 21:58:35.777076062,38.59,0.0,0.0,0.005081098316299906,0.002032439326519962,low_risk,[]
txn_003269,user_0133,2024-02-13 03:43:51.653554078,41.7,0.1,0.0,0.013919116902866483,0.04056764676114659,low_risk,['increasing_sequence']
txn_003823,user_0133,2024-02-20 17:06:06.029323969,36.44,0.0,0.0,0.0033476729447730357,0.0013390691779092143,low_risk,[]
txn_004438,user_0133,2024-02-28 20:11:33.254055742,35.12,0.0,0.0,0.0029694369768463458,0.0011877747907385384,low_risk,[]
txn_004487,user_0133,2024-02-29 15:22:25.068643517,33.34,0.0,0.0,0.004884742622460509,0.001953897048984204,low_risk,[]
txn_000054,user_0134,2024-01-01 18:40:23.807343345,98.96,0.0,0.0,0.01599508226562402,0.006398032906249608,low_risk,[]
txn_000301,user_0134,2024-01-04 23:33:24.437787807,84.7,0.0,0.0,0.019784948180861087,0.007913979272344435,low_risk,[]
txn_000337,user_0134,2024-01-05 11:25:48.733489442,91.87,0.0,0.0,0.08933591742226459,0.035734366968905834,low_risk,[]
txn_000800,user_0134,2024-01-11 07:59:40.761136772,109.03,0.1,0.0,0.06721331919190746,0.06188532767676298,low_risk,['increasing_sequence']
txn_001003,user_0134,2024-01-14 08:33:12.222890169,80.98,0.0,0.0,0.020673790873738218,0.008269516349495288,low_risk,[]
txn_001009,user_0134,2024-01-14 08:59:32.303696081,43.81,0.0,0.0,0.00989905027240736,0.003959620108962944,low_risk,[]
txn_001109,user_0134,2024-01-15 18:12:35.976305933,107.92,0.0,0.017376169824241044,0.5969148966058927,0.24311000109841735,low_risk,[]
txn_001583,user_0134,2024-01-21 14:14:46.709342101,151.09,0.1,0.0,0.912720549834467,0.4000882199337868,medium_risk,['increasing_sequence']
txn_001936,user_0134,2024-01-26 16:55:16.121125642,205.05,0.1,0.006746837419959384,0.9864358595485229,0.431261053174399,medium_risk,['increasing_sequence']
txn_002266,user_0134,2024-01-31 00:17:55.824155165,269.8,0.1,0.024726477024070003,0.9996052287972493,0.44102371077491725,medium_risk,['increasing_sequence']
txn_002325,user_0134,2024-01-31 14:07:21.592333717,58.76,0.0,0.0,0.00019733883779284034,7.893553511713614e-05,low_risk,[]
txn_002344,user_0134,2024-01-31 18:50:54.265746071,74.8,0.0,0.0,0.0018653222859483017,0.0007461289143793207,low_risk,[]
txn_002350,user_0134,2024-01-31 22:47:26.747900205,81.33,0.1,0.0,0.029702126575380156,0.04688085063015206,low_risk,['increasing_sequence']
txn_002377,user_0134,2024-02-01 08:49:23.285840665,63.12,0.0,0.0,0.0048890720791381894,0.001955628831655276,low_risk,[]
txn_002395,user_0134,2024-02-01 16:40:42.008915859,85.61,0.0,0.0,0.01928257140071055,0.00771302856028422,low_risk,[]
txn_002567,user_0134,2024-02-03 16:27:33.720313773,52.84,0.0,0.0,4.987704447546021e-05,1.9950817790184086e-05,low_risk,[]
txn_002776,user_0134,2024-02-06 13:45:30.707860582,51.37,0.0,0.0,0.0001751704380946806,7.006817523787223e-05,low_risk,[]
txn_003070,user_0134,2024-02-10 10:24:29.521302925,69.95,0.0,0.0,0.004363384758489134,0.0017453539033956537,low_risk,[]
txn_003105,user_0134,2024-02-10 23:28:49.368527930,90.92,0.1,0.0,0.012049509279559946,0.039819803711823976,low_risk,['increasing_sequence']
txn_003143,user_0134,2024-02-11 11:25:18.805192607,24.15,0.0,0.0,0.000475403475569045,0.000190161390227618,low_risk,[]
txn_003172,user_0134,2024-02-11 20:39:52.965946808,92.51,0.0,0.06864906832298139,0.05317526228727364,0.0384323719956548,low_risk,[]
txn_003227,user_0134,2024-02-12 13:33:23.495027828,83.04,0.0,0.0,0.00403620428935735,0.0016144817157429403,low_risk,[]
txn_003283,user_0134,2024-02-13 06:45:29.228233121,83.81,0.0,0.0,0.0029960078251971113,0.0011984031300788446,low_risk,[]
txn_003289,user_0134,2024-02-13 08:30:07.943327720,108.4,0.1,0.0,0.03360341472499315,0.04844136588999726,low_risk,['increasing_sequence']
txn_003479,user_0134,2024-02-15 22:05:55.487751038,76.32,0.0,0.0,0.00019733883779284034,7.893553511713614e-05,low_risk,[]
txn_003717,user_0134,2024-02-19 08:30:35.234883647,96.46,0.0,0.0,0.01733006397526342,0.006932025590105368,low_risk,[]
txn_003904,user_0134,2024-02-21 14:46:29.005012170,104.65,0.1,0.0,0.016343314537701107,0.04153732581508044,low_risk,['increasing_sequence']
txn_003962,user_0134,2024-02-22 13:09:06.447469962,95.28,0.0,0.0,0.02274619953194896,0.009098479812779585,low_risk,[]
txn_004091,user_0134,2024-02-24 04:00:20.617499128,120.23,0.0,0.0,0.030878888988690872,0.012351555595476349,low_risk,[]
txn_004143,user_0134,2024-02-25 00:55:12.937547976,112.45,0.0,0.0,0.03207531774577636,0.012830127098310546,low_risk,[]
txn_004185,user_0134,2024-02-25 13:23:26.954013557,71.49,0.0,0.0,0.0009052541109255054,0.0003621016443702022,low_risk,[]
txn_004385,user_0134,2024-02-28 04:27:36.704067457,91.43,0.0,0.0,0.021944717557667838,0.008777887023067135,low_risk,[]
txn_004452,user_0134,2024-02-29 03:10:35.831248249,82.96,0.0,0.0,0.001586775913894412,0.0006347103655577649,low_risk,[]
txn_000222,user_0135,2024-01-04 02:44:46.862983375,52.14,0.0,0.0,0.014456512913833278,0.005782605165533312,low_risk,[]
txn_000384,user_0135,2024-01-06 05:50:17.740878996,42.0,0.0,0.0,0.01982973262270592,0.007931893049082369,low_risk,[]
txn_000403,user_0135,2024-01-06 13:46:25.409755980,56.48,0.0,0.0,0.043697085801937714,0.017478834320775086,low_risk,[]
txn_000458,user_0135,2024-01-07 02:30:57.656297971,49.84,0.0,0.0,0.14319307653314964,0.05727723061325986,low_risk,[]
txn_000705,user_0135,2024-01-10 04:07:43.419133303,68.05,0.0,0.0,0.09160919035776013,0.036643676143104056,low_risk,[]
txn_000711,user_0135,2024-01-10 05:42:03.001929291,63.81,0.0,0.0,0.17378110263562585,0.06951244105425035,low_risk,[]
txn_000720,user_0135,2024-01-10 08:26:53.417471292,54.27,0.0,0.0,0.2819214465729923,0.11276857862919692,low_risk,[]
txn_000796,user_0135,2024-01-11 07:25:11.249612081,56.07,0.0,0.0,0.08806357984238622,0.03522543193695449,low_risk,[]
txn_000877,user_0135,2024-01-12 11:15:42.300096893,59.86,0.1,0.0,0.06805477458833056,0.062221909835332226,low_risk,['increasing_sequence']
txn_000965,user_0135,2024-01-13 19:13:25.432209922,67.97,0.1,0.0,0.08985746727895821,0.07094298691158328,low_risk,['increasing_sequence']
txn_000972,user_0135,2024-01-13 21:39:22.605718519,58.01,0.0,0.0,0.07145071238841048,0.028580284955364195,low_risk,[]
txn_001052,user_0135,2024-01-15 00:32:04.979618500,58.84,0.0,0.0,0.03655758046488197,0.014623032185952789,low_risk,[]
txn_001057,user_0135,2024-01-15 02:09:23.988991424,57.2,0.0,0.0,0.029162787960416853,0.011665115184166741,low_risk,[]
txn_001071,user_0135,2024-01-15 07:05:23.919825839,51.04,0.0,0.0,0.11047949364675969,0.04419179745870388,low_risk,[]
txn_001893,user_0135,2024-01-26 04:25:24.800610006,57.24,0.0,0.0,0.03192888611877257,0.012771554447509029,low_risk,[]
txn_001935,user_0135,2024-01-26 16:51:13.574325453,58.39,0.1,0.0,0.02450674532540352,0.044802698130161404,low_risk,['increasing_sequence']
txn_002035,user_0135,2024-01-27 21:30:19.452043099,51.73,0.0,0.0,0.025748376871045867,0.010299350748418347,low_risk,[]
txn_002093,user_0135,2024-01-28 16:53:52.356794668,55.81,0.0,0.0,0.033635613497664696,0.01345424539906588,low_risk,[]
txn_002203,user_0135,2024-01-30 08:48:38.306569112,55.43,0.0,0.0,0.02647096253911977,0.010588385015647909,low_risk,[]
txn_002287,user_0135,2024-01-31 04:44:42.420118618,56.47,0.0,0.0,0.026238082733863573,0.01049523309354543,low_risk,[]
txn_002348,user_0135,2024-01-31 21:56:21.773019732,52.99,0.0,0.0,0.032776198627157554,0.013110479450863022,low_risk,[]
txn_002405,user_0135,2024-02-01 21:11:09.371513670,595.01,0.5,0.6120010668851977,0.9999467184017954,0.7279789540820176,high_risk,"['jump_from_previous', 'high_vs_average']"
txn_002460,user_0135,2024-02-02 12:56:24.800642139,34.73,0.0,0.0,0.0017950322218168785,0.0007180128887267514,low_risk,[]
txn_002828,user_0135,2024-02-07 04:05:46.411154526,44.69,0.0,0.0,0.0009714695506527498,0.00038858782026109995,low_risk,[]
txn_002833,user_0135,2024-02-07 05:16:29.638984645,40.71,0.0,0.0,0.0011189365452947174,0.000447574618117887,low_risk,[]
txn_002840,user_0135,2024-02-07 07:16:06.702879415,32.18,0.0,0.0,0.0007644573713465681,0.0003057829485386273,low_risk,[]
txn_003308,user_0135,2024-02-13 13:45:13.293596529,50.44,0.0,0.0,0.006945589526046098,0.0027782358104184394,low_risk,[]
txn_003623,user_0135,2024-02-18 00:11:08.075771996,53.17,0.1,0.0,0.0014181946667815603,0.03556727786671262,low_risk,['increasing_sequence']
txn_003951,user_0135,2024-02-22 10:43:35.830208904,36.22,0.0,0.0,0.002048966278121652,0.0008195865112486609,low_risk,[]
txn_003985,user_0135,2024-02-22 19:12:07.811831452,47.25,0.0,0.0,0.0029840911320213968,0.0011936364528085588,low_risk,[]
txn_004074,user_0135,2024-02-23 19:30:30.561847979,61.98,0.1,0.0,0.012814462558424807,0.04012578502336992,low_risk,['increasing_sequence']
txn_004082,user_0135,2024-02-23 23:10:17.684082544,48.7,0.0,0.0,0.001053481026446205,0.00042139241057848205,low_risk,[]
txn_004158,user_0135,2024-02-25 07:04:49.169232633,43.6,0.0,0.0,0.0008663432260123903,0.00034653729040495616,low_risk,[]
txn_004161,user_0135,2024-02-25 07:24:01.063690661,56.73,0.0,0.0,0.0025287433467050522,0.0010114973386820209,low_risk,[]
txn_004177,user_0135,2024-02-25 11:46:54.424967336,53.53,0.0,0.0,0.0028550372869054165,0.0011420149147621666,low_risk,[]
txn_004234,user_0135,2024-02-26 07:25:03.330764757,54.36,0.0,0.0,0.001480335711143476,0.0005921342844573905,low_risk,[]
txn_004269,user_0135,2024-02-26 18:02:10.712300886,44.1,0.0,0.0,0.0010936286056430862,0.00043745144225723447,low_risk,[]
txn_004466,user_0135,2024-02-29 08:56:29.062425915,42.49,0.0,0.0,0.0021908518501600038,0.0008763407400640016,low_risk,[]
txn_004489,user_0135,2024-02-29 15:39:43.067221982,63.44,0.0,0.0,0.0327660236943084,0.01310640947772336,low_risk,[]
txn_000370,user_0136,2024-01-06 01:11:35.500525741,33.78,0.0,0.0,0.01568200213180472,0.006272800852721888,low_risk,[]
txn_000835,user_0136,2024-01-11 19:31:39.026274048,55.15,0.0,0.0,0.058691664830100666,0.02347666593204027,low_risk,[]
txn_001984,user_0136,2024-01-27 05:59:08.648033980,50.68,0.0,0.0,0.11785826729749607,0.04714330691899843,low_risk,[]
txn_002141,user_0136,2024-01-29 08:44:36.447126025,685.56,0.5,0.7188268646544036,0.9999467184017954,0.7546854035243191,high_risk,"['jump_from_previous', 'high_vs_average']"
txn_002596,user_0136,2024-02-04 02:46:58.025513110,41.7,0.0,0.0,0.0018940845853831847,0.000757633834153274,low_risk,[]
txn_002662,user_0136,2024-02-05 01:31:10.200120018,45.88,0.0,0.0,0.007339720072736973,0.0029358880290947893,low_risk,[]
txn_002716,user_0136,2024-02-05 19:28:40.624196541,43.69,0.0,0.0,0.004036033193531024,0.0016144132774124098,low_risk,[]
txn_002943,user_0136,2024-02-08 18:15:15.375396124,48.32,0.0,0.0,0.0030264649010684295,0.0012105859604273719,low_risk,[]
txn_002982,user_0136,2024-02-09 05:01:34.591026867,39.92,0.0,0.0,0.004293495391345655,0.0017173981565382621,low_risk,[]
txn_002983,user_0136,2024-02-09 05:04:37.017943053,69.25,0.0,0.0,0.018907109500575205,0.007562843800230082,low_risk,[]
txn_003134,user_0136,2024-02-11 08:07:49.978159660,52.85,0.0,0.0,0.0010681171823455908,0.00042724687293823634,low_risk,[]
txn_003669,user_0136,2024-02-18 14:31:38.581700046,52.62,0.0,0.0,0.0013784671955039795,0.0005513868782015918,low_risk,[]
txn_003901,user_0136,2024-02-21 14:35:47.658100481,44.18,0.0,0.0,0.001223840946676892,0.0004895363786707568,low_risk,[]
txn_003990,user_0136,2024-02-22 20:02:19.547156289,68.22,0.0,0.0,0.008360331778493862,0.0033441327113975447,low_risk,[]
txn_004367,user_0136,2024-02-27 23:08:52.534790889,47.41,0.0,0.0,0.0012917269014451923,0.000516690760578077,low_risk,[]
txn_000360,user_0137,2024-01-05 21:24:42.133908595,33.11,0.0,0.0,0.01445529287391093,0.005782117149564372,low_risk,[]
txn_000365,user_0137,2024-01-05 22:47:29.792565451,38.8,0.0,0.0,0.048860783398412495,0.019544313359365,low_risk,[]
txn_000368,user_0137,2024-01-05 23:30:25.998390458,30.88,0.0,0.0,0.12706254219715699,0.050825016878862796,low_risk,[]
txn_000756,user_0137,2024-01-10 19:02:00.332408094,40.94,0.0,0.0,0.06020408252253766,0.024081633009015065,low_risk,[]
txn_000836,user_0137,2024-01-11 19:40:01.930038188,33.97,0.0,0.0,0.05035880577408882,0.02014352230963553,low_risk,[]
txn_000911,user_0137,2024-01-12 23:26:52.048220324,30.16,0.0,0.0,0.039240962876750586,0.015696385150700234,low_risk,[]
txn_001155,user_0137,2024-01-16 08:40:34.111179134,28.64,0.0,0.0,0.03412949231311881,0.013651796925247525,low_risk,[]
txn_001216,user_0137,2024-01-17 03:20:36.134160405,31.95,0.0,0.0,0.13011468724812733,0.052045874899250937,low_risk,[]
txn_001313,user_0137,2024-01-18 10:32:41.222824511,23.17,0.0,0.0,0.038899562015600415,0.015559824806240167,low_risk,[]
txn_001363,user_0137,2024-01-19 02:47:11.149597417,32.33,0.0,0.0,0.0911307674432007,0.03645230697728028,low_risk,[]
txn_001385,user_0137,2024-01-19 12:47:59.967171641,32.71,0.1,0.0,0.1085978765354135,0.0784391506141654,low_risk,['increasing_sequence']
txn_001463,user_0137,2024-01-20 08:47:55.693153239,40.3,0.1,0.0,0.12271021631434197,0.08408408652573679,low_risk,['increasing_sequence']
txn_001558,user_0137,2024-01-21 08:59:03.757171866,40.76,0.1,0.0,0.14162939927090212,0.09165175970836084,low_risk,['increasing_sequence']
txn_001611,user_0137,2024-01-22 00:32:32.469866891,29.99,0.0,0.0,0.13412331790765322,0.05364932716306129,low_risk,[]
txn_001708,user_0137,2024-01-23 12:35:33.453990765,38.32,0.0,0.0,0.07557763669176423,0.030231054676705695,low_risk,[]
txn_001715,user_0137,2024-01-23 14:35:41.300065077,28.56,0.0,0.0,0.06520446438277254,0.026081785753109016,low_risk,[]
txn_001768,user_0137,2024-01-24 10:24:07.390773228,32.1,0.0,0.0,0.32841718440671047,0.1313668737626842,low_risk,[]
txn_001853,user_0137,2024-01-25 13:31:23.583288770,27.08,0.0,0.0,0.030809785945463495,0.012323914378185398,low_risk,[]
txn_001955,user_0137,2024-01-26 21:12:01.034024761,30.15,0.0,0.0,0.0852638144176302,0.03410552576705208,low_risk,[]
txn_002136,user_0137,2024-01-29 06:40:45.900455535,35.36,0.1,0.0,0.06905742760943587,0.06262297104377434,low_risk,['increasing_sequence']
txn_002298,user_0137,2024-01-31 08:08:16.234063685,27.77,0.0,0.0,0.025358582189273962,0.010143432875709586,low_risk,[]
txn_002417,user_0137,2024-02-02 01:10:35.716111636,33.32,0.0,0.0,0.05548852900080467,0.02219541160032187,low_risk,[]
txn_002458,user_0137,2024-02-02 12:32:53.849828832,35.6,0.1,0.0,0.06180976245768206,0.059723904983072826,low_risk,['increasing_sequence']
txn_002477,user_0137,2024-02-02 17:47:18.311636676,34.84,0.0,0.0,0.22608615858898037,0.09043446343559215,low_risk,[]
txn_002509,user_0137,2024-02-03 03:30:31.766573591,25.05,0.0,0.0,0.04383671653233288,0.017534686612933153,low_risk,[]
txn_002551,user_0137,2024-02-03 12:49:37.171102768,30.0,0.0,0.0,0.12835795235827965,0.05134318094331186,low_risk,[]
txn_002758,user_0137,2024-02-06 08:29:13.782491059,28.24,0.0,0.0,0.030994270491908095,0.012397708196763238,low_risk,[]
txn_002867,user_0137,2024-02-07 17:07:41.110454047,24.7,0.0,0.0,0.021468028959592038,0.008587211583836815,low_risk,[]
txn_002998,user_0137,2024-02-09 08:31:29.020435127,36.7,0.0,0.0,0.04388005002409888,0.01755202000963955,low_risk,[]
txn_003036,user_0137,2024-02-09 20:25:13.330760096,29.74,0.0,0.0,0.058603275536173075,0.02344131021446923,low_risk,[]
txn_003402,user_0137,2024-02-14 18:26:38.987048542,25.91,0.0,0.0,0.019523880318377502,0.007809552127351001,low_risk,[]
txn_003447,user_0137,2024-02-15 11:25:28.337468734,478.12,0.5,0.6366082349139376,0.9999467184017954,0.7341307460892026,high_risk,"['jump_from_previous', 'high_vs_average']"
txn_003839,user_0137,2024-02-20 20:58:48.338807263,32.97,0.0,0.0,0.05193273923077256,0.020773095692309024,low_risk,[]
txn_003876,user_0137,2024-02-21 06:16:19.199923741,34.6,0.0,0.0,0.02297905922109649,0.009191623688438597,low_risk,[]
txn_004231,user_0137,2024-02-26 04:44:29.363703826,32.97,0.0,0.0,0.015078602310289119,0.006031440924115648,low_risk,[]
txn_004243,user_0137,2024-02-26 09:47:30.686579896,35.35,0.0,0.0,0.023170692807465088,0.009268277122986035,low_risk,[]
txn_004304,user_0137,2024-02-27 04:59:33.184754837,34.93,0.0,0.0,0.023170692807465088,0.009268277122986035,low_risk,[]
txn_000307,user_0138,2024-01-05 01:40:17.659762435,348.61,0.0,0.0,0.039035427471741276,0.01561417098869651,low_risk,[]
txn_000413,user_0138,2024-01-06 15:16:10.298192153,284.63,0.0,0.0,0.0018524917191749862,0.0007409966876699946,low_risk,[]
txn_000654,user_0138,2024-01-09 11:05:50.554835868,205.1,0.0,0.0,0.0004976180001623937,0.0001990472000649575,low_risk,[]
txn_000840,user_0138,2024-01-11 21:45:55.871181841,276.81,0.0,0.0,0.010871866072453374,0.00434874642898135,low_risk,[]
txn_000908,user_0138,2024-01-12 22:56:48.505681963,346.17,0.1,0.0,0.009319064312924542,0.038727625725169815,low_risk,['increasing_sequence']
txn_001050,user_0138,2024-01-14 23:45:42.566015928,341.71,0.0,0.0,0.004243336272612844,0.0016973345090451376,low_risk,[]
txn_001236,user_0138,2024-01-17 10:32:53.950363147,354.24,0.0,0.0,0.00863727659738436,0.0034549106389537444,low_risk,[]
txn_001378,user_0138,2024-01-19 11:14:37.604457375,15255.43,0.7999999999999999,0.8,0.999832430008223,0.8799329720032891,high_risk,"['jump_from_previous', 'high_vs_average', 'high_share_of_total', 'increasing_sequence']"
txn_001477,user_0138,2024-01-20 12:23:39.384443273,379.0,0.0,0.0,0.0,0.0,low_risk,[]
txn_001875,user_0138,2024-01-25 23:55:37.964651696,235.68,0.0,0.0,0.0,0.0,low_risk,[]
txn_002020,user_0138,2024-01-27 16:27:36.251650742,190.82,0.0,0.0,4.987704447546021e-05,1.9950817790184086e-05,low_risk,[]
txn_002546,user_0138,2024-02-03 11:17:59.713997058,396.13,0.0,0.0028475788701394053,0.005044421126267926,0.002729663168042022,low_risk,[]
txn_002612,user_0138,2024-02-04 08:51:09.912176311,164.45,0.0,0.0,4.987704447546021e-05,1.9950817790184086e-05,low_risk,[]
txn_002762,user_0138,2024-02-06 10:01:54.159815971,308.4,0.0,0.0,0.0,0.0,low_risk,[]
txn_002996,user_0138,2024-02-09 08:07:31.024967928,313.36,0.1,0.0,7.771825602304725e-05,0.03503108730240922,low_risk,['increasing_sequence']
txn_003169,user_0138,2024-02-11 19:45:26.774929255,323.84,0.1,0.0,7.771825602304725e-05,0.03503108730240922,low_risk,['increasing_sequence']
txn_003189,user_0138,2024-02-12 02:17:22.306427626,246.19,0.0,0.0,0.0,0.0,low_risk,[]
txn_004046,user_0138,2024-02-23 11:58:05.257203639,357.68,0.0,0.0,0.0,0.0,low_risk,[]
txn_004171,user_0138,2024-02-25 09:59:09.265295237,419.51,0.1,0.0,0.0001221393822909731,0.035048855752916386,low_risk,['increasing_sequence']
txn_004300,user_0138,2024-02-27 04:32:26.228783302,258.46,0.0,0.0,0.0,0.0,low_risk,[]
txn_004432,user_0138,2024-02-28 18:21:46.659178080,265.64,0.0,0.0,7.771825602304725e-05,3.10873024092189e-05,low_risk,[]
txn_000354,user_0139,2024-01-05 17:41:14.390591426,55.42,0.0,0.0,0.004349807983002959,0.0017399231932011838,low_risk,[]
txn_000485,user_0139,2024-01-07 10:47:03.931253235,40.82,0.0,0.0,0.007302300623827533,0.0029209202495310135,low_risk,[]
txn_000587,user_0139,2024-01-08 16:39:56.247530753,51.4,0.0,0.0,0.03752627454402364,0.015010509817609456,low_risk,[]
txn_000595,user_0139,2024-01-08 20:20:37.789005437,56.09,0.1,0.0,0.03869703170193348,0.050478812680773394,low_risk,['increasing_sequence']
txn_000616,user_0139,2024-01-09 02:10:17.442528447,40.91,0.0,0.0,0.04712380383116131,0.018849521532464525,low_risk,[]
txn_000686,user_0139,2024-01-09 21:16:32.289964104,43.93,0.0,0.0,0.0909508531243754,0.03638034124975016,low_risk,[]
txn_000793,user_0139,2024-01-11 05:55:34.381819347,51.0,0.1,0.0,0.059679881606912,0.0588719526427648,low_risk,['increasing_sequence']
txn_000930,user_0139,2024-01-13 08:07:10.787702478,45.63,0.0,0.0,0.07083165188036676,0.028332660752146705,low_risk,[]
txn_001053,user_0139,2024-01-15 00:41:59.117769427,36.43,0.0,0.0,0.03325731442727273,0.013302925770909092,low_risk,[]
txn_001217,user_0139,2024-01-17 04:14:16.398688474,49.47,0.0,0.0,0.04475630696602639,0.01790252278641056,low_risk,[]
txn_001343,user_0139,2024-01-18 20:48:02.541768988,55.9,0.1,0.0,0.03677783313729707,0.04971113325491883,low_risk,['increasing_sequence']
txn_001407,user_0139,2024-01-19 20:01:43.297334245,44.27,0.0,0.0,0.0790436395566149,0.03161745582264596,low_risk,[]
txn_001481,user_0139,2024-01-20 13:22:39.428058170,37.87,0.0,0.0,0.016883083950771708,0.006753233580308684,low_risk,[]
txn_001561,user_0139,2024-01-21 09:23:59.920044290,62.04,0.0,0.0,0.027766347571598758,0.011106539028639504,low_risk,[]
txn_001582,user_0139,2024-01-21 14:05:36.825161780,42.47,0.0,0.0,0.06423811562544487,0.025695246250177953,low_risk,[]
txn_001586,user_0139,2024-01-21 14:54:42.901433301,55.19,0.0,0.0,0.04067117744840775,0.0162684709793631,low_risk,[]
txn_001731,user_0139,2024-01-23 21:22:55.460158520,53.14,0.0,0.0,0.0329370885160769,0.01317483540643076,low_risk,[]
txn_001840,user_0139,2024-01-25 07:48:05.228731542,36.91,0.0,0.0,0.02798228613518465,0.01119291445407386,low_risk,[]
txn_001842,user_0139,2024-01-25 08:57:58.766833449,40.59,0.0,0.0,0.028792852877517098,0.01151714115100684,low_risk,[]
txn_001932,user_0139,2024-01-26 16:14:49.248398718,48.15,0.1,0.0,0.02566338236655485,0.045265352946621935,low_risk,['increasing_sequence']
txn_002077,user_0139,2024-01-28 11:19:31.518966293,50.97,0.1,0.0,0.028051624619663797,0.046220649847865516,low_risk,['increasing_sequence']
txn_002498,user_0139,2024-02-03 00:11:35.540895359,59.71,0.1,0.0,0.02076732659495263,0.04330693063798105,low_risk,['increasing_sequence']
txn_002578,user_0139,2024-02-03 20:55:40.913922842,62.03,0.1,0.0,0.0227243614320517,0.04408974457282068,low_risk,['increasing_sequence']
txn_002622,user_0139,2024-02-04 10:57:18.910418163,52.28,0.0,0.0,0.03719697616187751,0.014878790464751004,low_risk,[]
txn_002646,user_0139,2024-02-04 20:34:49.631399685,50.4,0.0,0.0,0.08765372062812107,0.035061488251248434,low_risk,[]
txn_002746,user_0139,2024-02-06 04:07:59.311797052,52.16,0.0,0.0,0.03827368758088342,0.015309475032353368,low_risk,[]
txn_003251,user_0139,2024-02-12 21:44:03.103105596,48.85,0.0,0.0,0.046171479059886895,0.01846859162395476,low_risk,[]
txn_003271,user_0139,2024-02-13 04:00:01.101558053,46.77,0.0,0.0,0.03434160505593189,0.013736642022372757,low_risk,[]
txn_003611,user_0139,2024-02-17 21:01:15.929368651,40.5,0.0,0.0,0.017362992821484895,0.006945197128593959,low_risk,[]
txn_003692,user_0139,2024-02-19 00:58:25.379148573,43.44,0.0,0.0,0.036901128276911256,0.014760451310764503,low_risk,[]
txn_003815,user_0139,2024-02-20 15:06:27.607864105,53.05,0.1,0.0,0.03192273873038768,0.04776909549215507,low_risk,['increasing_sequence']
txn_003852,user_0139,2024-02-21 01:16:06.117774604,57.54,0.1,0.0,0.028873304601162896,0.046549321840465153,low_risk,['increasing_sequence']
txn_004004,user_0139,2024-02-22 23:08:59.440470304,49.82,0.0,0.0,0.030643771248239856,0.012257508499295943,low_risk,[]
txn_004122,user_0139,2024-02-24 16:31:51.825486252,6256.38,0.7,0.8,0.9999467184017954,0.8449786873607181,high_risk,"['jump_from_previous', 'high_vs_average', 'high_share_of_total']"
txn_004192,user_0139,2024-02-25 17:10:34.562411658,57.3,0.0,0.0,4.987704447546021e-05,1.9950817790184086e-05,low_risk,[]
txn_004262,user_0139,2024-02-26 16:38:11.082766218,46.79,0.0,0.0,0.0006096440314643012,0.0002438576125857205,low_risk,[]
txn_004490,user_0139,2024-02-29 15:43:46.844552477,49.6,0.0,0.0,0.00038235865183360555,0.00015294346073344223,low_risk,[]
txn_000100,user_0140,2024-01-02 11:03:27.262020529,87.89,0.0,0.0,0.009179312789598966,0.003671725115839587,low_risk,[]
txn_000535,user_0140,2024-01-08 01:52:10.533594649,70.5,0.0,0.0,0.03095010772516865,0.01238004309006746,low_risk,[]
txn_001664,user_0140,2024-01-22 18:00:49.499554535,811.39,0.7,0.777516682138805,0.9999467184017954,0.8393578578954194,high_risk,"['jump_from_previous', 'high_vs_average', 'high_share_of_total']"
txn_001801,user_0140,2024-01-24 19:11:17.934615846,129.97,0.0,0.0,0.003685797394463779,0.0014743189577855118,low_risk,[]
txn_003522,user_0140,2024-02-16 11:54:51.283006305,92.95,0.0,0.0,0.013685797394463779,0.005474318957785512,low_risk,[]
txn_004086,user_0140,2024-02-24 02:10:28.139960431,67.63,0.0,0.0,0.0005755748057195296,0.00023022992228781186,low_risk,[]
txn_000093,user_0141,2024-01-02 07:57:28.258959390,28.51,0.0,0.0,0.02198022661545153,0.008792090646180611,low_risk,[]
txn_000542,user_0141,2024-01-08 03:30:01.066413952,26.04,0.0,0.0,0.08210563460421344,0.032842253841685376,low_risk,[]
txn_000685,user_0141,2024-01-09 20:31:24.906004170,31.16,0.0,0.0,0.09267310420581626,0.037069241682326504,low_risk,[]
txn_000706,user_0141,2024-01-10 04:16:30.736403836,36.51,0.1,0.0,0.10010279979566511,0.07504111991826604,low_risk,['increasing_sequence']
txn_001090,user_0141,2024-01-15 12:56:15.054910166,29.18,0.0,0.0,0.11732899703180547,0.046931598812722186,low_risk,[]
txn_001221,user_0141,2024-01-17 05:05:17.176662057,34.14,0.0,0.0,0.11016442812778786,0.044065771251115146,low_risk,[]
txn_001294,user_0141,2024-01-18 03:30:28.447701953,31.21,0.0,0.0,0.14864562620966293,0.059458250483865174,low_risk,[]
txn_001307,user_0141,2024-01-18 09:20:32.162115967,25.28,0.0,0.0,0.0752559493165384,0.03010237972661536,low_risk,[]
txn_001403,user_0141,2024-01-19 18:47:50.013722920,27.09,0.0,0.0,0.20318347195412761,0.08127338878165105,low_risk,[]
txn_001607,user_0141,2024-01-22 00:00:56.932471956,339.12,0.6,0.657734680408184,0.9999352704312714,0.7744077782745545,high_risk,"['jump_from_previous', 'high_vs_average', 'increasing_sequence']"
txn_002313,user_0141,2024-01-31 10:52:21.761515189,27.77,0.0,0.0,0.029553378011081714,0.011821351204432687,low_risk,[]
txn_002666,user_0141,2024-02-05 01:58:39.643661614,31.8,0.0,0.0,0.01712008769885791,0.006848035079543165,low_risk,[]
txn_002690,user_0141,2024-02-05 09:52:36.653876559,27.52,0.0,0.0,0.04242396175546349,0.0169695847021854,low_risk,[]
txn_002849,user_0141,2024-02-07 11:45:06.088371593,29.11,0.0,0.0,0.024156322591186496,0.009662529036474599,low_risk,[]
txn_003193,user_0141,2024-02-12 02:44:09.122713723,28.62,0.0,0.0,0.02407326976155553,0.009629307904622212,low_risk,[]
txn_003301,user_0141,2024-02-13 12:00:06.291351939,27.67,0.0,0.0,0.014757198116962744,0.005902879246785098,low_risk,[]
txn_003478,user_0141,2024-02-15 21:44:32.237208454,27.9,0.0,0.0,0.015495779128880451,0.006198311651552181,low_risk,[]
txn_003558,user_0141,2024-02-17 03:39:20.534478424,24.91,0.0,0.0,0.013586302856034514,0.005434521142413806,low_risk,[]
txn_003580,user_0141,2024-02-17 10:06:52.007215730,34.79,0.0,0.0,0.03157321051162329,0.012629284204649316,low_risk,[]
txn_004039,user_0141,2024-02-23 08:32:25.104188401,27.72,0.0,0.0,0.012824081236483244,0.005129632494593298,low_risk,[]
txn_004188,user_0141,2024-02-25 15:04:46.384166716,34.2,0.0,0.0,0.031905013550983165,0.012762005420393267,low_risk,[]
txn_004213,user_0141,2024-02-26 01:17:40.655797431,26.78,0.0,0.0,0.017218459464365437,0.006887383785746175,low_risk,[]
txn_004307,user_0141,2024-02-27 06:10:36.445912483,27.82,0.0,0.0,0.014943262737269494,0.005977305094907798,low_risk,[]
txn_000142,user_0142,2024-01-03 01:13:21.783302301,55.42,0.0,0.0,0.010210736153399154,0.004084294461359662,low_risk,[]
txn_000315,user_0142,2024-01-05 04:07:51.863569217,86.77,0.0,0.0,0.06413975468858082,0.025655901875432333,low_risk,[]
txn_000349,user_0142,2024-01-05 16:32:05.736342564,60.04,0.0,0.0,0.026132523036994145,0.010453009214797658,low_risk,[]
txn_000691,user_0142,2024-01-09 23:04:33.907914346,34.1,0.0,0.0,0.007188288793283677,0.002875315517313471,low_risk,[]
txn_000873,user_0142,2024-01-12 10:06:46.023682842,53.0,0.0,0.0,0.11401383194574838,0.04560553277829935,low_risk,[]
txn_000978,user_0142,2024-01-13 23:45:16.107470091,41.27,0.0,0.0,0.018537947698945505,0.007415179079578203,low_risk,[]
txn_000987,user_0142,2024-01-14 02:09:39.267728662,77.9,0.0,0.0,0.12174480493624965,0.04869792197449986,low_risk,[]
txn_001630,user_0142,2024-01-22 06:43:20.326954608,22.66,0.0,0.0,0.02895681465246938,0.011582725860987754,low_risk,[]
txn_001722,user_0142,2024-01-23 18:30:34.712265198,88.54,0.0,0.07152471315092675,0.11701693418060019,0.06468795195997176,low_risk,[]
txn_001745,user_0142,2024-01-24 03:18:01.217513162,91.24,0.1,0.0,0.24531982123699309,0.13312792849479724,low_risk,['increasing_sequence']
txn_001762,user_0142,2024-01-24 09:34:14.598054202,56.36,0.0,0.0,0.14027738727220776,0.056110954908883105,low_risk,[]
txn_001786,user_0142,2024-01-24 15:59:51.157583181,827.41,0.5,0.645681736191543,0.9899540715302173,0.7324020626599728,high_risk,"['jump_from_previous', 'high_vs_average']"
txn_001911,user_0142,2024-01-26 10:31:58.172131388,29.72,0.0,0.0,0.000475403475569045,0.000190161390227618,low_risk,[]
txn_001917,user_0142,2024-01-26 12:36:19.500740254,28.42,0.0,0.0,0.0016070835310475116,0.0006428334124190046,low_risk,[]
txn_002147,user_0142,2024-01-29 10:45:30.147536134,43.64,0.0,0.0,0.0049439863619899485,0.0019775945447959796,low_risk,[]
txn_002177,user_0142,2024-01-29 23:04:29.056782914,28.33,0.0,0.0,0.0017032206893460658,0.0006812882757384264,low_risk,[]
txn_002261,user_0142,2024-01-30 23:59:53.234580364,82.69,0.0,0.034455524179315224,0.012831284715471182,0.01374639493101728,low_risk,[]
txn_002469,user_0142,2024-02-02 16:01:53.462623982,40.43,0.0,0.0,4.987704447546021e-05,1.9950817790184086e-05,low_risk,[]
txn_002631,user_0142,2024-02-04 15:28:59.942410118,58.99,0.0,0.0,0.002368864114525916,0.0009475456458103665,low_risk,[]
txn_002668,user_0142,2024-02-05 02:38:06.954173643,46.38,0.0,0.0,0.0006096440314643012,0.0002438576125857205,low_risk,[]
txn_002769,user_0142,2024-02-06 11:42:05.052492101,53.19,0.0,0.0,0.001323278580428994,0.0005293114321715976,low_risk,[]
txn_002864,user_0142,2024-02-07 15:51:30.204908938,45.84,0.0,0.0,0.0001751704380946806,7.006817523787223e-05,low_risk,[]
txn_003059,user_0142,2024-02-10 04:36:30.982073012,36.14,0.0,0.0,0.0006856840238710849,0.000274273609548434,low_risk,[]
txn_003148,user_0142,2024-02-11 13:31:32.640413843,61.5,0.0,0.0,0.0027367175969910474,0.001094687038796419,low_risk,[]
txn_003208,user_0142,2024-02-12 05:48:23.000476011,50.57,0.0,0.0,0.0005694964522674203,0.00022779858090696812,low_risk,[]
txn_003413,user_0142,2024-02-14 23:17:25.003910444,63.09,0.0,0.0,0.005839267515538351,0.0023357070062153405,low_risk,[]
txn_003562,user_0142,2024-02-17 04:46:57.573944141,96.81,0.1,0.0,0.030026850679116802,0.047010740271646714,low_risk,['increasing_sequence']
txn_003640,user_0142,2024-02-18 03:48:57.270530788,78.32,0.0,0.0,0.028702866246058837,0.011481146498423536,low_risk,[]
txn_003650,user_0142,2024-02-18 07:57:45.538323171,93.86,0.0,0.0,0.031198220501668473,0.01247928820066739,low_risk,[]
txn_003789,user_0142,2024-02-20 09:11:13.978816731,70.24,0.0,0.0,0.0035817052931849365,0.0014326821172739746,low_risk,[]
txn_004026,user_0142,2024-02-23 05:33:45.416694712,57.07,0.0,0.0,0.0006247365315035519,0.0002498946126014208,low_risk,[]
txn_004121,user_0142,2024-02-24 16:23:17.490175195,73.41,0.0,0.0,0.006925363161881745,0.0027701452647526984,low_risk,[]
txn_000145,user_0143,2024-01-03 02:33:06.519206195,40.46,0.0,0.0,0.01445529287391093,0.005782117149564372,low_risk,[]
txn_000223,user_0143,2024-01-04 03:38:25.093912117,46.41,0.0,0.0,0.07530238304085468,0.030120953216341874,low_risk,[]
txn_000258,user_0143,2024-01-04 11:15:18.683471649,632.77,0.6,0.658177490500939,0.9999814778244542,0.7745369637550165,high_risk,"['jump_from_previous', 'high_vs_average', 'increasing_sequence']"
txn_000296,user_0143,2024-01-04 20:55:09.924884556,45.17,0.0,0.0,0.01777059519187274,0.007108238076749096,low_risk,[]
txn_000429,user_0143,2024-01-06 20:29:23.462323775,38.02,0.0,0.0,0.0015297639472865781,0.0006119055789146313,low_risk,[]
txn_000472,user_0143,2024-01-07 06:50:34.508391203,67.1,0.0,0.0,0.006045536553012431,0.0024182146212049726,low_risk,[]
txn_000576,user_0143,2024-01-08 14:42:29.372182102,59.0,0.0,0.0,0.0006898812144189015,0.0002759524857675606,low_risk,[]
txn_000777,user_0143,2024-01-11 01:23:46.505130731,50.89,0.0,0.0,0.0008722275567534597,0.0003488910227013839,low_risk,[]
txn_000812,user_0143,2024-01-11 11:52:13.344552613,63.16,0.0,0.0,0.003405764267435308,0.0013623057069741234,low_risk,[]
txn_001569,user_0143,2024-01-21 11:14:12.208042414,43.77,0.0,0.0,0.00032263223141206073,0.0001290528925648243,low_risk,[]
txn_001670,user_0143,2024-01-22 19:25:06.456728685,44.63,0.0,0.0,0.0014441406252430852,0.0005776562500972341,low_risk,[]
txn_001733,user_0143,2024-01-23 21:27:15.459584196,54.97,0.1,0.0,0.0018527061455525134,0.035741082458221,low_risk,['increasing_sequence']
txn_001764,user_0143,2024-01-24 09:47:26.199156832,51.59,0.0,0.0,0.0014270859122745613,0.0005708343649098246,low_risk,[]
txn_001860,user_0143,2024-01-25 16:42:04.198331825,57.54,0.0,0.0,0.0017616322644112134,0.0007046529057644854,low_risk,[]
txn_001872,user_0143,2024-01-25 22:00:29.793971483,69.73,0.1,0.0,0.0015660765680182405,0.035626430627207294,low_risk,['increasing_sequence']
txn_002214,user_0143,2024-01-30 13:03:36.666132771,66.33,0.0,0.0,0.0010681171823455908,0.00042724687293823634,low_risk,[]
txn_002427,user_0143,2024-02-02 03:19:13.796268134,72.3,0.0,0.0,0.0010681171823455908,0.00042724687293823634,low_risk,[]
txn_003263,user_0143,2024-02-13 01:47:41.546774945,56.76,0.0,0.0,0.0006898812144189015,0.0002759524857675606,low_risk,[]
txn_003397,user_0143,2024-02-14 17:04:02.950700057,60.94,0.0,0.0,0.0013784671955039795,0.0005513868782015918,low_risk,[]
txn_003461,user_0143,2024-02-15 15:47:59.351527623,48.32,0.0,0.0,0.0020146164232557454,0.0008058465693022983,low_risk,[]
txn_003547,user_0143,2024-02-16 21:44:32.910706133,54.18,0.0,0.0,0.00236199865938293,0.000944799463753172,low_risk,[]
txn_003627,user_0143,2024-02-18 00:32:26.959309341,23.19,0.0,0.0,0.0023491993155960165,0.0009396797262384067,low_risk,[]
txn_003889,user_0143,2024-02-21 11:36:26.084537712,84.53,0.0,0.061691461836998696,0.0800144894218617,0.047428661227994356,low_risk,[]
txn_000344,user_0144,2024-01-05 13:49:47.154872337,110.23,0.0,0.0,0.003404759328166095,0.001361903731266438,low_risk,[]
txn_000415,user_0144,2024-01-06 16:20:49.037982604,130.3,0.0,0.0,0.026015146033726025,0.010406058413490411,low_risk,[]
txn_000539,user_0144,2024-01-08 02:37:12.238730817,5399.81,0.7999999999999999,0.8,0.9949603680536463,0.8779841472214585,high_risk,"['jump_from_previous', 'high_vs_average', 'high_share_of_total', 'increasing_sequence']"
txn_000759,user_0144,2024-01-10 20:09:34.579920020,113.42,0.0,0.0,4.987704447546021e-05,1.9950817790184086e-05,low_risk,[]
txn_000844,user_0144,2024-01-11 23:41:39.924851783,127.52,0.0,0.0,0.0001751704380946806,7.006817523787223e-05,low_risk,[]
txn_000847,user_0144,2024-01-12 00:11:28.092520383,118.87,0.0,0.0,0.00042203465895004015,0.00016881386358001606,low_risk,[]
txn_000853,user_0144,2024-01-12 02:18:37.843488774,121.33,0.0,0.0,0.0010477012920277386,0.0004190805168110955,low_risk,[]
txn_001056,user_0144,2024-01-15 01:49:38.318601759,151.61,0.1,0.0,0.00032263223141206073,0.03512905289256482,low_risk,['increasing_sequence']
txn_001218,user_0144,2024-01-17 04:37:15.331325608,134.04,0.0,0.0,0.0001751704380946806,7.006817523787223e-05,low_risk,[]
txn_001279,user_0144,2024-01-17 22:18:53.750781129,150.57,0.0,0.0,0.0005694964522674203,0.00022779858090696812,low_risk,[]
txn_001625,user_0144,2024-01-22 05:04:08.568896385,101.29,0.0,0.0,4.987704447546021e-05,1.9950817790184086e-05,low_risk,[]
txn_002099,user_0144,2024-01-28 19:16:00.575442461,149.85,0.0,0.0,0.00024491397538901346,9.796559015560539e-05,low_risk,[]
txn_002268,user_0144,2024-01-31 00:25:34.754567634,63.84,0.0,0.0,4.987704447546021e-05,1.9950817790184086e-05,low_risk,[]
txn_002711,user_0144,2024-02-05 18:16:47.549845669,162.97,0.0,0.020729558270676678,9.199626386409902e-05,0.005219188073214809,low_risk,[]
txn_003432,user_0144,2024-02-15 04:33:44.909983202,111.82,0.0,0.0,4.987704447546021e-05,1.9950817790184086e-05,low_risk,[]
txn_004194,user_0144,2024-02-25 17:29:16.127434147,101.87,0.0,0.0,0.0001751704380946806,7.006817523787223e-05,low_risk,[]
txn_004325,user_0144,2024-02-27 12:52:20.487067242,117.21,0.0,0.0,0.0001751704380946806,7.006817523787223e-05,low_risk,[]
txn_004423,user_0144,2024-02-28 16:55:24.890746779,84.51,0.0,0.0,4.987704447546021e-05,1.9950817790184086e-05,low_risk,[]
txn_000055,user_0145,2024-01-01 18:43:54.304795974,163.74,0.0,0.0,0.0312148017074771,0.012485920682990842,low_risk,[]
txn_000067,user_0145,2024-01-01 23:07:14.984945277,132.36,0.0,0.0,0.035407519936080406,0.014163007974432163,low_risk,[]
txn_000198,user_0145,2024-01-03 19:15:18.062928948,124.5,0.0,0.0,0.019620419354874404,0.007848167741949762,low_risk,[]
txn_000598,user_0145,2024-01-08 20:58:55.162723971,98.17,0.0,0.0,0.009138725771572938,0.003655490308629175,low_risk,[]
txn_000648,user_0145,2024-01-09 08:02:30.624407302,156.96,0.0,0.0,0.047625595505029705,0.019050238202011884,low_risk,[]
txn_000729,user_0145,2024-01-10 10:27:17.533545848,146.15,0.0,0.0,0.040460098365277225,0.01618403934611089,low_risk,[]
txn_000765,user_0145,2024-01-10 21:58:58.074343785,159.57,0.0,0.0,0.021609642837909036,0.008643857135163614,low_risk,[]
txn_001026,user_0145,2024-01-14 12:40:07.947421908,135.07,0.0,0.0,0.01838316518820417,0.007353266075281669,low_risk,[]
txn_001038,user_0145,2024-01-14 17:32:03.984209469,165.14,0.0,0.0,0.017234630687936788,0.006893852275174715,low_risk,[]
txn_001120,user_0145,2024-01-15 20:09:45.711622940,127.3,0.0,0.0,0.008851425368514543,0.0035405701474058174,low_risk,[]
txn_001347,user_0145,2024-01-18 21:53:33.538955257,140.89,0.0,0.0,0.01635557549154876,0.006542230196619505,low_risk,[]
txn_001402,user_0145,2024-01-19 18:25:55.842295081,173.92,0.1,0.0,0.015115249137614082,0.04104609965504563,low_risk,['increasing_sequence']
txn_001553,user_0145,2024-01-21 08:01:28.334797921,101.92,0.0,0.0,0.00019733883779284034,7.893553511713614e-05,low_risk,[]
txn_001661,user_0145,2024-01-22 16:07:27.359943191,140.32,0.0,0.0,0.012027259971786912,0.004810903988714765,low_risk,[]
txn_001844,user_0145,2024-01-25 09:31:56.157985136,144.0,0.1,0.0,0.014553514996058036,0.04082140599842321,low_risk,['increasing_sequence']
txn_002107,user_0145,2024-01-28 21:27:30.444171147,139.53,0.0,0.0,0.013473077029352831,0.005389230811741133,low_risk,[]
txn_003167,user_0145,2024-02-11 19:17:23.264277744,162.58,0.0,0.0,0.016544427163718612,0.006617770865487445,low_risk,[]
txn_003207,user_0145,2024-02-12 05:46:17.545400892,130.9,0.0,0.0,0.00730534231268262,0.002922136925073048,low_risk,[]
txn_003464,user_0145,2024-02-15 16:36:44.756181873,155.42,0.0,0.0,0.015723737118321427,0.0062894948473285715,low_risk,[]
txn_003988,user_0145,2024-02-22 19:51:06.781510608,157.48,0.1,0.0,0.01681402741638456,0.04172561096655382,low_risk,['increasing_sequence']
txn_004078,user_0145,2024-02-23 20:15:22.544161776,1796.72,0.6,0.6627066868938786,0.999832430008223,0.7756096437267588,high_risk,"['jump_from_previous', 'high_vs_average', 'increasing_sequence']"
txn_004156,user_0145,2024-02-25 05:51:25.843357028,139.27,0.0,0.0,0.00019733883779284034,7.893553511713614e-05,low_risk,[]
txn_004359,user_0145,2024-02-27 19:09:48.999321921,140.84,0.0,0.0,0.0006898812144189015,0.0002759524857675606,low_risk,[]
txn_004477,user_0145,2024-02-29 12:10:24.057087286,103.37,0.0,0.0,0.00019733883779284034,7.893553511713614e-05,low_risk,[]
txn_000176,user_0146,2024-01-03 11:29:05.156159173,54.73,0.0,0.0,0.02440708368731418,0.009762833474925674,low_risk,[]
txn_000269,user_0146,2024-01-04 13:02:30.325957399,64.4,0.0,0.0,0.0664929314760337,0.026597172590413484,low_risk,[]
txn_000282,user_0146,2024-01-04 16:54:38.547693762,45.36,0.0,0.0,0.031952304639635644,0.012780921855854258,low_risk,[]
txn_000302,user_0146,2024-01-04 23:42:20.589835419,55.87,0.0,0.0,0.28805890229292536,0.11522356091717015,low_risk,[]
txn_000423,user_0146,2024-01-06 18:58:51.016171132,66.92,0.1,0.0,0.15993931562754363,0.09897572625101744,low_risk,['increasing_sequence']
txn_000444,user_0146,2024-01-07 01:11:59.391389505,49.99,0.0,0.0,0.3761730293822436,0.15046921175289746,low_risk,[]
txn_000447,user_0146,2024-01-07 01:31:03.704807964,55.02,0.0,0.0,0.6828361496118288,0.27313445984473156,low_risk,[]
txn_000448,user_0146,2024-01-07 01:33:41.367682501,47.63,0.0,0.0,0.857480122437083,0.34299204897483326,low_risk,[]
txn_000449,user_0146,2024-01-07 01:41:05.850209248,55.26,0.0,0.0,0.9007662902736575,0.360306516109463,low_risk,[]
txn_000450,user_0146,2024-01-07 01:47:10.415922452,56.9,0.1,0.013333333333333334,0.970071213447402,0.42636181871229417,medium_risk,['increasing_sequence']
txn_000451,user_0146,2024-01-07 01:54:04.232661832,58.99,0.1,0.02666666666666667,0.9738366319440857,0.43120131944430096,medium_risk,['increasing_sequence']
txn_000452,user_0146,2024-01-07 02:03:24.389032195,69.26,0.1,0.04000000000000001,0.8164327542097441,0.3715731016838977,low_risk,['increasing_sequence']
txn_000455,user_0146,2024-01-07 02:08:07.665888760,53.96,0.0,0.05333333333333334,0.940076791028664,0.38936404974479893,low_risk,[]
txn_000456,user_0146,2024-01-07 02:17:19.910643516,62.64,0.2,0.06666666666666667,0.9404961075509796,0.4628651096870585,medium_risk,['high_transaction_frequency']
txn_000457,user_0146,2024-01-07 02:26:27.895164336,51.76,0.2,0.08000000000000002,0.9167224341316883,0.45668897365267536,medium_risk,['high_transaction_frequency']
txn_000515,user_0146,2024-01-07 18:48:19.601877249,52.85,0.2,0.09333333333333334,0.7115259863139102,0.3779437278588974,low_risk,['high_transaction_frequency']
txn_000523,user_0146,2024-01-07 22:43:56.828606452,68.38,0.30000000000000004,0.09333333333333334,0.3737829387441045,0.27784650883097517,low_risk,"['high_transaction_frequency', 'increasing_sequence']"
txn_001173,user_0146,2024-01-16 14:54:07.677253128,56.9,0.0,0.0,0.07205485819889652,0.02882194327955861,low_risk,[]
txn_001431,user_0146,2024-01-20 03:07:04.175968872,58.08,0.0,0.0,0.0723802282842905,0.0289520913137162,low_risk,[]
txn_001724,user_0146,2024-01-23 19:25:07.348770690,55.6,0.0,0.0,0.06964536439693998,0.027858145758775994,low_risk,[]
txn_002050,user_0146,2024-01-28 01:33:27.090505796,59.32,0.0,0.0,0.06673026498090877,0.026692105992363508,low_risk,[]
txn_002074,user_0146,2024-01-28 09:04:18.425416099,56.13,0.0,0.0,0.07168849072835302,0.02867539629134121,low_risk,[]
txn_002189,user_0146,2024-01-30 04:18:26.630926549,62.58,0.0,0.0,0.06849323436534943,0.027397293746139775,low_risk,[]
txn_002327,user_0146,2024-01-31 14:21:23.987375966,54.24,0.0,0.0,0.08103273369849617,0.03241309347939847,low_risk,[]
txn_003186,user_0146,2024-02-12 01:50:02.935606291,71.09,0.0,0.0,0.0689414073036077,0.027576562921443084,low_risk,[]
txn_003930,user_0146,2024-02-22 00:05:06.067191563,49.51,0.0,0.0,0.06622813919638351,0.026491255678553406,low_risk,[]
txn_000340,user_0147,2024-01-05 12:06:34.997578932,17.03,0.0,0.0,0.03128144401809053,0.012512577607236211,low_risk,[]
txn_000640,user_0147,2024-01-09 07:00:14.222798334,37.3,0.0,0.016647093364650572,0.2722123399511337,0.11304670932161613,low_risk,[]
txn_000956,user_0147,2024-01-13 17:08:01.045891945,35.76,0.0,0.0,0.0875008339047473,0.035000333561898925,low_risk,[]
txn_001024,user_0147,2024-01-14 12:24:37.666581115,50.36,0.0,0.0,0.7517485506053891,0.3006994202421557,low_risk,[]
txn_001659,user_0147,2024-01-22 15:41:20.154128262,70.51,0.1,0.00040583837664651676,0.926007535196802,0.40550447367288245,medium_risk,['increasing_sequence']
txn_001769,user_0147,2024-01-24 11:21:56.365095365,95.69,0.1,0.01339827455441791,0.9934423318934718,0.4357265013959932,medium_risk,['increasing_sequence']
txn_002114,user_0147,2024-01-28 23:23:15.118438496,125.91,0.1,0.040143383470502114,0.998730351157263,0.4445279863305308,medium_risk,['increasing_sequence']
txn_002778,user_0147,2024-02-06 14:16:18.683905945,47.73,0.0,0.0,0.039086036940144696,0.01563441477605788,low_risk,[]
txn_003082,user_0147,2024-02-10 14:16:08.257830665,15.06,0.0,0.0,0.04153624372175305,0.01661449748870122,low_risk,[]
txn_004135,user_0147,2024-02-24 21:42:48.357233379,24.06,0.0,0.0,0.04217376225065998,0.016869504900263992,low_risk,[]
txn_000218,user_0148,2024-01-04 02:08:40.295967871,25.86,0.0,0.0,0.008151367831126261,0.0032605471324505045,low_risk,[]
txn_000237,user_0148,2024-01-04 06:43:12.669598693,37.75,0.0,0.0,0.04410640436410195,0.017642561745640783,low_risk,[]
txn_000285,user_0148,2024-01-04 17:23:26.124651595,27.69,0.0,0.0,0.06380635526690573,0.025522542106762292,low_risk,[]
txn_000345,user_0148,2024-01-05 14:32:30.530930890,29.78,0.0,0.0,0.06114932526468,0.024459730105872,low_risk,[]
txn_000474,user_0148,2024-01-07 07:08:31.932483203,30.19,0.1,0.0,0.04351601208340382,0.05240640483336152,low_risk,['increasing_sequence']
txn_000536,user_0148,2024-01-08 01:58:02.761594573,39.98,0.1,0.0,0.05157353786147622,0.05562941514459049,low_risk,['increasing_sequence']
txn_000572,user_0148,2024-01-08 14:13:22.818315127,23.97,0.0,0.0,0.04979503554334288,0.019918014217337153,low_risk,[]
txn_000574,user_0148,2024-01-08 14:17:19.518299482,42.72,0.0,0.0,0.18374432867005625,0.0734977314680225,low_risk,[]
txn_000615,user_0148,2024-01-09 01:45:52.388405650,31.67,0.0,0.0,0.4554004963348741,0.18216019853394966,low_risk,[]
txn_000683,user_0148,2024-01-09 19:59:59.982912509,22.33,0.0,0.0,0.06199382265381941,0.024797529061527768,low_risk,[]
txn_000925,user_0148,2024-01-13 05:45:44.639587952,24.33,0.0,0.0,0.04911738614840508,0.019646954459362032,low_risk,[]
txn_000940,user_0148,2024-01-13 12:30:44.198229001,29.13,0.1,0.0,0.09005557638945696,0.07102223055578279,low_risk,['increasing_sequence']
txn_001106,user_0148,2024-01-15 17:35:25.080923641,33.77,0.1,0.0,0.09373100004848765,0.07249240001939505,low_risk,['increasing_sequence']
txn_001198,user_0148,2024-01-16 22:33:40.389502741,35.38,0.1,0.0,0.08778346345470649,0.0701133853818826,low_risk,['increasing_sequence']
txn_001331,user_0148,2024-01-18 16:27:25.160448137,29.14,0.0,0.0,0.08827460654438601,0.035309842617754404,low_risk,[]
txn_001358,user_0148,2024-01-19 02:00:26.552313861,24.45,0.0,0.0,0.04598889896271853,0.01839555958508741,low_risk,[]
txn_001486,user_0148,2024-01-20 14:18:07.801879543,23.97,0.0,0.0,0.03942521197916134,0.015770084791664536,low_risk,[]
txn_001508,user_0148,2024-01-20 20:22:14.545618925,57.02,0.0,0.014205256570713393,0.26586439791908306,0.10989707331031157,low_risk,[]
txn_001598,user_0148,2024-01-21 21:23:16.291562850,79.83,0.1,0.02624005060355279,0.6604607285321116,0.3057443040637329,low_risk,['increasing_sequence']
txn_001693,user_0148,2024-01-23 04:51:18.983390473,108.34,0.1,0.0585968318540434,0.9832529052478054,0.44295037006263305,medium_risk,['increasing_sequence']
txn_001807,user_0148,2024-01-24 21:34:22.341737092,142.55,0.1,0.08823451736432067,0.963714659722509,0.4425444932300838,medium_risk,['increasing_sequence']
txn_001835,user_0148,2024-01-25 05:54:44.963266809,23.33,0.0,0.0,0.03107261726575593,0.012429046906302373,low_risk,[]
txn_001863,user_0148,2024-01-25 19:28:56.476227722,35.1,0.0,0.0,0.07038333643696124,0.028153334574784496,low_risk,[]
txn_002024,user_0148,2024-01-27 18:24:35.742291474,40.02,0.1,0.0,0.09126627231298563,0.07150650892519425,low_risk,['increasing_sequence']
txn_002059,user_0148,2024-01-28 05:26:41.918847646,26.37,0.0,0.0,0.019887386785906295,0.007954954714362519,low_risk,[]
txn_002171,user_0148,2024-01-29 21:58:56.083220931,27.1,0.0,0.0,0.011882772031488768,0.004753108812595507,low_risk,[]
txn_002250,user_0148,2024-01-30 21:53:10.573757806,34.31,0.1,0.0,0.0317086428641336,0.04768345714565344,low_risk,['increasing_sequence']
txn_002258,user_0148,2024-01-30 23:40:30.157392288,38.14,0.1,0.0,0.0768902657376301,0.06575610629505203,low_risk,['increasing_sequence']
txn_002420,user_0148,2024-02-02 01:49:59.686264200,36.1,0.0,0.0,0.05453334994347892,0.02181333997739157,low_risk,[]
txn_002575,user_0148,2024-02-03 19:32:23.926992669,27.85,0.0,0.0,0.012247043172611338,0.0048988172690445355,low_risk,[]
txn_002597,user_0148,2024-02-04 03:24:34.938548081,35.01,0.0,0.0,0.049104061674589465,0.019641624669835787,low_risk,[]
txn_002659,user_0148,2024-02-05 00:39:26.911284001,32.97,0.0,0.0,0.03031926335904084,0.012127705343616338,low_risk,[]
txn_002699,user_0148,2024-02-05 13:37:28.994010105,18.88,0.0,0.0,0.020862672731041646,0.00834506909241666,low_risk,[]
txn_002882,user_0148,2024-02-07 21:40:41.951700942,19.58,0.0,0.0,0.010634413763862292,0.004253765505544917,low_risk,[]
txn_002970,user_0148,2024-02-09 01:13:54.123536328,24.19,0.1,0.0,0.009740298674427687,0.03889611946977107,low_risk,['increasing_sequence']
txn_003090,user_0148,2024-02-10 15:43:48.327268222,25.57,0.1,0.0,0.020723169386730432,0.04328926775469217,low_risk,['increasing_sequence']
txn_003098,user_0148,2024-02-10 19:49:47.723633886,26.02,0.1,0.0,0.02907010658176989,0.04662804263270795,low_risk,['increasing_sequence']
txn_003320,user_0148,2024-02-13 17:31:55.392556806,37.56,0.1,0.0,0.07475847442813896,0.06490338977125558,low_risk,['increasing_sequence']
txn_003361,user_0148,2024-02-14 06:04:11.513808835,24.53,0.0,0.0,0.03501082108296981,0.014004328433187925,low_risk,[]
txn_003536,user_0148,2024-02-16 17:12:48.342065402,31.62,0.0,0.0,0.04971167754301587,0.01988467101720635,low_risk,[]
txn_003605,user_0148,2024-02-17 18:22:43.302608364,23.09,0.0,0.0,0.026409330162758437,0.010563732065103375,low_risk,[]
txn_003745,user_0148,2024-02-19 17:39:02.693992601,32.83,0.0,0.0,0.07477038032980969,0.02990815213192388,low_risk,[]
txn_003762,user_0148,2024-02-20 02:19:06.259738244,25.45,0.0,0.0,0.027909084300076378,0.011163633720030552,low_risk,[]
txn_004012,user_0148,2024-02-23 02:11:22.632034714,27.8,0.0,0.0,0.032984496633643924,0.01319379865345757,low_risk,[]
txn_004281,user_0148,2024-02-26 21:29:07.304196137,32.96,0.1,0.0,0.07187181959189336,0.06374872783675734,low_risk,['increasing_sequence']
txn_000047,user_0149,2024-01-01 16:25:49.415561347,63.54,0.0,0.0,0.021004465618343852,0.00840178624733754,low_risk,[]
txn_000224,user_0149,2024-01-04 04:02:26.213659815,45.93,0.0,0.0,0.023522928079368642,0.009409171231747457,low_risk,[]
txn_000564,user_0149,2024-01-08 11:49:06.787967769,79.05,0.0,0.0,0.15322054250949563,0.06128821700379825,low_risk,[]
txn_000909,user_0149,2024-01-12 23:22:54.311295073,22.46,0.0,0.0,0.006951849761551582,0.0027807399046206327,low_risk,[]
txn_001007,user_0149,2024-01-14 08:48:05.039647262,43.19,0.0,0.0,0.0711953815240681,0.02847815260962724,low_risk,[]
txn_001349,user_0149,2024-01-18 22:16:37.491458388,440.34,0.6,0.6481800120803709,0.9999814778244542,0.7720375941498744,high_risk,"['jump_from_previous', 'high_vs_average', 'increasing_sequence']"
txn_001470,user_0149,2024-01-20 10:46:12.938674528,36.14,0.0,0.0,0.0018254739517073065,0.0007301895806829227,low_risk,[]
txn_001584,user_0149,2024-01-21 14:27:15.054036718,47.98,0.0,0.0,0.005750766922801055,0.002300306769120422,low_risk,[]
txn_001792,user_0149,2024-01-24 17:21:46.975128992,63.35,0.1,0.0,0.008683531679541855,0.03847341267181674,low_risk,['increasing_sequence']
txn_001903,user_0149,2024-01-26 08:52:49.540899327,33.97,0.0,0.0,0.0006450797934797738,0.0002580319173919095,low_risk,[]
txn_002119,user_0149,2024-01-29 00:28:17.328579098,53.91,0.0,0.0,0.004920114513324712,0.001968045805329885,low_risk,[]
txn_002824,user_0149,2024-02-07 01:47:50.330750455,49.88,0.0,0.0,0.007081879297631771,0.0028327517190527085,low_risk,[]
txn_002841,user_0149,2024-02-07 07:27:54.502015356,46.39,0.0,0.0,0.005270586284644204,0.0021082345138576817,low_risk,[]
txn_002930,user_0149,2024-02-08 13:20:12.916887952,54.56,0.0,0.0,0.002740234627309619,0.0010960938509238477,low_risk,[]
txn_002988,user_0149,2024-02-09 07:08:42.430643455,49.57,0.0,0.0,0.0066752591553839455,0.0026701036621535786,low_risk,[]
txn_003001,user_0149,2024-02-09 10:47:34.203483562,41.6,0.0,0.0,0.004640232500693276,0.0018560930002773106,low_risk,[]
txn_003604,user_0149,2024-02-17 18:07:03.232269691,35.77,0.0,0.0,0.0017462449253345764,0.0006984979701338307,low_risk,[]
txn_003723,user_0149,2024-02-19 10:30:05.456225486,65.07,0.0,0.0,0.031747345745965855,0.012698938298386343,low_risk,[]
txn_004154,user_0149,2024-02-25 04:45:47.289275778,76.8,0.1,0.0,0.08524614478933688,0.06909845791573475,low_risk,['increasing_sequence']
txn_004380,user_0149,2024-02-28 03:28:25.423063950,24.63,0.0,0.0,0.005380720621338125,0.00215228824853525,low_risk,[]
txn_000295,user_0150,2024-01-04 20:43:47.693015798,85.86,0.0,0.0,0.01842564463680863,0.007370257854723453,low_risk,[]
txn_000689,user_0150,2024-01-09 22:26:43.443524307,90.24,0.0,0.0,0.059105021001176865,0.023642008400470746,low_risk,[]
txn_000822,user_0150,2024-01-11 15:10:39.897286594,77.42,0.0,0.0,0.05563988318047643,0.02225595327219057,low_risk,[]
txn_000896,user_0150,2024-01-12 18:00:24.355965696,89.54,0.0,0.0,0.07854880931128226,0.031419523724512906,low_risk,[]
txn_000938,user_0150,2024-01-13 11:54:56.953052699,65.09,0.0,0.0,0.045120580203330915,0.018048232081332365,low_risk,[]
txn_001366,user_0150,2024-01-19 06:01:14.192347640,98.31,0.0,0.0,0.07158250917661388,0.028633003670645554,low_risk,[]
txn_001509,user_0150,2024-01-20 20:30:11.328728166,101.77,0.1,0.0,0.10172999980814126,0.07569199992325651,low_risk,['increasing_sequence']
txn_002207,user_0150,2024-01-30 09:49:09.644043083,99.95,0.0,0.0,0.08657982246434887,0.034631928985739545,low_risk,[]
txn_002437,user_0150,2024-02-02 05:39:22.449253130,116.78,0.0,0.0,0.09033989600233489,0.036135958400933955,low_risk,[]
txn_002501,user_0150,2024-02-03 00:41:08.241895145,727.2,0.6,0.504509449166965,0.9999814778244542,0.7361199534215229,high_risk,"['jump_from_previous', 'high_vs_average', 'increasing_sequence']"
txn_002637,user_0150,2024-02-04 17:40:26.807203733,101.03,0.0,0.0,0.0020353449206620584,0.0008141379682648234,low_risk,[]
txn_002852,user_0150,2024-02-07 12:06:09.674974118,104.66,0.0,0.0,0.0010681171823455908,0.00042724687293823634,low_risk,[]
txn_003235,user_0150,2024-02-12 16:04:06.616645579,79.6,0.0,0.0,0.0005755748057195296,0.00023022992228781186,low_risk,[]
txn_003548,user_0150,2024-02-16 22:10:09.928868709,84.59,0.0,0.0,0.0010681171823455908,0.00042724687293823634,low_risk,[]
txn_003964,user_0150,2024-02-22 13:25:03.778650229,88.9,0.1,0.0,0.0010681171823455908,0.03542724687293823,low_risk,['increasing_sequence']
txn_004181,user_0150,2024-02-25 12:36:39.899392816,91.08,0.1,0.0,0.0010681171823455908,0.03542724687293823,low_risk,['increasing_sequence']
txn_004187,user_0150,2024-02-25 14:50:14.539313922,77.83,0.0,0.0,0.0017760324554782555,0.0007104129821913022,low_risk,[]
txn_004500,user_0150,2024-02-29 17:32:36.894772176,69.46,0.0,0.0,0.0006898812144189015,0.0002759524857675606,low_risk,[]
txn_000404,user_0151,2024-01-06 13:56:57.012414312,99.14,0.0,0.0,0.010492396756456081,0.004196958702582433,low_risk,[]
txn_000783,user_0151,2024-01-11 02:41:31.205258781,89.39,0.0,0.0,0.025006296765140597,0.01000251870605624,low_risk,[]
txn_000883,user_0151,2024-01-12 13:24:26.401863422,128.55,0.0,0.0,0.08685621115644629,0.034742484462578514,low_risk,[]
txn_001241,user_0151,2024-01-17 11:04:06.367668418,96.61,0.0,0.0,0.05710684457472674,0.0228427378298907,low_risk,[]
txn_001298,user_0151,2024-01-18 05:52:57.529065679,89.31,0.0,0.0,0.026193778950504506,0.010477511580201803,low_risk,[]
txn_001400,user_0151,2024-01-19 18:11:00.478493607,109.36,0.0,0.0,0.0437982549093181,0.01751930196372724,low_risk,[]
txn_001696,user_0151,2024-01-23 06:27:04.169152676,62.87,0.0,0.0,0.0010732658321140672,0.0004293063328456269,low_risk,[]
txn_001898,user_0151,2024-01-26 05:16:28.109907501,99.17,0.0,0.0,0.03086974994132636,0.012347899976530545,low_risk,[]
txn_001900,user_0151,2024-01-26 06:44:12.372552461,70.96,0.0,0.0,0.003762508480507557,0.0015050033922030229,low_risk,[]
txn_001921,user_0151,2024-01-26 13:19:55.587258115,116.96,0.0,0.0,0.025458268187894352,0.010183307275157741,low_risk,[]
txn_001968,user_0151,2024-01-27 01:24:37.258471213,88.36,0.0,0.0,0.03676829897275372,0.01470731958910149,low_risk,[]
txn_002013,user_0151,2024-01-27 12:51:04.148280309,91.28,0.0,0.0,0.033950757693185625,0.013580303077274251,low_risk,[]
txn_002071,user_0151,2024-01-28 08:52:46.853078721,63.21,0.0,0.0,4.987704447546021e-05,1.9950817790184086e-05,low_risk,[]
txn_002331,user_0151,2024-01-31 15:14:30.841395771,84.71,0.0,0.0,0.012441752864415432,0.0049767011457661735,low_risk,[]
txn_002364,user_0151,2024-02-01 04:10:47.656394660,111.43,0.1,0.0,0.022708814575664617,0.04408352583026584,low_risk,['increasing_sequence']
txn_002380,user_0151,2024-02-01 09:39:59.711376163,75.49,0.0,0.0,0.00015291771152491445,6.116708460996578e-05,low_risk,[]
txn_002466,user_0151,2024-02-02 14:51:39.272225993,78.5,0.0,0.0,0.0011457780344154714,0.0004583112137661886,low_risk,[]
txn_002515,user_0151,2024-02-03 04:35:09.459093404,94.64,0.1,0.0,0.014771854891439904,0.040908741956575956,low_risk,['increasing_sequence']
txn_002628,user_0151,2024-02-04 14:23:03.220189386,111.81,0.1,0.0,0.015730620448480486,0.04129224817939219,low_risk,['increasing_sequence']
txn_002721,user_0151,2024-02-05 21:34:45.343634669,110.58,0.0,0.0,0.019800563526584606,0.007920225410633842,low_risk,[]
txn_002813,user_0151,2024-02-06 22:40:12.466420153,86.23,0.0,0.0,0.011641606943937888,0.004656642777575155,low_risk,[]
txn_002835,user_0151,2024-02-07 05:51:53.682728048,98.6,0.0,0.0,0.013689939754251734,0.005475975901700694,low_risk,[]
txn_002875,user_0151,2024-02-07 19:00:27.978437689,83.03,0.0,0.0,0.003274247876204753,0.0013096991504819014,low_risk,[]
txn_002891,user_0151,2024-02-08 01:14:50.336408768,82.39,0.0,0.0,0.013088687927625596,0.005235475171050239,low_risk,[]
txn_003244,user_0151,2024-02-12 18:49:29.831210190,97.48,0.0,0.0,0.013465209887494835,0.005386083954997935,low_risk,[]
txn_003448,user_0151,2024-02-15 11:30:49.430732290,92.6,0.0,0.0,0.009559875721288079,0.0038239502885152317,low_risk,[]
txn_003659,user_0151,2024-02-18 11:22:52.658016192,86.55,0.0,0.0,0.005302232531683575,0.00212089301267343,low_risk,[]
txn_003758,user_0151,2024-02-20 00:11:48.498330075,83.29,0.0,0.0,0.002644391367808536,0.0010577565471234145,low_risk,[]
txn_003897,user_0151,2024-02-21 13:59:18.486794945,101.8,0.0,0.0,0.011116780312126184,0.004446712124850474,low_risk,[]
txn_003928,user_0151,2024-02-21 22:44:14.563336454,79.87,0.0,0.0,0.0025565843365067597,0.001022633734602704,low_risk,[]
txn_003957,user_0151,2024-02-22 12:30:42.157507569,66.92,0.0,0.0,0.00161629070671455,0.00064651628268582,low_risk,[]
txn_004043,user_0151,2024-02-23 10:25:55.384012241,776.83,0.5,0.6,0.9999467184017954,0.7249786873607181,high_risk,"['jump_from_previous', 'high_vs_average']"
txn_004098,user_0151,2024-02-24 07:19:31.180659398,116.48,0.0,0.0,0.023650060098760962,0.009460024039504385,low_risk,[]
txn_004238,user_0151,2024-02-26 08:45:18.614707113,88.56,0.0,0.0,0.00019733883779284034,7.893553511713614e-05,low_risk,[]
txn_004268,user_0151,2024-02-26 17:34:36.049578136,80.94,0.0,0.0,0.0005694964522674203,0.00022779858090696812,low_risk,[]
txn_000565,user_0152,2024-01-08 11:58:10.225827567,18.02,0.0,0.0,0.026205918683861972,0.01048236747354479,low_risk,[]
txn_000619,user_0152,2024-01-09 02:59:07.227831403,18.83,0.0,0.0,0.0963918634183922,0.038556745367356884,low_risk,[]
txn_000727,user_0152,2024-01-10 10:25:31.963937708,24.41,0.1,0.0,0.05233738071505172,0.05593495228602069,low_risk,['increasing_sequence']
txn_001423,user_0152,2024-01-19 23:54:53.655122795,29.84,0.1,0.0,0.07796650245333829,0.06618660098133532,low_risk,['increasing_sequence']
txn_001651,user_0152,2024-01-22 12:47:12.892864720,24.34,0.0,0.0,0.09391957879678083,0.03756783151871233,low_risk,[]
txn_001916,user_0152,2024-01-26 12:22:13.358603940,18.85,0.0,0.0,0.0538542726895084,0.021541709075803363,low_risk,[]
txn_001999,user_0152,2024-01-27 09:56:56.947429167,21.79,0.0,0.0,0.13534829136381768,0.054139316545527075,low_risk,[]
txn_002027,user_0152,2024-01-27 18:48:09.208240604,19.4,0.0,0.0,0.14024953306169677,0.05609981322467871,low_risk,[]
txn_002056,user_0152,2024-01-28 03:35:55.059365329,20.2,0.0,0.0,0.3033459314189273,0.12133837256757092,low_risk,[]
txn_002316,user_0152,2024-01-31 11:36:36.569055236,28.87,0.1,0.0,0.09949710469744648,0.07479884187897859,low_risk,['increasing_sequence']
txn_002385,user_0152,2024-02-01 11:47:48.417909589,10.78,0.0,0.0,0.04035550902613956,0.016142203610455826,low_risk,[]
txn_002602,user_0152,2024-02-04 04:56:42.015625120,17.74,0.0,0.0,0.07318784906115028,0.029275139624460114,low_risk,[]
txn_002786,user_0152,2024-02-06 16:33:19.122422624,21.7,0.1,0.0,0.20476632048859084,0.11690652819543634,low_risk,['increasing_sequence']
txn_003738,user_0152,2024-02-19 15:21:36.991934487,15.58,0.0,0.0,0.10163343609201884,0.04065337443680754,low_risk,[]
txn_003752,user_0152,2024-02-19 21:00:53.542725854,14.65,0.0,0.0,0.12213305746205806,0.048853222984823225,low_risk,[]
txn_003914,user_0152,2024-02-21 17:06:29.092134439,10.79,0.0,0.0,0.0566196970512454,0.022647878820498162,low_risk,[]
txn_004063,user_0152,2024-02-23 16:00:46.436061981,20.24,0.0,0.0,0.17431481147142136,0.06972592458856855,low_risk,[]
txn_004073,user_0152,2024-02-23 18:40:00.798466170,25.48,0.1,0.0,0.22275778197755128,0.12410311279102051,low_risk,['increasing_sequence']
txn_004116,user_0152,2024-02-24 14:32:07.016618624,265.92,0.6,0.6852600832763657,0.9949038498752908,0.7792765607692078,high_risk,"['jump_from_previous', 'high_vs_average', 'increasing_sequence']"
txn_004127,user_0152,2024-02-24 18:45:37.283328761,16.21,0.0,0.0,0.09269197437913493,0.037076789751653974,low_risk,[]
txn_001471,user_0153,2024-01-20 11:23:57.532971872,11.11,0.0,0.0,0.02191470688622079,0.008765882754488316,low_risk,[]
txn_001489,user_0153,2024-01-20 14:56:40.041826483,22.29,0.0,0.0005513051305130411,0.02953764489859076,0.011952884242064565,low_risk,[]
txn_001870,user_0153,2024-01-25 21:35:19.440894718,17.34,0.0,0.0,0.050050609244321184,0.020020243697728476,low_risk,[]
txn_002160,user_0153,2024-01-29 15:23:36.069267047,21.92,0.0,0.0,0.055515263623046616,0.02220610544921865,low_risk,[]
txn_002516,user_0153,2024-02-03 05:07:38.789604692,26.87,0.1,0.0,0.051505901097317466,0.05560236043892698,low_risk,['increasing_sequence']
txn_002651,user_0153,2024-02-04 22:33:25.926443306,29.31,0.1,0.0,0.08873194664871617,0.07049277865948647,low_risk,['increasing_sequence']
txn_002680,user_0153,2024-02-05 06:33:18.509272845,15.25,0.0,0.0,0.09051613555230047,0.03620645422092019,low_risk,[]
txn_003147,user_0153,2024-02-11 13:22:48.240438925,24.32,0.0,0.0,0.07127012179696858,0.028508048718787433,low_risk,[]
txn_003215,user_0153,2024-02-12 07:48:14.292987646,351.54,0.7999999999999999,0.7420018945374172,0.9999352704312714,0.8654745818068628,high_risk,"['jump_from_previous', 'high_vs_average', 'high_share_of_total', 'increasing_sequence']"
txn_003466,user_0153,2024-02-15 18:10:26.985572889,19.44,0.0,0.0,0.048683251475051155,0.019473300590020462,low_risk,[]
txn_003494,user_0153,2024-02-16 03:27:58.909400691,28.02,0.0,0.0,0.05374094417292016,0.021496377669168065,low_risk,[]
txn_003840,user_0153,2024-02-20 21:23:10.186215586,18.79,0.0,0.0,0.05951885822793475,0.0238075432911739,low_risk,[]
txn_003860,user_0153,2024-02-21 02:47:34.910919878,25.42,0.0,0.0,0.055528367074801466,0.022211346829920587,low_risk,[]
txn_004056,user_0153,2024-02-23 13:52:41.140932597,21.78,0.0,0.0,0.029985496365468687,0.011994198546187475,low_risk,[]
txn_000003,user_0154,2024-01-01 00:59:37.867535810,93.2,0.0,0.0,0.003404759328166095,0.001361903731266438,low_risk,[]
txn_000169,user_0154,2024-01-03 08:25:58.836779338,63.83,0.0,0.0,0.003814790524549989,0.0015259162098199958,low_risk,[]
txn_000265,user_0154,2024-01-04 12:37:33.307685461,88.81,0.0,0.0,0.02343721894064128,0.009374887576256511,low_risk,[]
txn_000997,user_0154,2024-01-14 06:56:42.544139678,51.02,0.0,0.0,0.010474157587553691,0.004189663035021477,low_risk,[]
txn_001087,user_0154,2024-01-15 12:27:52.391773849,73.61,0.0,0.0,0.033559474269252355,0.013423789707700943,low_risk,[]
txn_001095,user_0154,2024-01-15 16:06:30.675196041,88.79,0.1,0.0,0.025349750621627757,0.045139900248651096,low_risk,['increasing_sequence']
txn_001124,user_0154,2024-01-15 21:19:43.863916788,72.36,0.0,0.0,0.048209409365829875,0.01928376374633195,low_risk,[]
txn_001243,user_0154,2024-01-17 11:46:37.597843255,51.15,0.0,0.0,0.008106205287869183,0.0032424821151476736,low_risk,[]
txn_001666,user_0154,2024-01-22 18:29:13.441352441,50.76,0.0,0.0,0.004754685765672037,0.0019018743062688148,low_risk,[]
txn_001719,user_0154,2024-01-23 15:14:34.405927380,72.4,0.0,0.0,0.015677314002505372,0.006270925601002149,low_risk,[]
txn_001729,user_0154,2024-01-23 21:07:10.485775858,54.51,0.0,0.0,0.005494066356238736,0.0021976265424954945,low_risk,[]
txn_002064,user_0154,2024-01-28 06:43:22.353430287,90.52,0.0,0.0,0.0141738206992807,0.00566952827971228,low_risk,[]
txn_002116,user_0154,2024-01-28 23:40:24.684571166,100.63,0.1,0.0,0.018946008814720118,0.04257840352588804,low_risk,['increasing_sequence']
txn_002545,user_0154,2024-02-03 11:14:42.156068481,77.6,0.0,0.0,0.008619660337168577,0.003447864134867431,low_risk,[]
txn_002630,user_0154,2024-02-04 15:22:50.583437241,55.73,0.0,0.0,0.0008275271709394386,0.00033101086837577544,low_risk,[]
txn_003087,user_0154,2024-02-10 15:05:23.053139728,77.08,0.0,0.0,0.007546456399230466,0.003018582559692187,low_risk,[]
txn_003190,user_0154,2024-02-12 02:17:50.456182346,66.68,0.0,0.0,0.008062885800188033,0.0032251543200752133,low_risk,[]
txn_003234,user_0154,2024-02-12 16:00:01.616067412,81.23,0.0,0.0,0.008150437834232067,0.003260175133692827,low_risk,[]
txn_003304,user_0154,2024-02-13 12:54:14.856823805,66.18,0.0,0.0,0.010725887299429592,0.004290354919771837,low_risk,[]
txn_003654,user_0154,2024-02-18 10:27:07.622494458,89.62,0.0,0.0,0.008217415350921239,0.0032869661403684956,low_risk,[]
txn_003755,user_0154,2024-02-19 23:03:42.793826789,59.72,0.0,0.0,0.002399218710874919,0.0009596874843499677,low_risk,[]
txn_003781,user_0154,2024-02-20 07:05:58.706851130,7007.51,0.7,0.8,0.9999467184017954,0.8449786873607181,high_risk,"['jump_from_previous', 'high_vs_average', 'high_share_of_total']"
txn_004419,user_0154,2024-02-28 15:07:20.711108560,74.24,0.0,0.0,4.987704447546021e-05,1.9950817790184086e-05,low_risk,[]
txn_004509,user_0154,2024-02-29 21:40:34.728701098,45.02,0.0,0.0,4.987704447546021e-05,1.9950817790184086e-05,low_risk,[]
txn_000038,user_0155,2024-01-01 11:27:22.947990762,71.8,0.0,0.0,0.003404759328166095,0.001361903731266438,low_risk,[]
txn_000372,user_0155,2024-01-06 01:26:41.055342935,89.59,0.0,0.0,0.016964158179879216,0.006785663271951687,low_risk,[]
txn_000489,user_0155,2024-01-07 11:26:47.378973311,90.9,0.1,0.0,0.03269279319024201,0.0480771172760968,low_risk,['increasing_sequence']
txn_000861,user_0155,2024-01-12 07:26:00.694147969,76.61,0.0,0.0,0.03799243503817423,0.015196974015269694,low_risk,[]
txn_001225,user_0155,2024-01-17 05:54:21.683984415,98.53,0.0,0.0,0.017601572145751615,0.007040628858300646,low_risk,[]
txn_001519,user_0155,2024-01-20 23:21:52.565298676,115.16,0.1,0.0,0.01827722180678451,0.0423108887227138,low_risk,['increasing_sequence']
txn_001562,user_0155,2024-01-21 09:33:43.429890438,110.64,0.0,0.0,0.02961783035650737,0.011847132142602948,low_risk,[]
txn_001634,user_0155,2024-01-22 07:30:25.235344231,135.7,0.0,0.0,0.0371874371455859,0.014874974858234361,low_risk,[]
txn_001712,user_0155,2024-01-23 13:43:06.941230850,146.9,0.1,0.0,0.039257769336161326,0.05070310773446453,low_risk,['increasing_sequence']
txn_001787,user_0155,2024-01-24 16:44:24.848691637,101.09,0.0,0.0,0.011440114936587826,0.00457604597463513,low_risk,[]
txn_001937,user_0155,2024-01-26 17:04:57.536133248,90.69,0.0,0.0,0.002197216871213798,0.0008788867484855192,low_risk,[]
txn_002090,user_0155,2024-01-28 16:32:51.762071340,76.65,0.0,0.0,0.0001751704380946806,7.006817523787223e-05,low_risk,[]
txn_002230,user_0155,2024-01-30 16:15:22.580071542,74.96,0.0,0.0,0.0001751704380946806,7.006817523787223e-05,low_risk,[]
txn_002238,user_0155,2024-01-30 18:49:34.507487257,91.16,0.0,0.0,0.008780445516025906,0.0035121782064103622,low_risk,[]
txn_002243,user_0155,2024-01-30 19:40:39.798757672,39.0,0.0,0.0,4.987704447546021e-05,1.9950817790184086e-05,low_risk,[]
txn_002259,user_0155,2024-01-30 23:49:12.503900424,98.24,0.0,0.01946153846153845,0.05432689857219331,0.026596144044261937,low_risk,[]
txn_002588,user_0155,2024-02-04 00:15:35.263445649,126.39,0.1,0.0,0.007576039655447921,0.038030415862179166,low_risk,['increasing_sequence']
txn_002621,user_0155,2024-02-04 10:51:20.648894458,156.34,0.1,0.0,0.05414815555478163,0.05665926222191265,low_risk,['increasing_sequence']
txn_002639,user_0155,2024-02-04 18:18:22.835439575,24.42,0.0,0.0,0.000475403475569045,0.000190161390227618,low_risk,[]
txn_003137,user_0155,2024-02-11 09:57:32.168994331,97.49,0.0,0.07470823095823094,0.027413426574806245,0.029642428369480233,low_risk,[]
txn_003220,user_0155,2024-02-12 09:58:24.203146271,7676.47,0.7999999999999999,0.8,0.9949814778244543,0.8779925911297817,high_risk,"['jump_from_previous', 'high_vs_average', 'high_share_of_total', 'increasing_sequence']"
txn_003270,user_0155,2024-02-13 03:46:52.429478758,69.17,0.0,0.0,4.987704447546021e-05,1.9950817790184086e-05,low_risk,[]
txn_000462,user_0156,2024-01-07 02:57:42.030641101,27.29,0.0,0.0,0.02425588927425155,0.00970235570970062,low_risk,[]
txn_001033,user_0156,2024-01-14 15:20:12.637762834,35.28,0.0,0.0,0.07517410356506389,0.030069641426025556,low_risk,[]
txn_001194,user_0156,2024-01-16 21:47:04.953210218,22.8,0.0,0.0,0.06918786579726412,0.02767514631890565,low_risk,[]
txn_001684,user_0156,2024-01-23 00:28:29.610251400,32.64,0.0,0.0,0.07033211383971233,0.028132845535884934,low_risk,[]
txn_002204,user_0156,2024-01-30 09:25:28.014603734,41.28,0.1,0.0,0.3007711555663814,0.15530846222655256,low_risk,['increasing_sequence']
txn_002465,user_0156,2024-02-02 14:44:14.276755484,57.79,0.1,0.0,0.9036898797621354,0.3964759519048542,low_risk,['increasing_sequence']
txn_002511,user_0156,2024-02-03 03:43:50.698552425,78.43,0.1,0.008388612493090109,0.9607474094450974,0.4213961169013115,medium_risk,['increasing_sequence']
txn_002542,user_0156,2024-02-03 10:14:20.196860379,103.19,0.1,0.02221752224967004,0.9981024318027262,0.439795353283508,medium_risk,['increasing_sequence']
txn_002816,user_0156,2024-02-06 23:10:52.929672396,31.24,0.0,0.0,0.08579603630543907,0.03431841452217563,low_risk,[]
txn_003191,user_0156,2024-02-12 02:26:05.884055304,29.95,0.0,0.0,0.053898630726169995,0.021559452290468,low_risk,[]
txn_003438,user_0156,2024-02-15 06:47:35.747378373,23.73,0.0,0.0,0.05075791327979775,0.0203031653119191,low_risk,[]
txn_003532,user_0156,2024-02-16 15:40:15.267333577,32.45,0.0,0.0,0.049067346068541226,0.01962693842741649,low_risk,[]
txn_003777,user_0156,2024-02-20 06:09:27.525983714,32.14,0.0,0.0,0.07840439855435917,0.03136175942174367,low_risk,[]
txn_003835,user_0156,2024-02-20 20:41:46.652376214,29.78,0.0,0.0,0.07159687422862406,0.028638749691449625,low_risk,[]
txn_000057,user_0157,2024-01-01 19:32:27.340798251,56.5,0.0,0.0,0.02158515890880622,0.008634063563522488,low_risk,[]
txn_000061,user_0157,2024-01-01 20:40:38.113762893,64.75,0.0,0.0,0.0969525310167005,0.0387810124066802,low_risk,[]
txn_001425,user_0157,2024-01-20 01:39:42.135891691,66.65,0.1,0.0,0.13866624571280764,0.09046649828512306,low_risk,['increasing_sequence']
txn_001444,user_0157,2024-01-20 06:19:49.150049398,72.66,0.1,0.0,0.5803128847280478,0.2671251538912191,low_risk,['increasing_sequence']
txn_001480,user_0157,2024-01-20 13:02:09.391417412,101.73,0.1,0.0,0.8729679469468071,0.3841871787787228,low_risk,['increasing_sequence']
txn_001907,user_0157,2024-01-26 09:36:38.964259035,138.06,0.1,0.0,0.977962434048943,0.4261849736195772,medium_risk,['increasing_sequence']
txn_001928,user_0157,2024-01-26 15:37:02.223346878,181.66,0.1,0.008919756170680526,0.9994117306478881,0.4369946313018254,medium_risk,['increasing_sequence']
txn_003030,user_0157,2024-02-09 17:19:56.994944087,23.67,0.0,0.0,0.011934264892059732,0.004773705956823893,low_risk,[]
txn_003350,user_0157,2024-02-14 02:16:51.171064957,50.27,0.0,0.004641951837769331,0.015968288231486976,0.0075478032520371234,low_risk,[]
txn_003859,user_0157,2024-02-21 02:46:21.285213060,81.33,0.1,0.0,0.06535258532541696,0.061141034130166784,low_risk,['increasing_sequence']
txn_003972,user_0157,2024-02-22 15:50:55.533246424,66.64,0.0,0.0,0.017866604732721628,0.007146641893088651,low_risk,[]
txn_004305,user_0157,2024-02-27 05:34:20.285920511,92.31,0.0,0.0,0.14791477775824238,0.059165911103296956,low_risk,[]
txn_004397,user_0157,2024-02-28 09:12:26.225937612,35.72,0.0,0.0,0.002672980364846103,0.0010691921459384413,low_risk,[]
txn_000436,user_0158,2024-01-07 00:11:31.660410153,96.44,0.0,0.0,0.014139040540335273,0.005655616216134109,low_risk,[]
txn_000724,user_0158,2024-01-10 09:40:32.287314658,94.36,0.0,0.0,0.04236379343725916,0.016945517374903667,low_risk,[]
txn_000805,user_0158,2024-01-11 10:45:55.825917235,100.1,0.0,0.0,0.0939342828123229,0.03757371312492916,low_risk,[]
txn_000833,user_0158,2024-01-11 19:23:55.339403431,108.58,0.1,0.0,0.09449007236491472,0.07279602894596589,low_risk,['increasing_sequence']
txn_001556,user_0158,2024-01-21 08:41:44.583521457,111.51,0.1,0.0,0.08045352977077223,0.0671814119083089,low_risk,['increasing_sequence']
txn_001701,user_0158,2024-01-23 08:11:43.057037423,158.41,0.1,0.0,0.7970317641968859,0.3538127056787544,low_risk,['increasing_sequence']
txn_001832,user_0158,2024-01-25 05:02:54.003781600,221.78,0.1,0.0,0.9196686779575108,0.4028674711830043,medium_risk,['increasing_sequence']
txn_001933,user_0158,2024-01-26 16:26:54.806156237,300.99,0.1,0.018210125900491467,0.9945988401540434,0.4373920675367402,medium_risk,['increasing_sequence']
txn_002044,user_0158,2024-01-28 00:54:54.899149478,396.03,0.1,0.03287702257228415,0.9946088773195326,0.44106280657088415,medium_risk,['increasing_sequence']
txn_002411,user_0158,2024-02-01 22:29:52.080587216,92.81,0.0,0.0,0.00019733883779284034,7.893553511713614e-05,low_risk,[]
txn_002443,user_0158,2024-02-02 07:14:25.409214293,62.2,0.0,0.0,4.987704447546021e-05,1.9950817790184086e-05,low_risk,[]
txn_002540,user_0158,2024-02-03 09:53:07.047291345,107.23,0.0,0.0,0.0009800164408609849,0.00039200657634439395,low_risk,[]
txn_002834,user_0158,2024-02-07 05:46:24.342369516,107.69,0.1,0.0,0.0006898812144189015,0.03527595248576756,low_risk,['increasing_sequence']
txn_002879,user_0158,2024-02-07 20:41:26.860275703,121.21,0.1,0.0,0.0010681171823455908,0.03542724687293823,low_risk,['increasing_sequence']
txn_002907,user_0158,2024-02-08 04:37:47.940808736,74.33,0.0,0.0,0.00015291771152491445,6.116708460996578e-05,low_risk,[]
txn_003125,user_0158,2024-02-11 06:49:03.554160502,105.54,0.0,0.0,0.0006121629583958542,0.0002448651833583417,low_risk,[]
txn_003145,user_0158,2024-02-11 12:57:24.407794729,137.96,0.1,0.0,0.01621196734660766,0.04148478693864306,low_risk,['increasing_sequence']
txn_003175,user_0158,2024-02-11 21:02:06.090492078,85.62,0.0,0.0,0.0008608329846575795,0.0003443331938630318,low_risk,[]
txn_003258,user_0158,2024-02-13 00:23:09.289315252,94.62,0.0,0.0,0.00032263223141206073,0.0001290528925648243,low_risk,[]
txn_003393,user_0158,2024-02-14 16:25:28.770368862,95.63,0.1,0.0,0.00032263223141206073,0.03512905289256482,low_risk,['increasing_sequence']
txn_003635,user_0158,2024-02-18 01:49:13.280258412,108.93,0.1,0.0,0.0006898812144189015,0.03527595248576756,low_risk,['increasing_sequence']
txn_003753,user_0158,2024-02-19 22:33:12.156969313,105.81,0.0,0.0,0.0006898812144189015,0.0002759524857675606,low_risk,[]
txn_003820,user_0158,2024-02-20 16:20:38.991539615,103.08,0.0,0.0,0.0006898812144189015,0.0002759524857675606,low_risk,[]
txn_004003,user_0158,2024-02-22 22:41:31.173911924,135.82,0.0,0.0,0.01707398322692313,0.0068295932907692525,low_risk,[]
txn_004005,user_0158,2024-02-23 00:07:57.234930702,101.47,0.0,0.0,0.005905254110925506,0.0023621016443702027,low_risk,[]
txn_004131,user_0158,2024-02-24 20:10:18.866557436,113.33,0.0,0.0,0.0035177528398522622,0.001407101135940905,low_risk,[]
txn_004502,user_0158,2024-02-29 18:00:39.216652378,95.1,0.0,0.0,0.00032263223141206073,0.0001290528925648243,low_risk,[]
txn_000207,user_0159,2024-01-03 21:58:09.968643295,27.23,0.0,0.0,0.02436271356941178,0.009745085427764713,low_risk,[]
txn_000442,user_0159,2024-01-07 00:59:30.634722772,19.68,0.0,0.0,0.030784970318977437,0.012313988127590976,low_risk,[]
txn_000557,user_0159,2024-01-08 08:23:42.001154001,18.43,0.0,0.0,0.029005701314259086,0.011602280525703635,low_risk,[]
txn_000697,user_0159,2024-01-10 00:16:29.081580176,26.37,0.0,0.0,0.05293723023789547,0.021174892095158188,low_risk,[]
txn_000784,user_0159,2024-01-11 03:04:18.241223438,15.97,0.0,0.0,0.05682851800173347,0.022731407200693388,low_risk,[]
txn_001168,user_0159,2024-01-16 13:12:42.773320525,27.2,0.0,0.0,0.0451331411435965,0.0180532564574386,low_risk,[]
txn_001289,user_0159,2024-01-18 00:28:39.060433133,28.87,0.1,0.0,0.11786344481787428,0.08214537792714971,low_risk,['increasing_sequence']
txn_001524,user_0159,2024-01-21 00:56:57.855501627,29.11,0.1,0.0,0.12072667590063897,0.08329067036025559,low_risk,['increasing_sequence']
txn_001575,user_0159,2024-01-21 13:09:07.112599784,33.25,0.1,0.0,0.1271835214796216,0.08587340859184864,low_risk,['increasing_sequence']
txn_001849,user_0159,2024-01-25 10:35:44.022436454,23.82,0.0,0.0,0.13359267019165644,0.053437068076662576,low_risk,[]
txn_001905,user_0159,2024-01-26 09:18:45.251037983,20.91,0.0,0.0,0.0993477795891475,0.03973911183565901,low_risk,[]
txn_001965,user_0159,2024-01-27 00:42:41.969929677,337.97,0.5,0.6638292620648566,0.9949467184017954,0.7389360028769323,high_risk,"['jump_from_previous', 'high_vs_average']"
txn_002208,user_0159,2024-01-30 11:05:06.395914768,19.32,0.0,0.0,0.06329371821334064,0.025317487285336254,low_risk,[]
txn_002424,user_0159,2024-02-02 02:13:30.378079123,16.63,0.0,0.0,0.009484812901136723,0.0037939251604546895,low_risk,[]
txn_002518,user_0159,2024-02-03 05:34:25.156281671,13.18,0.0,0.0,0.009540642422457994,0.003816256968983198,low_risk,[]
txn_002609,user_0159,2024-02-04 07:51:24.498737891,11.82,0.0,0.0,0.013835422859748193,0.005534169143899277,low_risk,[]
txn_002812,user_0159,2024-02-06 22:39:18.908936549,31.21,0.0,0.024016497461928927,0.05037937825477535,0.026155875667392373,low_risk,[]
txn_002915,user_0159,2024-02-08 08:03:45.540483342,27.61,0.0,0.0,0.03255963711492607,0.013023854845970429,low_risk,[]
txn_002921,user_0159,2024-02-08 11:31:38.651461516,21.44,0.0,0.0,0.018989023892165918,0.007595609556866368,low_risk,[]
txn_003222,user_0159,2024-02-12 10:53:58.525315265,20.56,0.0,0.0,0.013592763845222698,0.00543710553808908,low_risk,[]
txn_003528,user_0159,2024-02-16 14:00:54.338572109,34.38,0.0,0.0,0.08421877789360657,0.03368751115744263,low_risk,[]
txn_003955,user_0159,2024-02-22 12:21:06.965984198,20.41,0.0,0.0,0.024757036032626085,0.009902814413050435,low_risk,[]
txn_004099,user_0159,2024-02-24 07:38:05.168648607,10.86,0.0,0.0,0.022791360955951186,0.009116544382380475,low_risk,[]
txn_004101,user_0159,2024-02-24 08:02:16.205451450,33.32,0.0,0.040055248618784546,0.10255649220641462,0.05103640903726198,low_risk,[]
txn_004144,user_0159,2024-02-25 01:20:58.808307845,15.48,0.0,0.0,0.05343287650475853,0.021373150601903413,low_risk,[]
txn_004182,user_0159,2024-02-25 12:49:02.839843165,17.56,0.0,0.0,0.013360661998499595,0.0053442647993998385,low_risk,[]
txn_004209,user_0159,2024-02-25 23:29:54.089492265,10.73,0.0,0.0,0.03615550834861632,0.014462203339446528,low_risk,[]
txn_004374,user_0159,2024-02-28 01:38:24.947733979,26.6,0.0,0.017963653308480904,0.026675609837850906,0.01516115726226059,low_risk,[]
txn_000084,user_0160,2024-01-02 04:37:33.164537014,137.69,0.0,0.0,0.020059416963506983,0.008023766785402793,low_risk,[]
txn_000136,user_0160,2024-01-02 22:19:38.733805813,91.38,0.0,0.0,0.02182913947682317,0.008731655790729268,low_risk,[]
txn_000204,user_0160,2024-01-03 20:26:32.001934062,72.18,0.0,0.0,0.03842624187628425,0.015370496750513702,low_risk,[]
txn_000594,user_0160,2024-01-08 20:08:07.591881441,114.62,0.0,0.0,0.06734911309764599,0.026939645239058396,low_risk,[]
txn_000660,user_0160,2024-01-09 11:56:27.824023477,86.09,0.0,0.0,0.03365390401115971,0.013461561604463886,low_risk,[]
txn_000912,user_0160,2024-01-13 00:14:56.066888600,80.52,0.0,0.0,0.012922880572703457,0.005169152229081383,low_risk,[]
txn_001144,user_0160,2024-01-16 03:20:14.525539029,4.14,0.0,0.0,0.0060036764420696356,0.0024014705768278543,low_risk,[]
txn_001355,user_0160,2024-01-19 01:23:23.318452715,99.58,0.25,0.3,0.059787308056136225,0.18641492322245445,low_risk,['jump_from_previous']
txn_001483,user_0160,2024-01-20 13:56:37.692924345,31.98,0.0,0.0,0.002234525067562242,0.0008938100270248968,low_risk,[]
txn_001827,user_0160,2024-01-25 04:05:18.641638434,150.96,0.0,0.10201688555347091,0.38262077652170895,0.17855253199705132,low_risk,[]
txn_002042,user_0160,2024-01-28 00:37:39.086573393,116.66,0.0,0.0,0.05018158458921881,0.020072633835687526,low_risk,[]
txn_002131,user_0160,2024-01-29 04:24:03.327726456,84.34,0.0,0.0,0.024639269001320848,0.00985570760052834,low_risk,[]
txn_002781,user_0160,2024-02-06 14:44:42.511321781,99.78,0.0,0.0,0.025830502343094443,0.010332200937237778,low_risk,[]
txn_003000,user_0160,2024-02-09 10:14:27.742806203,1110.32,0.6,0.6763093469982473,0.9949814778244543,0.7770699278793436,high_risk,"['jump_from_previous', 'high_vs_average', 'increasing_sequence']"
txn_003035,user_0160,2024-02-09 20:12:40.295184909,77.12,0.0,0.0,0.0009052541109255054,0.0003621016443702022,low_risk,[]
txn_003073,user_0160,2024-02-10 11:35:59.976318080,58.83,0.0,0.0,0.0005694964522674203,0.00022779858090696812,low_risk,[]
txn_003487,user_0160,2024-02-16 01:00:53.212266416,61.24,0.0,0.0,0.0005618775435950709,0.00022475101743802837,low_risk,[]
txn_003571,user_0160,2024-02-17 05:23:18.729118918,70.99,0.1,0.0,0.00032263223141206073,0.03512905289256482,low_risk,['increasing_sequence']
txn_003609,user_0160,2024-02-17 19:54:03.230626945,86.86,0.1,0.0,0.0006898812144189015,0.03527595248576756,low_risk,['increasing_sequence']
txn_003785,user_0160,2024-02-20 08:09:05.594767672,106.83,0.1,0.0,0.0010681171823455908,0.03542724687293823,low_risk,['increasing_sequence']
txn_004225,user_0160,2024-02-26 03:53:59.176635982,99.23,0.0,0.0,0.0010681171823455908,0.00042724687293823634,low_risk,[]
txn_000091,user_0161,2024-01-02 07:26:52.982103470,56.58,0.0,0.0,0.010210736153399154,0.004084294461359662,low_risk,[]
txn_000132,user_0161,2024-01-02 21:22:10.665976352,39.51,0.0,0.0,0.019496164596052645,0.007798465838421058,low_risk,[]
txn_000158,user_0161,2024-01-03 06:19:20.501752881,28.95,0.0,0.0,0.02747079335745955,0.01098831734298382,low_risk,[]
txn_000228,user_0161,2024-01-04 05:03:22.213812376,86.18,0.0,0.040015041818742374,0.23895174835399108,0.10558445979628203,low_risk,[]
txn_000297,user_0161,2024-01-04 21:21:06.912403151,72.93,0.0,0.0,0.24565636248868306,0.09826254499547322,low_risk,[]
txn_000381,user_0161,2024-01-06 05:12:39.091920305,53.85,0.0,0.0,0.10822368771612119,0.04328947508644848,low_risk,[]
txn_000675,user_0161,2024-01-09 18:30:50.926721424,67.11,0.0,0.0,0.09026882145276646,0.036107528581106586,low_risk,[]
txn_001328,user_0161,2024-01-18 15:22:53.783257738,64.22,0.0,0.0,0.09619853421134016,0.038479413684536064,low_risk,[]
txn_001365,user_0161,2024-01-19 03:49:02.141352412,54.2,0.0,0.0,0.07590034696497479,0.030360138785989917,low_risk,[]
txn_001656,user_0161,2024-01-22 13:50:21.121105103,52.32,0.0,0.0,0.05141922776902727,0.02056769110761091,low_risk,[]
txn_001906,user_0161,2024-01-26 09:20:59.805799995,55.64,0.0,0.0,0.0441748919908978,0.01766995679635912,low_risk,[]
txn_002281,user_0161,2024-01-31 03:37:24.703803795,63.26,0.1,0.0,0.06959418891536456,0.06283767556614582,low_risk,['increasing_sequence']
txn_002352,user_0161,2024-02-01 00:10:59.551334675,62.95,0.0,0.0,0.061704885064680616,0.024681954025872248,low_risk,[]
txn_002392,user_0161,2024-02-01 15:51:45.202411172,78.76,0.0,0.0,0.046270907286748805,0.01850836291469952,low_risk,[]
txn_002520,user_0161,2024-02-03 05:51:00.100851206,48.75,0.0,0.0,0.030554239871710173,0.01222169594868407,low_risk,[]
txn_002736,user_0161,2024-02-06 00:39:25.058165554,41.52,0.0,0.0,0.0016752294210496015,0.0006700917684198406,low_risk,[]
txn_002804,user_0161,2024-02-06 19:54:53.726934726,52.59,0.0,0.0,0.03737684704008548,0.014950738816034193,low_risk,[]
txn_003041,user_0161,2024-02-09 22:30:12.120187655,56.71,0.1,0.0,0.020035575607266844,0.04301423024290674,low_risk,['increasing_sequence']
txn_003067,user_0161,2024-02-10 10:15:26.905345754,54.27,0.0,0.0,0.024182176793943393,0.009672870717577359,low_risk,[]
txn_003326,user_0161,2024-02-13 18:12:44.935803200,51.58,0.0,0.0,0.031339243666550845,0.012535697466620338,low_risk,[]
txn_003535,user_0161,2024-02-16 17:12:21.379842894,41.14,0.0,0.0,0.009628144742812074,0.0038512578971248296,low_risk,[]
txn_003549,user_0161,2024-02-16 23:01:52.983893388,70.28,0.0,0.0,0.04372785765765325,0.017491143063061303,low_risk,[]
txn_003585,user_0161,2024-02-17 12:01:28.173479066,41.46,0.0,0.0,0.006428307405118565,0.002571322962047426,low_risk,[]
txn_003677,user_0161,2024-02-18 18:21:17.396557204,64.1,0.0,0.0,0.05058655462142458,0.020234621848569834,low_risk,[]
txn_003788,user_0161,2024-02-20 08:55:04.651566416,61.23,0.0,0.0,0.05104480000138739,0.020417920000554958,low_risk,[]
txn_003986,user_0161,2024-02-22 19:13:42.898936334,78.17,0.0,0.0,0.056069387645022735,0.022427755058009095,low_risk,[]
txn_004199,user_0161,2024-02-25 19:11:25.946372214,49.18,0.0,0.0,0.03648110822575767,0.014592443290303068,low_risk,[]
txn_004301,user_0161,2024-02-27 04:36:00.266703456,54.36,0.0,0.0,0.03075469941775501,0.012301879767102005,low_risk,[]
txn_004420,user_0161,2024-02-28 15:16:08.361822955,55.83,0.1,0.0,0.023138955464501,0.0442555821858004,low_risk,['increasing_sequence']
txn_004451,user_0161,2024-02-29 01:52:57.036103354,841.19,0.6,0.651359995002889,0.9999814778244542,0.772832589880504,high_risk,"['jump_from_previous', 'high_vs_average', 'increasing_sequence']"
txn_004508,user_0161,2024-02-29 21:20:05.288848030,62.66,0.0,0.0,0.002650409288266923,0.0010601637153067694,low_risk,[]
txn_000066,user_0162,2024-01-01 22:11:56.441790782,156.82,0.0,0.0,0.0312148017074771,0.012485920682990842,low_risk,[]
txn_000240,user_0162,2024-01-04 07:28:10.914443311,117.05,0.0,0.0,0.025025179446778605,0.010010071778711443,low_risk,[]
txn_000362,user_0162,2024-01-05 21:53:30.308550693,109.93,0.0,0.0,0.014898513865218843,0.005959405546087537,low_risk,[]
txn_000492,user_0162,2024-01-07 13:01:45.926713476,134.97,0.0,0.0,0.04647924266102553,0.018591697064410214,low_risk,[]
txn_000509,user_0162,2024-01-07 16:30:19.067499588,110.55,0.0,0.0,0.02228775940511647,0.008915103762046588,low_risk,[]
txn_000516,user_0162,2024-01-07 19:40:03.512560688,156.67,0.0,0.0,0.024362041007563392,0.009744816403025358,low_risk,[]
txn_000981,user_0162,2024-01-14 00:24:49.613582789,65.91,0.0,0.0,0.0004976180001623937,0.0001990472000649575,low_risk,[]
txn_001140,user_0162,2024-01-16 02:12:07.116709840,142.97,0.0,0.006343878015475646,0.06015057206765757,0.025646198330931944,low_risk,[]
txn_001515,user_0162,2024-01-20 22:25:01.838590090,181.61,0.1,0.0,0.14034355478757646,0.09113742191503058,low_risk,['increasing_sequence']
txn_001606,user_0162,2024-01-21 23:36:53.214117393,1767.53,0.6,0.656684380264604,0.999832430008223,0.7741040670694401,high_risk,"['jump_from_previous', 'high_vs_average', 'increasing_sequence']"
txn_001976,user_0162,2024-01-27 04:09:30.835996793,118.66,0.0,0.0,0.00019733883779284034,7.893553511713614e-05,low_risk,[]
txn_002083,user_0162,2024-01-28 14:20:59.818648393,96.87,0.0,0.0,0.00019733883779284034,7.893553511713614e-05,low_risk,[]
txn_002142,user_0162,2024-01-29 09:13:45.397206434,123.12,0.0,0.0,0.0004917781962443731,0.00019671127849774924,low_risk,[]
txn_002176,user_0162,2024-01-29 23:04:11.431454108,130.96,0.1,0.0,0.0005694964522674203,0.035227798580906966,low_risk,['increasing_sequence']
txn_002342,user_0162,2024-01-31 17:59:33.208340399,98.18,0.0,0.0,0.00019733883779284034,7.893553511713614e-05,low_risk,[]
txn_002720,user_0162,2024-02-05 21:33:11.150668055,146.65,0.0,0.0,0.0006121629583958542,0.0002448651833583417,low_risk,[]
txn_002788,user_0162,2024-02-06 16:46:04.490015967,205.43,0.1,0.0,0.012147727720935135,0.03985909108837405,low_risk,['increasing_sequence']
txn_002944,user_0162,2024-02-08 18:16:06.485058332,109.57,0.0,0.0,0.00019733883779284034,7.893553511713614e-05,low_risk,[]
txn_002974,user_0162,2024-02-09 01:45:43.176925653,118.48,0.0,0.0,0.0005694964522674203,0.00022779858090696812,low_risk,[]
txn_003581,user_0162,2024-02-17 10:13:14.083024245,124.03,0.1,0.0,0.00032263223141206073,0.03512905289256482,low_risk,['increasing_sequence']
txn_003735,user_0162,2024-02-19 14:34:20.596415719,97.18,0.0,0.0,0.00019733883779284034,7.893553511713614e-05,low_risk,[]
txn_003771,user_0162,2024-02-20 04:38:01.540187302,203.19,0.0,0.0034073369005968245,0.03953759888941091,0.016666873780913572,low_risk,[]
txn_004058,user_0162,2024-02-23 14:28:23.714038403,148.72,0.0,0.0,0.00019733883779284034,7.893553511713614e-05,low_risk,[]
txn_004485,user_0162,2024-02-29 14:36:46.826475771,153.95,0.0,0.0,0.0006898812144189015,0.0002759524857675606,low_risk,[]
txn_001237,user_0163,2024-01-17 10:42:54.253056978,40.23,0.0,0.0,0.007983183327326575,0.00319327333093063,low_risk,[]
txn_001601,user_0163,2024-01-21 21:58:48.178460154,39.9,0.0,0.0,0.05398728369293471,0.021594913477173884,low_risk,[]
txn_001646,user_0163,2024-01-22 11:47:24.377085181,47.89,0.0,0.0,0.04212806691859996,0.016851226767439983,low_risk,[]
txn_002108,user_0163,2024-01-28 21:29:01.394831804,51.88,0.1,0.0,0.048380371389427745,0.0543521485557711,low_risk,['increasing_sequence']
txn_002294,user_0163,2024-01-31 07:11:19.881119917,52.62,0.1,0.0,0.06369550229282486,0.060478200917129944,low_risk,['increasing_sequence']
txn_002309,user_0163,2024-01-31 10:27:59.209198830,48.73,0.0,0.0,0.09818427044743595,0.03927370817897438,low_risk,[]
txn_002471,user_0163,2024-02-02 16:33:10.217234352,66.64,0.0,0.0,0.04847777142680385,0.019391108570721544,low_risk,[]
txn_002818,user_0163,2024-02-07 00:10:01.763258806,55.78,0.0,0.0,0.07374997938741353,0.029499991754965413,low_risk,[]
txn_003069,user_0163,2024-02-10 10:18:24.541646652,39.54,0.0,0.0,0.034264832315381126,0.01370593292615245,low_risk,[]
txn_003378,user_0163,2024-02-14 11:28:54.327457498,49.69,0.0,0.0,0.04851753254148166,0.019407013016592665,low_risk,[]
txn_003404,user_0163,2024-02-14 18:38:53.329713469,39.89,0.0,0.0,0.030759802621518423,0.01230392104860737,low_risk,[]
txn_003514,user_0163,2024-02-16 09:16:27.189556992,54.45,0.0,0.0,0.04621604028175057,0.018486416112700226,low_risk,[]
txn_003568,user_0163,2024-02-17 05:07:27.181814559,39.94,0.0,0.0,0.03195922417680011,0.012783689670720045,low_risk,[]
txn_003693,user_0163,2024-02-19 02:00:00.711410282,42.41,0.0,0.0,0.03851695092504376,0.015406780370017505,low_risk,[]
txn_004236,user_0163,2024-02-26 07:29:22.500327723,3105.82,0.7999999999999999,0.8,0.9999814778244542,0.8799925911297817,high_risk,"['jump_from_previous', 'high_vs_average', 'high_share_of_total', 'increasing_sequence']"
txn_000260,user_0164,2024-01-04 11:31:38.976529850,29.71,0.0,0.0,0.008151367831126261,0.0032605471324505045,low_risk,[]
txn_000534,user_0164,2024-01-08 01:51:52.241921962,34.38,0.0,0.0,0.0351505919987917,0.014060236799516679,low_risk,[]
txn_001285,user_0164,2024-01-17 23:39:55.770090575,30.93,0.0,0.0,0.029820367670141054,0.011928147068056422,low_risk,[]
txn_001867,user_0164,2024-01-25 20:46:10.453888502,34.65,0.0,0.0,0.03342134435322437,0.01336853774128975,low_risk,[]
txn_002179,user_0164,2024-01-29 23:51:31.576755229,2666.77,0.7999999999999999,0.8,0.9999814778244542,0.8799925911297817,high_risk,"['jump_from_previous', 'high_vs_average', 'high_share_of_total', 'increasing_sequence']"
txn_002249,user_0164,2024-01-30 21:36:57.386389760,36.0,0.0,0.0,4.987704447546021e-05,1.9950817790184086e-05,low_risk,[]
txn_002548,user_0164,2024-02-03 11:28:20.377822493,36.78,0.0,0.0,0.0007470835065843059,0.0002988334026337224,low_risk,[]
txn_002742,user_0164,2024-02-06 02:32:22.137967427,28.21,0.0,0.0,0.0011726099376778909,0.00046904397507115635,low_risk,[]
txn_002963,user_0164,2024-02-08 23:38:41.244429067,32.95,0.0,0.0,0.0007470835065843059,0.0002988334026337224,low_risk,[]
txn_003085,user_0164,2024-02-10 14:41:25.158382513,47.92,0.1,0.0,0.008731060080065797,0.038492424032026316,low_risk,['increasing_sequence']
txn_003471,user_0164,2024-02-15 20:01:41.355499645,44.51,0.0,0.0,0.00038235865183360555,0.00015294346073344223,low_risk,[]
txn_003540,user_0164,2024-02-16 18:38:20.284044157,43.15,0.0,0.0,0.0008168322452032263,0.00032673289808129053,low_risk,[]
txn_003712,user_0164,2024-02-19 07:13:13.889306244,38.65,0.0,0.0,0.0007470835065843059,0.0002988334026337224,low_risk,[]
txn_003816,user_0164,2024-02-20 15:09:16.757364895,42.62,0.0,0.0,0.0007470835065843059,0.0002988334026337224,low_risk,[]
txn_004030,user_0164,2024-02-23 06:50:13.456638383,31.28,0.0,0.0,0.0010504088786217852,0.0004201635514487141,low_risk,[]
txn_004035,user_0164,2024-02-23 07:46:43.735734290,40.6,0.0,0.0,0.001559186629247224,0.0006236746516988896,low_risk,[]
txn_000016,user_0165,2024-01-01 04:22:39.548426075,67.91,0.0,0.0,0.017494556594595617,0.006997822637838247,low_risk,[]
txn_000581,user_0165,2024-01-08 15:12:28.804838656,71.73,0.0,0.0,0.03037521201570377,0.012150084806281509,low_risk,[]
txn_000631,user_0165,2024-01-09 06:14:03.363227275,97.34,0.1,0.0,0.053740699474598974,0.056496279789839586,low_risk,['increasing_sequence']
txn_000699,user_0165,2024-01-10 02:19:26.217961681,121.79,0.1,0.0,0.11051910128415621,0.07920764051366248,low_risk,['increasing_sequence']
txn_000702,user_0165,2024-01-10 02:45:33.342135634,114.7,0.0,0.0,0.13481561763287572,0.05392624705315029,low_risk,[]
txn_000778,user_0165,2024-01-11 01:26:34.383916044,131.64,0.0,0.0,0.1740362993726675,0.069614519749067,low_risk,[]
txn_000944,user_0165,2024-01-13 13:48:44.379148106,148.62,0.1,0.0,0.1426551216663522,0.09206204866654089,low_risk,['increasing_sequence']
txn_000963,user_0165,2024-01-13 18:30:06.373698114,114.74,0.0,0.0,0.03954078293323718,0.015816313173294873,low_risk,[]
txn_001069,user_0165,2024-01-15 06:27:44.224914390,139.35,0.0,0.0,0.04445039135095594,0.017780156540382376,low_risk,[]
txn_001088,user_0165,2024-01-15 12:47:11.607950620,79.68,0.0,0.0,0.00019733883779284034,7.893553511713614e-05,low_risk,[]
txn_001116,user_0165,2024-01-15 19:26:31.408172491,901.26,0.5,0.6149804508425634,0.9999467184017954,0.728723800071359,high_risk,"['jump_from_previous', 'high_vs_average']"
txn_001250,user_0165,2024-01-17 13:41:57.613659470,113.49,0.0,0.0,0.00019733883779284034,7.893553511713614e-05,low_risk,[]
txn_001346,user_0165,2024-01-18 21:33:22.352414949,98.79,0.0,0.0,0.00032263223141206073,0.0001290528925648243,low_risk,[]
txn_001381,user_0165,2024-01-19 12:19:06.591533851,103.15,0.0,0.0,0.0005694964522674203,0.00022779858090696812,low_risk,[]
txn_001884,user_0165,2024-01-26 02:01:16.500719151,99.84,0.0,0.0,0.00032263223141206073,0.0001290528925648243,low_risk,[]
txn_001997,user_0165,2024-01-27 09:14:24.409361685,82.29,0.0,0.0,0.00032263223141206073,0.0001290528925648243,low_risk,[]
txn_002002,user_0165,2024-01-27 10:18:29.328058485,88.24,0.0,0.0,0.0005694964522674203,0.00022779858090696812,low_risk,[]
txn_002150,user_0165,2024-01-29 11:38:25.127199135,66.71,0.0,0.0,0.0001751704380946806,7.006817523787223e-05,low_risk,[]
txn_002461,user_0165,2024-02-02 13:00:57.942560320,86.98,0.0,0.0,0.00024491397538901346,9.796559015560539e-05,low_risk,[]
txn_002510,user_0165,2024-02-03 03:34:10.259697753,109.74,0.1,0.0,0.0006898812144189015,0.03527595248576756,low_risk,['increasing_sequence']
txn_002627,user_0165,2024-02-04 14:03:32.290240953,74.81,0.0,0.0,0.00019733883779284034,7.893553511713614e-05,low_risk,[]
txn_002717,user_0165,2024-02-05 20:30:21.924888158,104.35,0.0,0.0,0.00024491397538901346,9.796559015560539e-05,low_risk,[]
txn_002789,user_0165,2024-02-06 17:01:26.178151653,66.29,0.0,0.0,4.987704447546021e-05,1.9950817790184086e-05,low_risk,[]
txn_002807,user_0165,2024-02-06 21:07:12.178022485,102.71,0.0,0.0,0.0008596316787095038,0.0003438526714838015,low_risk,[]
txn_003114,user_0165,2024-02-11 02:47:09.658276797,91.59,0.0,0.0,0.00032263223141206073,0.0001290528925648243,low_risk,[]
txn_003126,user_0165,2024-02-11 06:49:54.985940192,110.16,0.0,0.0,0.0006898812144189015,0.0002759524857675606,low_risk,[]
txn_003387,user_0165,2024-02-14 15:10:32.332931902,118.33,0.1,0.0,0.003998137412693347,0.036599254965077335,low_risk,['increasing_sequence']
txn_003878,user_0165,2024-02-21 06:24:02.031726341,83.82,0.0,0.0,0.00019733883779284034,7.893553511713614e-05,low_risk,[]
txn_003937,user_0165,2024-02-22 03:25:42.811191179,91.02,0.0,0.0,0.0005694964522674203,0.00022779858090696812,low_risk,[]
txn_004217,user_0165,2024-02-26 03:00:45.343281168,114.49,0.1,0.0,0.002961728122046768,0.03618469124881871,low_risk,['increasing_sequence']
txn_000239,user_0166,2024-01-04 07:27:21.946239081,136.46,0.0,0.0,0.010492396756456081,0.004196958702582433,low_risk,[]
txn_000606,user_0166,2024-01-09 00:07:29.646667234,103.37,0.0,0.0,0.00848203024693072,0.0033928120987722883,low_risk,[]
txn_000789,user_0166,2024-01-11 04:55:31.561281330,149.37,0.0,0.0,0.04946939039142074,0.019787756156568297,low_risk,[]
txn_001061,user_0166,2024-01-15 02:20:35.412635112,112.47,0.0,0.0,0.017434168794548597,0.0069736675178194395,low_risk,[]
txn_001288,user_0166,2024-01-18 00:04:49.157320207,166.08,0.0,0.0,0.053500705069641864,0.021400282027856748,low_risk,[]
txn_001443,user_0166,2024-01-20 06:02:34.110961045,274.99,0.1,0.002953949831523772,0.6010050662737484,0.2761405139673803,low_risk,['increasing_sequence']
txn_001467,user_0166,2024-01-20 09:31:36.920771919,74.74,0.0,0.0,4.987704447546021e-05,1.9950817790184086e-05,low_risk,[]
txn_001620,user_0166,2024-01-22 03:20:11.300630929,178.5,0.0,0.014560476317902065,0.07786402367533507,0.03478572854960955,low_risk,[]
txn_001688,user_0166,2024-01-23 03:14:33.077555686,190.88,0.1,0.0,0.06541078427092395,0.061164313708369576,low_risk,['increasing_sequence']
txn_001959,user_0166,2024-01-26 22:24:59.949641191,192.49,0.1,0.0,0.062137579140245265,0.0598550316560981,low_risk,['increasing_sequence']
txn_002434,user_0166,2024-02-02 04:57:31.072519005,204.18,0.1,0.0,0.04123049429104625,0.0514921977164185,low_risk,['increasing_sequence']
txn_003237,user_0166,2024-02-12 16:53:44.528619846,255.13,0.1,0.0,0.36152056665133203,0.17960822666053283,low_risk,['increasing_sequence']
txn_003310,user_0166,2024-02-13 14:13:03.368098218,2305.42,0.6,0.6520779604461016,0.999832430008223,0.7729524621148145,high_risk,"['jump_from_previous', 'high_vs_average', 'increasing_sequence']"
txn_003330,user_0166,2024-02-13 18:41:16.883857696,178.31,0.0,0.0,0.0011804494118027404,0.0004721797647210962,low_risk,[]
txn_003381,user_0166,2024-02-14 12:08:13.431646929,136.92,0.0,0.0,0.005860832984657579,0.002344333193863032,low_risk,[]
txn_003513,user_0166,2024-02-16 09:04:54.348567367,187.75,0.0,0.0,0.0008873582592730891,0.00035494330370923564,low_risk,[]
txn_003620,user_0166,2024-02-17 22:25:28.238275769,150.74,0.0,0.0,0.00019733883779284034,7.893553511713614e-05,low_risk,[]
txn_003969,user_0166,2024-02-22 14:38:54.376139002,153.72,0.0,0.0,0.0006898812144189015,0.0002759524857675606,low_risk,[]
txn_004345,user_0166,2024-02-27 16:32:14.323073532,146.14,0.0,0.0,0.00032263223141206073,0.0001290528925648243,low_risk,[]
txn_004416,user_0166,2024-02-28 14:26:13.164170890,184.31,0.0,0.0,0.0009650765152961364,0.00038603060611845457,low_risk,[]
txn_000039,user_0167,2024-01-01 12:33:29.426692612,60.86,0.0,0.0,0.015084089195172132,0.0060336356780688535,low_risk,[]
txn_000245,user_0167,2024-01-04 08:02:48.635771057,54.24,0.0,0.0,0.053937505789323784,0.021575002315729515,low_risk,[]
txn_000409,user_0167,2024-01-06 14:48:53.370462378,46.6,0.0,0.0,0.011559854598040584,0.004623941839216233,low_risk,[]
txn_000437,user_0167,2024-01-07 00:25:49.158181659,56.03,0.0,0.0,0.07311504938882706,0.029246019755530824,low_risk,[]
txn_000826,user_0167,2024-01-11 16:18:06.567672301,34.51,0.0,0.0,0.018303205073198343,0.007321282029279338,low_risk,[]
txn_000969,user_0167,2024-01-13 20:59:53.281948378,39.39,0.0,0.0,0.05726489407334422,0.02290595762933769,low_risk,[]
txn_001150,user_0167,2024-01-16 06:04:41.427947484,58.29,0.1,0.0,0.07241311225749585,0.06396524490299833,low_risk,['increasing_sequence']
txn_001552,user_0167,2024-01-21 07:35:05.952507059,64.95,0.1,0.0,0.1400610467656959,0.09102441870627836,low_risk,['increasing_sequence']
txn_001772,user_0167,2024-01-24 11:59:17.498575477,32.14,0.0,0.0,0.02673685807170665,0.010694743228682661,low_risk,[]
txn_001850,user_0167,2024-01-25 10:57:58.113447316,54.35,0.0,0.0,0.08867904264326512,0.03547161705730605,low_risk,[]
txn_002113,user_0167,2024-01-28 23:22:52.093202175,58.44,0.1,0.0,0.12160755965545064,0.08364302386218025,low_risk,['increasing_sequence']
txn_002145,user_0167,2024-01-29 10:20:10.615770502,43.46,0.0,0.0,0.11270842673967746,0.04508337069587098,low_risk,[]
txn_002338,user_0167,2024-01-31 16:37:14.901840006,52.51,0.0,0.0,0.09723181665567965,0.038892726662271865,low_risk,[]
txn_002353,user_0167,2024-02-01 00:44:34.232538101,66.65,0.1,0.0,0.0910660546507376,0.07142642186029503,low_risk,['increasing_sequence']
txn_002577,user_0167,2024-02-03 20:35:26.648896407,51.97,0.0,0.0,0.11347375624678092,0.045389502498712375,low_risk,[]
txn_002652,user_0167,2024-02-04 22:45:45.309306863,69.36,0.0,0.0,0.07439751575567208,0.029759006302268833,low_risk,[]
txn_002679,user_0167,2024-02-05 06:26:09.492901289,585.36,0.6,0.5690401639443935,0.9999814778244542,0.75225263211588,high_risk,"['jump_from_previous', 'high_vs_average', 'increasing_sequence']"
txn_003013,user_0167,2024-02-09 13:27:40.523945211,17.94,0.0,0.0,0.0025173838193957025,0.001006953527758281,low_risk,[]
txn_003026,user_0167,2024-02-09 15:24:54.709041851,32.35,0.0,0.0,0.0011069674716453098,0.00044278698865812393,low_risk,[]
txn_003221,user_0167,2024-02-12 10:53:01.647743518,70.96,0.1,0.007256568778979888,0.08872809255350073,0.07230537921614527,low_risk,['increasing_sequence']
txn_003624,user_0167,2024-02-18 00:15:13.563078141,77.42,0.1,0.0,0.032021367260014005,0.0478085469040056,low_risk,['increasing_sequence']
txn_003637,user_0167,2024-02-18 03:16:31.347407427,22.72,0.0,0.0,0.004130506252343496,0.0016522025009373985,low_risk,[]
txn_003697,user_0167,2024-02-19 02:44:33.490556840,38.41,0.0,0.0,0.0050137351006088685,0.0020054940402435477,low_risk,[]
txn_003716,user_0167,2024-02-19 08:10:53.001688208,34.61,0.0,0.0,0.0014836614000454179,0.0005934645600181672,low_risk,[]
txn_003826,user_0167,2024-02-20 18:19:17.201126563,40.94,0.0,0.0,0.0016177751862634809,0.0006471100745053924,low_risk,[]
txn_003831,user_0167,2024-02-20 18:57:10.399831491,50.83,0.1,0.0,0.002399273388989175,0.03595970935559566,low_risk,['increasing_sequence']
txn_003841,user_0167,2024-02-20 21:30:54.095397530,27.06,0.0,0.0,0.008123754819349703,0.0032495019277398816,low_risk,[]
txn_003890,user_0167,2024-02-21 12:21:19.207714100,51.47,0.0,0.0,0.031670338937295296,0.012668135574918119,low_risk,[]
txn_003940,user_0167,2024-02-22 03:32:51.796591586,59.39,0.1,0.0,0.024613999882468086,0.04484559995298723,low_risk,['increasing_sequence']
txn_003942,user_0167,2024-02-22 04:15:39.039155042,53.39,0.0,0.0,0.012826601841732233,0.005130640736692893,low_risk,[]
txn_003982,user_0167,2024-02-22 18:40:01.189060573,39.86,0.0,0.0,0.0028550372869054165,0.0011420149147621666,low_risk,[]
txn_004014,user_0167,2024-02-23 02:32:25.995325945,41.57,0.0,0.0,0.08507351711548405,0.03402940684619362,low_risk,[]
txn_004045,user_0167,2024-02-23 10:51:02.808077858,50.15,0.1,0.0,0.008390863279953536,0.03835634531198141,low_risk,['increasing_sequence']
txn_004434,user_0167,2024-02-28 19:05:57.544362644,38.67,0.0,0.0,0.0027438218830375953,0.0010975287532150383,low_risk,[]
txn_000147,user_0168,2024-01-03 02:38:59.977258696,16.68,0.0,0.0,0.03257122529221832,0.01302849011688733,low_risk,[]
txn_000537,user_0168,2024-01-08 02:13:23.800800966,11.56,0.0,0.0,0.04350089627524726,0.017400358510098905,low_risk,[]
txn_000681,user_0168,2024-01-09 19:48:55.560038941,24.91,0.0,0.00580666089965397,0.044489344783630674,0.019247403138365763,low_risk,[]
txn_000967,user_0168,2024-01-13 20:38:07.864685332,13.37,0.0,0.0,0.07392756326611023,0.029571025306444093,low_risk,[]
txn_001131,user_0168,2024-01-15 23:43:10.561771095,22.87,0.0,0.0,0.05189290652601504,0.020757162610406017,low_risk,[]
txn_001435,user_0168,2024-01-20 03:47:25.829416326,17.14,0.0,0.0,0.08330517555874663,0.03332207022349865,low_risk,[]
txn_001626,user_0168,2024-01-22 05:24:09.290209228,28.18,0.0,0.0,0.06353893064922406,0.025415572259689625,low_risk,[]
txn_001682,user_0168,2024-01-22 23:54:10.389717509,24.4,0.0,0.0,0.1373488434583514,0.054939537383340564,low_risk,[]
txn_002311,user_0168,2024-01-31 10:35:45.021042902,29.43,0.0,0.0,0.1341273118394149,0.053650924735765965,low_risk,[]
txn_002731,user_0168,2024-02-05 23:20:52.445996906,12.49,0.0,0.0,0.06155294053143276,0.024621176212573107,low_risk,[]
txn_002869,user_0168,2024-02-07 17:43:14.868673731,31.66,0.0,0.020056044835868696,0.3866554169957904,0.15967617800728334,low_risk,[]
txn_003377,user_0168,2024-02-14 11:24:50.519879010,17.32,0.0,0.0,0.12583232358093854,0.05033292943237542,low_risk,[]
txn_003617,user_0168,2024-02-17 21:33:03.894522466,21.5,0.0,0.0,0.22883162425668543,0.09153264970267418,low_risk,[]
txn_003768,user_0168,2024-02-20 03:44:31.573062516,20.58,0.0,0.0,0.3262445008752873,0.1304978003501149,low_risk,[]
txn_004337,user_0168,2024-02-27 15:27:49.299186135,20.25,0.0,0.0,0.4091401063409396,0.16365604253637586,low_risk,[]
txn_004341,user_0168,2024-02-27 16:03:59.636476124,19.88,0.0,0.0,0.3735640331712344,0.14942561326849377,low_risk,[]
txn_004342,user_0168,2024-02-27 16:13:36.146767551,12.15,0.0,0.0,0.3425465832310342,0.13701863329241368,low_risk,[]
txn_004343,user_0168,2024-02-27 16:26:52.201210414,10.46,0.0,0.0,0.8191561179948416,0.32766244719793663,low_risk,[]
txn_004344,user_0168,2024-02-27 16:30:00.180937938,11.6,0.0,0.0,0.8581666585913537,0.3432666634365415,low_risk,[]
txn_004346,user_0168,2024-02-27 16:33:36.071232338,21.75,0.1,0.013333333333333334,0.7842298888566943,0.3520252888760111,low_risk,['increasing_sequence']
txn_004347,user_0168,2024-02-27 16:33:51.188418539,15.11,0.0,0.02666666666666667,0.7993796370356088,0.32641852148091016,low_risk,[]
txn_004350,user_0168,2024-02-27 16:45:14.931741833,16.76,0.0,0.04000000000000001,0.8329371317250188,0.3431748526900076,low_risk,[]
txn_004352,user_0168,2024-02-27 17:08:25.098485006,26.33,0.1,0.05333333333333334,0.9202636413385252,0.41643878986874344,medium_risk,['increasing_sequence']
txn_004441,user_0168,2024-02-28 20:29:24.813902871,13.48,0.0,0.0,0.14150093155064378,0.056600372620257515,low_risk,[]
txn_000004,user_0169,2024-01-01 00:59:43.470656847,40.41,0.0,0.0,0.01568200213180472,0.006272800852721888,low_risk,[]
txn_000600,user_0169,2024-01-08 21:41:35.408738041,40.9,0.0,0.0,0.07923652558753068,0.03169461023501227,low_risk,[]
txn_000851,user_0169,2024-01-12 01:27:02.777514798,49.11,0.1,0.0,0.089444218566401,0.0707776874265604,low_risk,['increasing_sequence']
txn_001075,user_0169,2024-01-15 08:26:24.505682678,35.82,0.0,0.0,0.04591684650865517,0.01836673860346207,low_risk,[]
txn_001242,user_0169,2024-01-17 11:10:36.891033867,49.12,0.0,0.0,0.10243411017794633,0.04097364407117854,low_risk,[]
txn_001405,user_0169,2024-01-19 19:11:04.769493125,32.28,0.0,0.0,0.05039274571145185,0.020157098284580743,low_risk,[]
txn_001406,user_0169,2024-01-19 19:47:47.018040526,34.38,0.0,0.0,0.10035822375055531,0.040143289500222126,low_risk,[]
txn_001414,user_0169,2024-01-19 21:41:01.652061994,48.2,0.1,0.0,0.2659782352234918,0.1413912940893967,low_risk,['increasing_sequence']
txn_001974,user_0169,2024-01-27 03:31:11.738097660,37.91,0.0,0.0,0.2056353524806311,0.08225414099225245,low_risk,[]
txn_002054,user_0169,2024-01-28 02:35:31.175970290,61.03,0.0,0.0,0.10936357995510397,0.04374543198204159,low_risk,[]
txn_002273,user_0169,2024-01-31 01:28:41.953791497,24.38,0.0,0.0,0.0350806684351342,0.014032267374053681,low_risk,[]
txn_002274,user_0169,2024-01-31 01:37:19.821067535,35.75,0.0,0.0,0.06262448647117551,0.025049794588470203,low_risk,[]
txn_002457,user_0169,2024-02-02 12:31:21.144610382,44.87,0.1,0.0,0.11845372822882105,0.08238149129152841,low_risk,['increasing_sequence']
txn_002838,user_0169,2024-02-07 06:28:02.230939688,42.6,0.0,0.0,0.14666291751490257,0.05866516700596103,low_risk,[]
txn_002940,user_0169,2024-02-08 18:03:08.347751953,512.56,0.5,0.6518151717575656,0.9999467184017954,0.7379324803001096,high_risk,"['jump_from_previous', 'high_vs_average']"
txn_002946,user_0169,2024-02-08 19:27:08.762399369,44.33,0.0,0.0,0.004601715280466428,0.0018406861121865712,low_risk,[]
txn_002989,user_0169,2024-02-09 07:13:08.333424381,41.56,0.0,0.0,0.0041907153806867185,0.0016762861522746876,low_risk,[]
txn_003049,user_0169,2024-02-10 01:53:57.164278909,30.74,0.0,0.0,0.0023555741516705806,0.0009422296606682323,low_risk,[]
txn_003075,user_0169,2024-02-10 12:14:00.262473318,32.78,0.0,0.0,0.007963244060913102,0.003185297624365241,low_risk,[]
txn_003096,user_0169,2024-02-10 19:43:52.185641403,57.66,0.1,0.0,0.060117666221283124,0.059047066488513246,low_risk,['increasing_sequence']
txn_003395,user_0169,2024-02-14 16:58:06.838264269,50.27,0.0,0.0,0.00953734406830472,0.003814937627321888,low_risk,[]
txn_003418,user_0169,2024-02-15 00:07:56.227580307,34.08,0.0,0.0,0.0074608241194544424,0.002984329647781777,low_risk,[]
txn_003428,user_0169,2024-02-15 02:52:47.297264707,44.5,0.0,0.0,0.011265898205374719,0.004506359282149887,low_risk,[]
txn_003504,user_0169,2024-02-16 06:57:53.183370031,37.17,0.0,0.0,0.004186303752224992,0.001674521500889997,low_risk,[]
txn_003516,user_0169,2024-02-16 09:51:13.602435451,53.75,0.0,0.0,0.05713365748001706,0.022853462992006825,low_risk,[]
txn_003896,user_0169,2024-02-21 13:50:49.998523102,39.23,0.0,0.0,0.007848965405685256,0.0031395861622741023,low_risk,[]
txn_000353,user_0170,2024-01-05 17:08:54.703820785,4.16,0.0,0.0,0.016713836377415844,0.0066855345509663384,low_risk,[]
txn_000558,user_0170,2024-01-08 08:54:48.748724070,13.77,0.0,0.11463341346153844,0.012701257821932783,0.033738856494157726,low_risk,[]
txn_000917,user_0170,2024-01-13 01:13:31.301962892,22.94,0.1,0.027941996653653087,0.0694895841595779,0.06978133282724443,low_risk,['increasing_sequence']
txn_001000,user_0170,2024-01-14 08:06:08.675547748,12.67,0.0,0.0,0.10769975996781225,0.043079903987124905,low_risk,[]
txn_001114,user_0170,2024-01-15 19:19:34.787318061,16.64,0.0,0.0,0.05535945723229257,0.02214378289291703,low_risk,[]
txn_001305,user_0170,2024-01-18 07:01:45.093365928,24.17,0.1,0.0,0.15651598643813291,0.09760639457525316,low_risk,['increasing_sequence']
txn_001809,user_0170,2024-01-24 22:13:18.954600073,266.75,0.7999999999999999,0.7445134139926355,0.9849038498752908,0.8600898934482752,high_risk,"['jump_from_previous', 'high_vs_average', 'high_share_of_total', 'increasing_sequence']"
txn_002718,user_0170,2024-02-05 21:00:34.260812506,19.07,0.0,0.0,0.12804371126129882,0.05121748450451953,low_risk,[]
txn_002912,user_0170,2024-02-08 07:06:28.287914898,19.7,0.0,0.0,0.10018224443942275,0.040072897775769105,low_risk,[]
txn_003063,user_0170,2024-02-10 08:07:33.901633435,12.58,0.0,0.0,0.057422667325291006,0.022969066930116404,low_risk,[]
txn_003667,user_0170,2024-02-18 13:56:50.913880802,14.84,0.0,0.0,0.08699578892781304,0.03479831557112522,low_risk,[]
txn_003765,user_0170,2024-02-20 03:05:23.933300819,12.05,0.0,0.0,0.04866460803491141,0.019465843213964565,low_risk,[]
txn_003929,user_0170,2024-02-21 23:42:17.046104274,17.28,0.0,0.0,0.04787912820661321,0.019151651282645288,low_risk,[]
txn_004436,user_0170,2024-02-28 19:25:00.403827280,18.63,0.1,0.0,0.05490793610463114,0.056963174441852456,low_risk,['increasing_sequence']
txn_000026,user_0171,2024-01-01 07:37:33.841430122,37.13,0.0,0.0,0.023928871420423707,0.009571548568169483,low_risk,[]
txn_000153,user_0171,2024-01-03 04:31:21.372332466,25.88,0.0,0.0,0.03652956785024661,0.014611827140098644,low_risk,[]
txn_000229,user_0171,2024-01-04 05:35:35.846964393,13.88,0.0,0.0,0.02492482284656994,0.009969929138627976,low_risk,[]
txn_000422,user_0171,2024-01-06 18:30:35.521193066,16.56,0.0,0.0,0.027136490304296802,0.010854596121718721,low_risk,[]
txn_000747,user_0171,2024-01-10 16:58:06.250018289,8.42,0.0,0.0,0.02029773367150021,0.008119093468600085,low_risk,[]
txn_001268,user_0171,2024-01-17 19:20:56.809184870,24.52,0.0,0.0342042755344418,0.04562328188725137,0.026800381638511,low_risk,[]
txn_001311,user_0171,2024-01-18 09:56:14.525617397,34.19,0.1,0.0,0.10783783070492549,0.0781351322819702,low_risk,['increasing_sequence']
txn_001340,user_0171,2024-01-18 20:00:56.390490587,14.17,0.0,0.0,0.051707459586818195,0.02068298383472728,low_risk,[]
txn_001345,user_0171,2024-01-18 21:19:30.225712630,22.36,0.0,0.0,0.14214759067142288,0.056859036268569155,low_risk,[]
txn_001379,user_0171,2024-01-19 11:26:02.960438604,23.43,0.1,0.0,0.2663609078847088,0.14154436315388352,low_risk,['increasing_sequence']
txn_001490,user_0171,2024-01-20 14:57:58.004196248,254.83,0.6,0.6289133454428891,0.9999038498752908,0.7671898763108387,high_risk,"['jump_from_previous', 'high_vs_average', 'increasing_sequence']"
txn_001504,user_0171,2024-01-20 19:14:34.237672531,9.91,0.0,0.0,0.057620757737463606,0.023048303094985442,low_risk,[]
txn_001622,user_0171,2024-01-22 04:46:45.056503400,19.5,0.0,0.0,0.028183641139862877,0.01127345645594515,low_risk,[]
txn_001817,user_0171,2024-01-25 01:13:21.091871339,15.43,0.0,0.0,0.02233353658464936,0.008933414633859745,low_risk,[]
txn_002161,user_0171,2024-01-29 15:25:59.762995049,34.28,0.0,0.00831173039533377,0.15444891021351467,0.06385749668423932,low_risk,[]
txn_002590,user_0171,2024-02-04 00:34:21.048124520,30.03,0.0,0.0,0.08581035588379234,0.03432414235351693,low_risk,[]
txn_002636,user_0171,2024-02-04 17:39:21.214261922,24.11,0.0,0.0,0.049234484061044734,0.019693793624417893,low_risk,[]
txn_003054,user_0171,2024-02-10 03:36:07.756162261,31.72,0.0,0.0,0.1172872635171127,0.046914905406845085,low_risk,[]
txn_003056,user_0171,2024-02-10 03:54:08.256111421,25.04,0.0,0.0,0.046849445417204504,0.018739778166881802,low_risk,[]
txn_003102,user_0171,2024-02-10 23:14:48.640038607,23.39,0.0,0.0,0.1368231176624405,0.05472924706497621,low_risk,[]
txn_003353,user_0171,2024-02-14 03:27:02.982016959,25.3,0.0,0.0,0.03462052361659931,0.013848209446639724,low_risk,[]
txn_003366,user_0171,2024-02-14 07:58:27.574072693,28.66,0.1,0.0,0.07676522267668914,0.06570608907067566,low_risk,['increasing_sequence']
txn_003660,user_0171,2024-02-18 11:36:50.805116775,16.46,0.0,0.0,0.03568852290565327,0.014275409162261308,low_risk,[]
txn_003798,user_0171,2024-02-20 10:24:14.326189343,17.4,0.0,0.0,0.017411049291734017,0.006964419716693607,low_risk,[]
txn_003956,user_0171,2024-02-22 12:28:36.369825718,33.02,0.1,0.0,0.10209549947927128,0.07583819979170851,low_risk,['increasing_sequence']
txn_004009,user_0171,2024-02-23 00:45:57.317491210,32.13,0.0,0.0,0.16935707772746794,0.06774283109098718,low_risk,[]
txn_004060,user_0171,2024-02-23 15:38:53.819783787,20.86,0.0,0.0,0.03791295158706395,0.015165180634825581,low_risk,[]
txn_004077,user_0171,2024-02-23 20:08:59.043015891,22.72,0.0,0.0,0.09106040860236281,0.03642416344094512,low_risk,[]
txn_004248,user_0171,2024-02-26 11:40:08.620533935,24.93,0.1,0.0,0.032258440538457445,0.04790337621538297,low_risk,['increasing_sequence']
txn_004302,user_0171,2024-02-27 04:45:14.401784705,25.64,0.1,0.0,0.042374841470362086,0.05194993658814483,low_risk,['increasing_sequence']
txn_000183,user_0172,2024-01-03 14:17:10.992841434,76.18,0.0,0.0,0.010492396756456081,0.004196958702582433,low_risk,[]
txn_000232,user_0172,2024-01-04 06:00:00.648588253,82.14,0.0,0.0,0.043951226669172866,0.017580490667669146,low_risk,[]
txn_000261,user_0172,2024-01-04 11:35:38.207484782,86.36,0.1,0.0,0.25430265202026575,0.1367210608081063,low_risk,['increasing_sequence']
txn_000426,user_0172,2024-01-06 19:39:11.648823718,48.45,0.0,0.0,0.011242994320346837,0.004497197728138735,low_risk,[]
txn_000441,user_0172,2024-01-07 00:53:22.650646096,80.99,0.0,0.0,0.06388236387497605,0.025552945549990422,low_risk,[]
txn_000501,user_0172,2024-01-07 15:06:00.606564735,52.0,0.0,0.0,0.028729703067442207,0.011491881226976884,low_risk,[]
txn_000538,user_0172,2024-01-08 02:21:02.680040007,64.08,0.0,0.0,0.052872102234834,0.0211488408939336,low_risk,[]
txn_000569,user_0172,2024-01-08 13:22:58.651293049,908.92,0.6,0.6385670259428963,0.9949814778244543,0.7676343476155059,high_risk,"['jump_from_previous', 'high_vs_average', 'increasing_sequence']"
txn_000583,user_0172,2024-01-08 16:04:43.324267712,87.94,0.0,0.0,0.0008608329846575795,0.0003443331938630318,low_risk,[]
txn_000834,user_0172,2024-01-11 19:27:55.783499576,92.3,0.0,0.0,0.0006898812144189015,0.0002759524857675606,low_risk,[]
txn_000966,user_0172,2024-01-13 20:25:13.364795092,61.56,0.0,0.0,0.00019733883779284034,7.893553511713614e-05,low_risk,[]
txn_001014,user_0172,2024-01-14 09:11:35.254611939,59.51,0.0,0.0,0.0005694964522674203,0.00022779858090696812,low_risk,[]
txn_001356,user_0172,2024-01-19 01:35:18.888532041,71.22,0.0,0.0,0.0005618775435950709,0.00022475101743802837,low_risk,[]
txn_001436,user_0172,2024-01-20 03:47:57.627771163,91.08,0.1,0.0,0.0006121629583958542,0.035244865183358336,low_risk,['increasing_sequence']
txn_001618,user_0172,2024-01-22 02:53:45.972123378,69.44,0.0,0.0,0.00032263223141206073,0.0001290528925648243,low_risk,[]
txn_001643,user_0172,2024-01-22 10:59:38.845084792,82.32,0.0,0.0,0.0005694964522674203,0.00022779858090696812,low_risk,[]
txn_001822,user_0172,2024-01-25 02:32:14.584307874,76.54,0.0,0.0,0.00032263223141206073,0.0001290528925648243,low_risk,[]
txn_002130,user_0172,2024-01-29 04:07:43.585534283,80.33,0.0,0.0,0.00032263223141206073,0.0001290528925648243,low_risk,[]
txn_002382,user_0172,2024-02-01 11:17:02.567747487,74.96,0.0,0.0,0.00032263223141206073,0.0001290528925648243,low_risk,[]
txn_002412,user_0172,2024-02-01 22:47:06.816551927,74.63,0.0,0.0,0.0005694964522674203,0.00022779858090696812,low_risk,[]
txn_002564,user_0172,2024-02-03 15:53:57.086512681,54.99,0.0,0.0,0.0001751704380946806,7.006817523787223e-05,low_risk,[]
txn_002674,user_0172,2024-02-05 04:42:03.573505183,71.39,0.0,0.0,0.0012427382229412928,0.0004970952891765172,low_risk,[]
txn_002768,user_0172,2024-02-06 11:35:48.565944602,55.68,0.0,0.0,0.00021959156436260647,8.783662574504259e-05,low_risk,[]
txn_002994,user_0172,2024-02-09 07:53:38.723651810,81.43,0.0,0.0,0.0015530882360996815,0.0006212352944398726,low_risk,[]
txn_003068,user_0172,2024-02-10 10:16:16.606717965,56.46,0.0,0.0,0.00019733883779284034,7.893553511713614e-05,low_risk,[]
txn_003527,user_0172,2024-02-16 13:36:45.833751987,70.34,0.0,0.0,0.0005618775435950709,0.00022475101743802837,low_risk,[]
txn_003629,user_0172,2024-02-18 00:58:47.319601520,62.13,0.0,0.0,0.00032263223141206073,0.0001290528925648243,low_risk,[]
txn_003701,user_0172,2024-02-19 03:25:07.209198639,34.5,0.0,0.0,4.987704447546021e-05,1.9950817790184086e-05,low_risk,[]
txn_003730,user_0172,2024-02-19 13:18:41.646502869,89.32,0.0,0.02208695652173912,0.031227556425153954,0.01801276170049636,low_risk,[]
txn_003994,user_0172,2024-02-22 20:36:08.827312853,77.8,0.0,0.0,0.00032263223141206073,0.0001290528925648243,low_risk,[]
txn_004053,user_0172,2024-02-23 13:20:55.931809921,91.36,0.0,0.0,0.011370503548897697,0.004548201419559079,low_risk,[]
txn_000013,user_0173,2024-01-01 04:07:01.163248366,50.13,0.0,0.0,0.024838448027606135,0.009935379211042455,low_risk,[]
txn_000199,user_0173,2024-01-03 19:38:35.173088532,61.01,0.0,0.0,0.08218821964587184,0.032875287858348735,low_risk,[]
txn_001138,user_0173,2024-01-16 01:18:12.943367650,67.03,0.1,0.0,0.10188870839122846,0.07575548335649138,low_risk,['increasing_sequence']
txn_001246,user_0173,2024-01-17 12:39:54.219332114,67.71,0.1,0.0,0.10946324512170731,0.07878529804868292,low_risk,['increasing_sequence']
txn_001380,user_0173,2024-01-19 12:15:38.570050479,60.6,0.0,0.0,0.14352004798534243,0.057408019194136975,low_risk,[]
txn_001668,user_0173,2024-01-22 19:11:09.490319562,92.08,0.0,0.0,0.2907123962851346,0.11628495851405385,low_risk,[]
txn_002091,user_0173,2024-01-28 16:35:10.431794343,63.18,0.0,0.0,0.12488267797572,0.049953071190288,low_risk,[]
txn_002317,user_0173,2024-01-31 12:14:11.633730445,50.15,0.0,0.0,0.039932885508820626,0.01597315420352825,low_risk,[]
txn_002650,user_0173,2024-02-04 22:11:27.719961339,64.56,0.0,0.0,0.08032449496828477,0.032129797987313906,low_risk,[]
txn_003426,user_0173,2024-02-15 02:40:03.062760846,70.29,0.1,0.0,0.09672192353403379,0.07368876941361352,low_risk,['increasing_sequence']
txn_004293,user_0173,2024-02-27 02:32:39.135128923,873.12,0.7999999999999999,0.7421792457631432,0.9999814778244542,0.8655374025705674,high_risk,"['jump_from_previous', 'high_vs_average', 'high_share_of_total', 'increasing_sequence']"
txn_004475,user_0173,2024-02-29 11:10:28.439420980,52.06,0.0,0.0,0.0005755748057195296,0.00023022992228781186,low_risk,[]
txn_000133,user_0174,2024-01-02 21:38:58.129379201,57.54,0.0,0.0,0.010210736153399154,0.004084294461359662,low_risk,[]
txn_000159,user_0174,2024-01-03 06:42:21.080562498,66.44,0.0,0.0,0.06187236449259145,0.024748945797036584,low_risk,[]
txn_000608,user_0174,2024-01-09 00:54:49.129063193,62.87,0.0,0.0,0.04162447611972203,0.016649790447888814,low_risk,[]
txn_000924,user_0174,2024-01-13 04:30:07.011175499,733.92,0.5,0.6410365086891092,0.9999467184017954,0.7352378145329954,high_risk,"['jump_from_previous', 'high_vs_average']"
txn_000941,user_0174,2024-01-13 12:31:16.783821816,42.6,0.0,0.0,4.987704447546021e-05,1.9950817790184086e-05,low_risk,[]
txn_001097,user_0174,2024-01-15 16:31:17.209482060,42.82,0.0,0.0,0.0007470835065843059,0.0002988334026337224,low_risk,[]
txn_001362,user_0174,2024-01-19 02:34:59.126985750,89.05,0.1,0.0029863381597384385,0.00969698437242143,0.03962537828890318,low_risk,['increasing_sequence']
txn_001369,user_0174,2024-01-19 06:57:22.992802292,77.99,0.0,0.0,0.0006898812144189015,0.0002759524857675606,low_risk,[]
txn_001473,user_0174,2024-01-20 11:58:59.790666687,53.07,0.0,0.0,0.00019733883779284034,7.893553511713614e-05,low_risk,[]
txn_001747,user_0174,2024-01-24 05:05:25.917506201,59.94,0.0,0.0,0.0008722275567534597,0.0003488910227013839,low_risk,[]
txn_001847,user_0174,2024-01-25 09:52:27.536583849,59.09,0.0,0.0,0.0008722275567534597,0.0003488910227013839,low_risk,[]
txn_001951,user_0174,2024-01-26 19:57:27.951104968,31.09,0.0,0.0,4.987704447546021e-05,1.9950817790184086e-05,low_risk,[]
txn_002041,user_0174,2024-01-28 00:16:24.913739335,62.13,0.0,0.0,0.0030470676101494354,0.0012188270440597743,low_risk,[]
txn_002330,user_0174,2024-01-31 15:00:50.122220110,70.13,0.1,0.0,0.0006898812144189015,0.03527595248576756,low_risk,['increasing_sequence']
txn_002381,user_0174,2024-02-01 11:01:59.996149796,76.05,0.1,0.0,0.0006898812144189015,0.03527595248576756,low_risk,['increasing_sequence']
txn_002491,user_0174,2024-02-02 22:17:34.426622260,21.81,0.0,0.0,0.000475403475569045,0.000190161390227618,low_risk,[]
txn_002784,user_0174,2024-02-06 15:25:58.174594480,62.45,0.0,0.03237620357634114,0.001644033334511376,0.008751664227889835,low_risk,[]
txn_002850,user_0174,2024-02-07 11:47:44.964489927,76.92,0.1,0.0,0.0006898812144189015,0.03527595248576756,low_risk,['increasing_sequence']
txn_002905,user_0174,2024-02-08 04:26:26.692344489,73.7,0.0,0.0,0.0006898812144189015,0.0002759524857675606,low_risk,[]
txn_003275,user_0174,2024-02-13 05:22:57.402149373,63.95,0.0,0.0,0.00032263223141206073,0.0001290528925648243,low_risk,[]
txn_003334,user_0174,2024-02-13 20:47:00.707374298,94.38,0.0,0.0,0.014835447818613621,0.005934179127445449,low_risk,[]
txn_003375,user_0174,2024-02-14 11:18:01.173262685,60.55,0.0,0.0,0.0009052541109255054,0.0003621016443702022,low_risk,[]
txn_003419,user_0174,2024-02-15 00:27:14.481491057,64.61,0.0,0.0,0.0013067011501230802,0.0005226804600492321,low_risk,[]
txn_003437,user_0174,2024-02-15 06:36:35.430035153,38.24,0.0,0.0,4.987704447546021e-05,1.9950817790184086e-05,low_risk,[]
txn_004000,user_0174,2024-02-22 21:41:08.662322081,58.51,0.0,0.0,0.0027367175969910474,0.001094687038796419,low_risk,[]
txn_004044,user_0174,2024-02-23 10:42:00.770176598,90.61,0.1,0.0,0.016314155917399216,0.04152566236695968,low_risk,['increasing_sequence']
txn_004159,user_0174,2024-02-25 07:10:55.031843285,93.02,0.1,0.0,0.032023723192760215,0.047809489277104086,low_risk,['increasing_sequence']
txn_004314,user_0174,2024-02-27 08:44:45.349612428,41.97,0.0,0.0,4.987704447546021e-05,1.9950817790184086e-05,low_risk,[]
txn_000075,user_0175,2024-01-02 01:31:12.814214592,67.33,0.0,0.0,0.004349807983002959,0.0017399231932011838,low_risk,[]
txn_000435,user_0175,2024-01-06 23:58:05.322952534,56.57,0.0,0.0,0.00499786847612752,0.001999147390451008,low_risk,[]
txn_000792,user_0175,2024-01-11 05:35:36.423469584,81.11,0.0,0.0,0.027629234204500676,0.01105169368180027,low_risk,[]
txn_001051,user_0175,2024-01-15 00:22:14.734513374,83.05,0.1,0.0,0.04567624313664976,0.053270497254659904,low_risk,['increasing_sequence']
txn_001364,user_0175,2024-01-19 02:51:38.598225351,78.74,0.0,0.0,0.03196009424121135,0.012784037696484542,low_risk,[]
txn_001454,user_0175,2024-01-20 08:17:17.396034004,70.52,0.0,0.0,0.021229912077966696,0.008491964831186678,low_risk,[]
txn_001877,user_0175,2024-01-26 00:06:07.980636170,66.62,0.0,0.0,0.02357894222383637,0.009431576889534549,low_risk,[]
txn_002181,user_0175,2024-01-30 00:03:47.282179751,74.87,0.0,0.0,0.021994185920974976,0.00879767436838999,low_risk,[]
txn_002446,user_0175,2024-02-02 08:29:26.638936336,72.33,0.0,0.0,0.017921229011199455,0.007168491604479782,low_risk,[]
txn_002752,user_0175,2024-02-06 06:18:53.846956695,78.39,0.0,0.0,0.009468181647543957,0.003787272659017583,low_risk,[]
txn_003028,user_0175,2024-02-09 16:31:45.801703301,68.42,0.0,0.0,0.011739231868856413,0.004695692747542566,low_risk,[]
txn_003064,user_0175,2024-02-10 08:21:46.738264602,72.35,0.0,0.0,0.007362757901836893,0.0029451031607347572,low_risk,[]
txn_003152,user_0175,2024-02-11 15:19:28.303764893,76.37,0.1,0.0,0.005035282569980586,0.03701411302799223,low_risk,['increasing_sequence']
txn_003425,user_0175,2024-02-15 02:35:06.626579085,83.77,0.1,0.0,0.006311249612101413,0.03752449984484056,low_risk,['increasing_sequence']
txn_003739,user_0175,2024-02-19 15:24:07.303406263,84.69,0.1,0.0,0.01140475058986726,0.0395619002359469,low_risk,['increasing_sequence']
txn_003774,user_0175,2024-02-20 05:48:48.272276868,81.72,0.0,0.0,0.007950788374172114,0.0031803153496688455,low_risk,[]
txn_003893,user_0175,2024-02-21 13:30:53.275670912,81.01,0.0,0.0,0.007295821297598957,0.002918328519039583,low_risk,[]
txn_003906,user_0175,2024-02-21 15:07:36.365417650,69.33,0.0,0.0,0.008772270955316488,0.0035089083821265954,low_risk,[]
txn_004184,user_0175,2024-02-25 13:08:30.853219833,71.94,0.0,0.0,0.006711830329899544,0.0026847321319598176,low_risk,[]
txn_004273,user_0175,2024-02-26 19:25:23.951929828,4461.99,0.7999999999999999,0.8,0.9949814778244543,0.8779925911297817,high_risk,"['jump_from_previous', 'high_vs_average', 'high_share_of_total', 'increasing_sequence']"
txn_004481,user_0175,2024-02-29 13:26:37.969753642,75.02,0.0,0.0,4.987704447546021e-05,1.9950817790184086e-05,low_risk,[]
txn_000023,user_0176,2024-01-01 07:01:55.752966468,53.7,0.0,0.0,0.020383417086173396,0.008153366834469359,low_risk,[]
txn_000092,user_0176,2024-01-02 07:29:59.654163963,58.9,0.0,0.0,0.08121217017801269,0.03248486807120508,low_risk,[]
txn_000106,user_0176,2024-01-02 12:48:48.924722353,24.22,0.0,0.0,0.02472656751910064,0.009890627007640256,low_risk,[]
txn_000191,user_0176,2024-01-03 16:50:05.843831269,22.38,0.0,0.0,0.01134924789033624,0.004539699156134496,low_risk,[]
txn_000238,user_0176,2024-01-04 06:44:43.852162754,68.34,0.0,0.039510723860589826,0.2505855607395715,0.11011190526097607,low_risk,[]
txn_000406,user_0176,2024-01-06 14:04:24.832792199,26.09,0.0,0.0,0.02537632273595112,0.010150529094380448,low_risk,[]
txn_000868,user_0176,2024-01-12 08:24:57.875729643,43.97,0.0,0.0,0.13456476844820156,0.05382590737928063,low_risk,[]
txn_000905,user_0176,2024-01-12 21:38:44.085973084,65.46,0.1,0.0,0.18940359230920728,0.11076143692368293,low_risk,['increasing_sequence']
txn_001475,user_0176,2024-01-20 12:14:07.868101742,36.84,0.0,0.0,0.07293296657185279,0.02917318662874112,low_risk,[]
txn_001766,user_0176,2024-01-24 10:10:32.802834415,24.95,0.0,0.0,0.03390724591057925,0.013562898364231702,low_risk,[]
txn_001887,user_0176,2024-01-26 03:07:16.492657586,65.63,0.0,0.023642284569138278,0.1664740971304369,0.07250020999445933,low_risk,[]
txn_001941,user_0176,2024-01-26 17:37:02.640409551,16.27,0.0,0.0,0.08170582059190976,0.032682328236763904,low_risk,[]
txn_002169,user_0176,2024-01-29 20:27:46.988448302,43.12,0.0,0.02438537185003073,0.15917275948183673,0.06976544675524238,low_risk,[]
txn_002584,user_0176,2024-02-03 22:19:07.710058470,81.11,0.1,0.0,0.5337250141611513,0.24849000566446053,low_risk,['increasing_sequence']
txn_002847,user_0176,2024-02-07 10:29:12.633097761,113.55,0.1,0.025970712225427104,0.9882515911505874,0.4367933145165917,medium_risk,['increasing_sequence']
txn_002991,user_0176,2024-02-09 07:30:48.018115345,154.11,0.1,0.05524223335527114,0.9994351705775313,0.44858462656983034,medium_risk,['increasing_sequence']
txn_003124,user_0176,2024-02-11 05:00:59.286333036,202.77,0.1,0.08051277485978812,0.9945188774424963,0.4529357446919456,medium_risk,['increasing_sequence']
txn_003243,user_0176,2024-02-12 18:24:02.933188276,30.99,0.0,0.0,0.01279990390134427,0.005119961560537708,low_risk,[]
txn_003259,user_0176,2024-02-13 00:24:02.393633480,75.65,0.0,0.016541626331074553,0.1618011996036928,0.06885588642424575,low_risk,[]
txn_003265,user_0176,2024-02-13 02:09:50.427460469,43.07,0.0,0.0,0.01581053253798927,0.006324213015195708,low_risk,[]
txn_003317,user_0176,2024-02-13 16:01:53.342159225,15.08,0.0,0.0,0.03162739178489179,0.012650956713956716,low_risk,[]
txn_003357,user_0176,2024-02-14 04:34:36.825735504,37.42,0.0,0.018053713527851466,0.010328999321869165,0.008645028110710534,low_risk,[]
txn_003505,user_0176,2024-02-16 07:04:07.447815995,50.63,0.1,0.0,0.034836581421537054,0.04893463256861482,low_risk,['increasing_sequence']
txn_003530,user_0176,2024-02-16 14:28:37.116447851,41.39,0.0,0.0,0.01735200621358046,0.006940802485432183,low_risk,[]
txn_003656,user_0176,2024-02-18 10:30:06.691752016,51.56,0.0,0.0,0.06439748922966444,0.02575899569186578,low_risk,[]
txn_003728,user_0176,2024-02-19 12:33:15.789377190,56.34,0.1,0.0,0.05599553079022424,0.05739821231608969,low_risk,['increasing_sequence']
txn_004033,user_0176,2024-02-23 07:31:30.066999692,52.27,0.0,0.0,0.053749486595180945,0.02149979463807238,low_risk,[]
txn_004133,user_0176,2024-02-24 20:17:14.660970895,59.05,0.0,0.0,0.05515173926021844,0.022060695704087377,low_risk,[]
txn_004247,user_0176,2024-02-26 11:30:32.619916201,44.38,0.0,0.0,0.010332666126869892,0.004133066450747957,low_risk,[]
txn_004396,user_0176,2024-02-28 09:07:05.588296400,41.75,0.0,0.0,0.006306468278538809,0.0025225873114155238,low_risk,[]
txn_004462,user_0176,2024-02-29 06:45:20.400144597,35.04,0.0,0.0,0.004359825596516062,0.0017439302386064249,low_risk,[]
txn_000002,user_0177,2024-01-01 00:56:01.218314169,39.43,0.0,0.0,0.023928871420423707,0.009571548568169483,low_risk,[]
txn_000629,user_0177,2024-01-09 06:02:54.280097581,60.26,0.0,0.0,0.10163972440212923,0.040655889760851695,low_risk,[]
txn_000773,user_0177,2024-01-10 23:59:26.111675006,38.72,0.0,0.0,0.05335851803984174,0.021343407215936697,low_risk,[]
txn_001209,user_0177,2024-01-17 01:25:23.789465231,29.0,0.0,0.0,0.04839149267902496,0.019356597071609985,low_risk,[]
txn_001430,user_0177,2024-01-20 02:46:46.803350784,53.09,0.0,0.0,0.13646559641614875,0.0545862385664595,low_risk,[]
txn_001710,user_0177,2024-01-23 13:04:31.987695832,53.78,0.1,0.0,0.24246076401947672,0.1319843056077907,low_risk,['increasing_sequence']
txn_001931,user_0177,2024-01-26 16:12:11.806448589,40.36,0.0,0.0,0.2303287674019483,0.09213150696077932,low_risk,[]
txn_002594,user_0177,2024-02-04 01:57:17.667100194,58.73,0.0,0.0,0.16041407136805363,0.06416562854722145,low_risk,[]
txn_002887,user_0177,2024-02-08 00:35:01.586120995,20.37,0.0,0.0,0.0658604709110281,0.026344188364411242,low_risk,[]
txn_003715,user_0177,2024-02-19 07:47:21.711046908,35.11,0.0,0.0,0.06267544545871752,0.02507017818348701,low_risk,[]
txn_003797,user_0177,2024-02-20 10:13:31.511164612,56.98,0.1,0.0,0.15648016212220425,0.0975920648488817,low_risk,['increasing_sequence']
txn_003861,user_0177,2024-02-21 03:32:53.783159020,61.01,0.1,0.0,0.3251782845125307,0.1650713138050123,low_risk,['increasing_sequence']
txn_003862,user_0177,2024-02-21 03:38:13.416278731,16.9,0.0,0.0,0.6061637674570005,0.24246550698280023,low_risk,[]
txn_003863,user_0177,2024-02-21 03:43:31.383053531,16.82,0.0,0.0,0.7142537189797237,0.28570148759188946,low_risk,[]
txn_003864,user_0177,2024-02-21 03:43:34.668833708,48.94,0.0,0.03411117717003567,0.8405673278828316,0.3447547254456416,low_risk,[]
txn_003865,user_0177,2024-02-21 03:44:21.188292880,52.04,0.1,0.013333333333333334,0.9522256213511108,0.4192235818737777,medium_risk,['increasing_sequence']
txn_003866,user_0177,2024-02-21 04:12:24.479893821,49.13,0.0,0.02666666666666667,0.9788836047178364,0.39822010855380124,low_risk,[]
txn_003867,user_0177,2024-02-21 04:18:19.044612247,43.3,0.0,0.04000000000000001,0.9669355336362826,0.3967742134545131,low_risk,[]
txn_003868,user_0177,2024-02-21 04:25:17.486435974,34.24,0.0,0.05333333333333334,0.9086596930876668,0.37679721056840004,low_risk,[]
txn_003869,user_0177,2024-02-21 04:27:27.975388613,15.82,0.2,0.06666666666666667,0.46972539664924695,0.27455682532636544,low_risk,['high_transaction_frequency']
txn_003870,user_0177,2024-02-21 04:30:30.707165273,48.59,0.2,0.12017857142857144,0.825793484480538,0.4303620366493581,medium_risk,['high_transaction_frequency']
txn_004252,user_0177,2024-02-26 13:50:04.888497603,45.71,0.0,0.0,0.16023423754485933,0.06409369501794374,low_risk,[]
txn_004285,user_0177,2024-02-26 22:04:07.959048471,24.1,0.0,0.0,0.04640350001021833,0.018561400004087333,low_risk,[]
txn_000225,user_0178,2024-01-04 04:09:33.113018491,41.07,0.0,0.0,0.014079707087478426,0.005631882834991371,low_risk,[]
txn_000342,user_0178,2024-01-05 13:20:44.838094763,45.02,0.0,0.0,0.07299552827878733,0.029198211311514934,low_risk,[]
txn_000563,user_0178,2024-01-08 11:23:51.350823862,39.45,0.0,0.0,0.054404758272880695,0.02176190330915228,low_risk,[]
txn_000824,user_0178,2024-01-11 16:04:02.123666980,37.81,0.0,0.0,0.050475552140363596,0.02019022085614544,low_risk,[]
txn_001025,user_0178,2024-01-14 12:38:19.573539612,35.82,0.0,0.0,0.05451996036440871,0.021807984145763487,low_risk,[]
txn_001062,user_0178,2024-01-15 02:46:27.559685269,37.94,0.0,0.0,0.09414674832667773,0.03765869933067109,low_risk,[]
txn_001276,user_0178,2024-01-17 21:20:10.201285967,51.2,0.1,0.0,0.15760805673708284,0.09804322269483312,low_risk,['increasing_sequence']
txn_001342,user_0178,2024-01-18 20:34:02.050981340,51.37,0.1,0.0,0.2662180393286868,0.14148721573147474,low_risk,['increasing_sequence']
txn_001450,user_0178,2024-01-20 08:00:04.144463102,50.37,0.0,0.0,0.34934891586439776,0.1397395663457591,low_risk,[]
txn_001453,user_0178,2024-01-20 08:11:12.088407008,41.42,0.0,0.0,0.31286776777972164,0.12514710711188867,low_risk,[]
txn_001455,user_0178,2024-01-20 08:18:30.700993867,42.91,0.0,0.0,0.6587756469126481,0.26351025876505924,low_risk,[]
txn_001456,user_0178,2024-01-20 08:22:48.358930752,41.53,0.0,0.0,0.8555923419646851,0.3422369367858741,low_risk,[]
txn_001460,user_0178,2024-01-20 08:28:09.056782648,46.97,0.0,0.0,0.9243969893017544,0.3697587957207018,low_risk,[]
txn_001461,user_0178,2024-01-20 08:32:02.311521351,58.57,0.1,0.013333333333333334,0.882780500198364,0.39144553341267896,low_risk,['increasing_sequence']
txn_001462,user_0178,2024-01-20 08:35:07.894977443,45.53,0.0,0.02666666666666667,0.97127392843578,0.3951762380409787,low_risk,[]
txn_001464,user_0178,2024-01-20 08:48:21.888063763,46.26,0.0,0.04000000000000001,0.9668266588280403,0.39673066353121617,low_risk,[]
txn_001465,user_0178,2024-01-20 08:48:48.317885643,52.72,0.1,0.05333333333333334,0.9356335464442976,0.42258675191105244,medium_risk,['increasing_sequence']
txn_001466,user_0178,2024-01-20 08:50:08.247170803,45.93,0.2,0.06666666666666667,0.9454469312608488,0.4648454391710062,medium_risk,['high_transaction_frequency']
txn_001599,user_0178,2024-01-21 21:34:55.650146788,38.74,0.0,0.0,0.03324227505380437,0.01329691002152175,low_risk,[]
txn_001919,user_0178,2024-01-26 12:43:23.819800948,36.96,0.0,0.0,0.027421921884480595,0.010968768753792239,low_risk,[]
txn_002068,user_0178,2024-01-28 07:51:47.065175394,35.32,0.0,0.0,0.014254421654745773,0.00570176866189831,low_risk,[]
txn_002126,user_0178,2024-01-29 02:47:28.028659586,51.46,0.0,0.0,0.10415806522093594,0.04166322608837438,low_risk,[]
txn_002431,user_0178,2024-02-02 04:24:42.653696475,32.41,0.0,0.0,0.035029184276193386,0.014011673710477355,low_risk,[]
txn_002552,user_0178,2024-02-03 12:53:52.263081639,34.88,0.0,0.0,0.016269977900073687,0.006507991160029475,low_risk,[]
txn_002592,user_0178,2024-02-04 01:45:43.753495742,43.5,0.1,0.0,0.07285618079940143,0.06414247231976057,low_risk,['increasing_sequence']
txn_002595,user_0178,2024-02-04 02:06:12.809398772,47.01,0.1,0.0,0.3186059829501412,0.1624423931800565,low_risk,['increasing_sequence']
txn_002599,user_0178,2024-02-04 04:22:56.153574501,33.31,0.0,0.0,0.13341653943602932,0.053366615774411735,low_risk,[]
txn_002814,user_0178,2024-02-06 23:03:20.464070772,55.37,0.0,0.0,0.07018668353685555,0.02807467341474222,low_risk,[]
txn_002843,user_0178,2024-02-07 08:46:28.720368846,31.92,0.0,0.0,0.09235310336187849,0.0369412413447514,low_risk,[]
txn_002859,user_0178,2024-02-07 14:13:38.910150433,56.31,0.0,0.0,0.11366648900564845,0.04546659560225938,low_risk,[]
txn_002973,user_0178,2024-02-09 01:35:02.486579139,38.23,0.0,0.0,0.07937293340819943,0.03174917336327977,low_risk,[]
txn_003161,user_0178,2024-02-11 17:29:19.748156854,32.36,0.0,0.0,0.024241912689856537,0.009696765075942616,low_risk,[]
txn_003184,user_0178,2024-02-12 01:02:49.606451876,56.93,0.0,0.0,0.09407968561837705,0.03763187424735082,low_risk,[]
txn_003268,user_0178,2024-02-13 03:43:44.241973503,47.81,0.0,0.0,0.1116248934689969,0.04464995738759876,low_risk,[]
txn_003429,user_0178,2024-02-15 04:14:47.534610860,35.58,0.0,0.0,0.06050012043648958,0.024200048174595833,low_risk,[]
txn_003632,user_0178,2024-02-18 01:04:35.191394333,48.39,0.0,0.0,0.06510579311568455,0.026042317246273823,low_risk,[]
txn_003971,user_0178,2024-02-22 15:24:49.221239990,42.83,0.0,0.0,0.10302164114825471,0.041208656459301884,low_risk,[]
txn_004031,user_0178,2024-02-23 07:01:10.591954128,33.46,0.0,0.0,0.034936087354692856,0.013974434941877143,low_risk,[]
txn_004412,user_0178,2024-02-28 12:09:47.447661518,48.33,0.0,0.0,0.06759906229025635,0.02703962491610254,low_risk,[]
txn_004433,user_0178,2024-02-28 18:56:17.338489088,46.28,0.0,0.0,0.11355313924290375,0.0454212556971615,low_risk,[]
txn_000031,user_0179,2024-01-01 08:22:06.790949619,21.6,0.0,0.0,0.015850186635604405,0.0063400746542417626,low_risk,[]
txn_000119,user_0179,2024-01-02 17:15:50.780839812,21.77,0.0,0.0,0.06899090498025916,0.027596361992103663,low_risk,[]
txn_000172,user_0179,2024-01-03 10:16:00.605832641,19.43,0.0,0.0,0.06010264414274367,0.024041057657097468,low_risk,[]
txn_000288,user_0179,2024-01-04 18:35:54.957127014,15.42,0.0,0.0,0.037668200077627195,0.01506728003105088,low_risk,[]
txn_000335,user_0179,2024-01-05 10:43:22.135860717,24.82,0.0,0.0,0.05690415863739148,0.022761663454956595,low_risk,[]
txn_000461,user_0179,2024-01-07 02:49:34.812277902,20.13,0.0,0.0,0.06331504363791943,0.02532601745516777,low_risk,[]
txn_000763,user_0179,2024-01-10 21:17:17.317625842,23.36,0.0,0.0,0.08247059981049704,0.03298823992419882,low_risk,[]
txn_000807,user_0179,2024-01-11 10:54:21.157434005,22.44,0.0,0.0,0.0960419450781455,0.0384167780312582,low_risk,[]
txn_000878,user_0179,2024-01-12 11:49:41.405566993,17.58,0.0,0.0,0.04811004261794677,0.019244017047178708,low_risk,[]
txn_000939,user_0179,2024-01-13 11:57:41.543986740,18.62,0.0,0.0,0.05866012505550425,0.0234640500222017,low_risk,[]
txn_001133,user_0179,2024-01-16 00:08:38.927357526,161.09,0.6,0.5420062644731437,0.9833184095589599,0.7388289299418699,high_risk,"['jump_from_previous', 'high_vs_average', 'increasing_sequence']"
txn_001275,user_0179,2024-01-17 21:18:53.072105959,20.28,0.0,0.0,0.06665310028362782,0.02666124011345113,low_risk,[]
txn_001306,user_0179,2024-01-18 09:11:13.164595366,19.32,0.0,0.0,0.06424964268732142,0.02569985707492857,low_risk,[]
txn_001399,user_0179,2024-01-19 18:09:41.064240008,22.31,0.0,0.0,0.06495256125330114,0.025981024501320456,low_risk,[]
txn_001441,user_0179,2024-01-20 05:09:41.849855502,19.51,0.0,0.0,0.05566913818294401,0.022267655273177603,low_risk,[]
txn_001595,user_0179,2024-01-21 20:18:40.279756710,18.6,0.0,0.0,0.03987317898864632,0.015949271595458527,low_risk,[]
txn_001597,user_0179,2024-01-21 21:13:21.074430420,21.73,0.0,0.0,0.08525398293292699,0.0341015931731708,low_risk,[]
txn_001692,user_0179,2024-01-23 04:40:47.386693429,24.08,0.1,0.0,0.0958877234698568,0.07335508938794272,low_risk,['increasing_sequence']
txn_001909,user_0179,2024-01-26 10:01:24.958413203,21.47,0.0,0.0,0.06501379029366847,0.02600551611746739,low_risk,[]
txn_001944,user_0179,2024-01-26 18:00:56.121565158,18.72,0.0,0.0,0.05419254927230486,0.021677019708921944,low_risk,[]
txn_002062,user_0179,2024-01-28 06:25:25.337473687,16.13,0.0,0.0,0.04988416076640055,0.01995366430656022,low_risk,[]
txn_002188,user_0179,2024-01-30 02:53:36.963706414,16.71,0.0,0.0,0.06232727246480429,0.024930908985921717,low_risk,[]
txn_002310,user_0179,2024-01-31 10:35:05.010818815,22.97,0.1,0.0,0.0914457514298475,0.071578300571939,low_risk,['increasing_sequence']
txn_002426,user_0179,2024-02-02 03:06:49.642761781,21.39,0.0,0.0,0.056905565215817445,0.02276222608632698,low_risk,[]
txn_002706,user_0179,2024-02-05 17:22:14.136847470,25.89,0.0,0.0,0.16511988637719205,0.06604795455087682,low_risk,[]
txn_002948,user_0179,2024-02-08 19:52:40.702995926,17.63,0.0,0.0,0.04699792017629625,0.0187991680705185,low_risk,[]
txn_003051,user_0179,2024-02-10 03:02:33.475245673,19.34,0.0,0.0,0.03900887784617689,0.015603551138470756,low_risk,[]
txn_003164,user_0179,2024-02-11 18:14:32.531442172,21.02,0.1,0.0,0.043820212545316935,0.052528085018126766,low_risk,['increasing_sequence']
txn_003183,user_0179,2024-02-12 00:49:43.190661563,19.09,0.0,0.0,0.037665392181981866,0.015066156872792747,low_risk,[]
txn_003442,user_0179,2024-02-15 09:14:37.612270266,17.73,0.0,0.0,0.03451129792984983,0.013804519171939934,low_risk,[]
txn_003749,user_0179,2024-02-19 19:09:43.059940946,19.54,0.0,0.0,0.032328595011950324,0.012931438004780131,low_risk,[]
txn_003912,user_0179,2024-02-21 16:24:01.234904861,21.02,0.1,0.0,0.07633586224991701,0.0655343448999668,low_risk,['increasing_sequence']
txn_004280,user_0179,2024-02-26 21:26:54.994699734,22.7,0.1,0.0,0.11853704330630861,0.08241481732252345,low_risk,['increasing_sequence']
txn_004410,user_0179,2024-02-28 11:44:55.603373487,17.32,0.0,0.0,0.03692640432276222,0.014770561729104889,low_risk,[]
txn_000118,user_0180,2024-01-02 16:46:06.039110392,15.59,0.0,0.0,0.03257122529221832,0.01302849011688733,low_risk,[]
txn_000201,user_0180,2024-01-03 19:50:47.948419067,19.75,0.0,0.0,0.06275873332678711,0.025103493330714845,low_risk,[]
txn_000231,user_0180,2024-01-04 05:54:15.888090087,15.9,0.0,0.0,0.12114105265484128,0.04845642106193651,low_risk,[]
txn_000639,user_0180,2024-01-09 06:54:48.381877330,21.8,0.0,0.0,0.054372728917608394,0.02174909156704336,low_risk,[]
txn_000814,user_0180,2024-01-11 12:31:17.018967544,17.92,0.0,0.0,0.07539283452157522,0.03015713380863009,low_risk,[]
txn_001248,user_0180,2024-01-17 12:45:36.534047284,14.57,0.0,0.0,0.05171185055548917,0.02068474022219567,low_risk,[]
txn_002127,user_0180,2024-01-29 03:15:34.193460175,12.23,0.0,0.0,0.039966099917079945,0.015986439966831977,low_risk,[]
txn_002168,user_0180,2024-01-29 20:13:42.045721102,14.84,0.0,0.0,0.09224192909630748,0.03689677163852299,low_risk,[]
txn_002710,user_0180,2024-02-05 17:54:04.172104811,33.69,0.1,0.011762045529387359,0.7798137983684764,0.34986603072973743,low_risk,['increasing_sequence']
txn_003369,user_0180,2024-02-14 08:51:49.987796012,47.17,0.1,0.027647483312285746,0.9664501923256509,0.42849194775833177,medium_risk,['increasing_sequence']
txn_003545,user_0180,2024-02-16 20:31:03.770630202,64.02,0.1,0.04995783753396416,0.9372643340951516,0.4223951930215517,medium_risk,['increasing_sequence']
txn_003614,user_0180,2024-02-17 21:15:47.181797133,84.24,0.1,0.06697419633847486,0.9883794918907611,0.4470953458409232,medium_risk,['increasing_sequence']
txn_004163,user_0180,2024-02-25 08:47:54.196214527,23.03,0.0,0.0,0.1583040186296121,0.06332160745184484,low_risk,[]
txn_004283,user_0180,2024-02-26 21:47:26.501258441,20.4,0.0,0.0,0.1025342162581231,0.04101368650324924,low_risk,[]
txn_004464,user_0180,2024-02-29 08:13:40.513110479,19.0,0.0,0.0,0.09427317519051533,0.037709270076206135,low_risk,[]
txn_000062,user_0181,2024-01-01 21:04:25.677964577,40.48,0.0,0.0,0.03547528093099504,0.014190112372398018,low_risk,[]
txn_000327,user_0181,2024-01-05 07:29:13.395016162,44.63,0.0,0.0,0.11235091778943339,0.04494036711577336,low_risk,[]
txn_000427,user_0181,2024-01-06 19:45:01.687086762,40.63,0.0,0.0,0.13633809646952966,0.05453523858781187,low_risk,[]
txn_000507,user_0181,2024-01-07 15:49:39.240178172,29.91,0.0,0.0,0.11595871534348694,0.04638348613739478,low_risk,[]
txn_000804,user_0181,2024-01-11 09:23:42.740197670,24.01,0.0,0.0,0.02543465533989754,0.010173862135959017,low_risk,[]
txn_001192,user_0181,2024-01-16 21:22:14.207285293,22.81,0.0,0.0,0.024704123968196243,0.009881649587278498,low_risk,[]
txn_001540,user_0181,2024-01-21 05:10:01.468714582,34.9,0.0,0.0,0.10182142962665246,0.040728571850660984,low_risk,[]
txn_001758,user_0181,2024-01-24 08:06:44.400941112,55.55,0.1,0.0,0.34508797871454894,0.17303519148581958,low_risk,['increasing_sequence']
txn_002084,user_0181,2024-01-28 14:52:27.658263627,34.31,0.0,0.0,0.2529331369601504,0.10117325478406017,low_risk,[]
txn_002231,user_0181,2024-01-30 16:25:00.794351387,30.6,0.0,0.0,0.14287408391245268,0.057149633564981074,low_risk,[]
txn_002423,user_0181,2024-02-02 02:12:15.212087163,21.05,0.0,0.0,0.05568167977739519,0.022272671910958077,low_risk,[]
txn_002495,user_0181,2024-02-02 22:53:35.412433747,32.98,0.0,0.0,0.16147075176018993,0.06458830070407598,low_risk,[]
txn_003187,user_0181,2024-02-12 01:50:17.244203968,19.57,0.0,0.0,0.0534973438664393,0.021398937546575722,low_risk,[]
txn_003684,user_0181,2024-02-18 21:04:44.032862133,302.66,0.5,0.656371726274289,0.9999005110086125,0.7390531359720173,high_risk,"['jump_from_previous', 'high_vs_average']"
txn_003791,user_0181,2024-02-20 09:17:40.058714139,21.41,0.0,0.0,0.058818304507713665,0.023527321803085467,low_risk,[]
txn_003939,user_0181,2024-02-22 03:30:50.387259316,34.07,0.0,0.0,0.02170445267672597,0.008681781070690389,low_risk,[]
txn_003991,user_0181,2024-02-22 20:07:23.057655755,27.57,0.0,0.0,0.02488469110879586,0.009953876443518346,low_risk,[]
txn_004299,user_0181,2024-02-27 03:35:15.309280335,27.69,0.0,0.0,0.022061865032634423,0.00882474601305377,low_risk,[]
txn_004449,user_0181,2024-02-29 00:50:49.736495072,42.92,0.1,0.0,0.10006081819062518,0.07502432727625008,low_risk,['increasing_sequence']
txn_000364,user_0182,2024-01-05 22:28:32.388347948,104.05,0.0,0.0,0.010492396756456081,0.004196958702582433,low_risk,[]
txn_000419,user_0182,2024-01-06 17:39:42.772525593,81.6,0.0,0.0,0.013011900057019028,0.005204760022807612,low_risk,[]
txn_000440,user_0182,2024-01-07 00:44:08.226722842,69.6,0.0,0.0,0.006490489926653595,0.0025961959706614383,low_risk,[]
txn_000510,user_0182,2024-01-07 16:51:31.056754421,61.86,0.0,0.0,0.018976009697886757,0.007590403879154703,low_risk,[]
txn_000656,user_0182,2024-01-09 11:16:45.071324076,94.88,0.0,0.0,0.045255088560449484,0.018102035424179794,low_risk,[]
txn_000668,user_0182,2024-01-09 17:10:39.191526288,82.14,0.0,0.0,0.06271313273319898,0.025085253093279594,low_risk,[]
txn_000916,user_0182,2024-01-13 01:00:55.595170625,85.13,0.0,0.0,0.03558053823129527,0.014232215292518108,low_risk,[]
txn_001164,user_0182,2024-01-16 12:32:23.132416255,81.26,0.0,0.0,0.02535680184638212,0.010142720738552848,low_risk,[]
txn_001505,user_0182,2024-01-20 19:32:04.474187199,63.03,0.0,0.0,0.0013447116621480557,0.0005378846648592223,low_risk,[]
txn_001536,user_0182,2024-01-21 04:24:05.208868418,62.46,0.0,0.0,0.0028817551984996375,0.001152702079399855,low_risk,[]
txn_001862,user_0182,2024-01-25 18:57:38.377694637,79.22,0.0,0.0,0.01601403892776192,0.006405615571104768,low_risk,[]
txn_001864,user_0182,2024-01-25 19:39:21.283869838,89.59,0.1,0.0,0.015476536186032555,0.041190614474413016,low_risk,['increasing_sequence']
txn_002125,user_0182,2024-01-29 02:46:12.654549254,77.43,0.0,0.0,0.01235847943127506,0.004943391772510024,low_risk,[]
txn_002241,user_0182,2024-01-30 19:29:59.100607770,90.14,0.0,0.0,0.015414948437117104,0.006165979374846842,low_risk,[]
txn_002272,user_0182,2024-01-31 01:13:44.570006203,89.29,0.0,0.0,0.017655542305609152,0.007062216922243661,low_risk,[]
txn_002365,user_0182,2024-02-01 04:37:12.274177514,77.05,0.0,0.0,0.011329291773940042,0.004531716709576017,low_risk,[]
txn_002425,user_0182,2024-02-02 02:21:17.896927457,51.41,0.0,0.0,0.0017950322218168785,0.0007180128887267514,low_risk,[]
txn_002657,user_0182,2024-02-05 00:10:44.394534817,41.08,0.0,0.0,0.000987788323962576,0.0003951153295850304,low_risk,[]
txn_002698,user_0182,2024-02-05 13:33:09.324129397,105.86,0.0,0.02163461538461539,0.12047310611305821,0.05359789629137714,low_risk,[]
txn_002764,user_0182,2024-02-06 10:07:22.649889516,78.77,0.0,0.0,0.01488975183956874,0.005955900735827496,low_risk,[]
txn_002779,user_0182,2024-02-06 14:16:18.816502687,76.82,0.0,0.0,0.01007958319743934,0.004031833278975736,low_risk,[]
txn_002899,user_0182,2024-02-08 03:23:06.222737063,58.04,0.0,0.0,0.0004772747381861717,0.0001909098952744687,low_risk,[]
txn_002986,user_0182,2024-02-09 06:23:11.333137639,81.88,0.0,0.0,0.01808613346359413,0.007234453385437652,low_risk,[]
txn_003201,user_0182,2024-02-12 04:21:07.162401363,58.42,0.0,0.0,0.0008275271709394386,0.00033101086837577544,low_risk,[]
txn_003211,user_0182,2024-02-12 06:52:12.179244857,88.85,0.0,0.0,0.014676512153629933,0.005870604861451974,low_risk,[]
txn_003400,user_0182,2024-02-14 17:49:23.362493864,53.27,0.0,0.0,0.002399218710874919,0.0009596874843499677,low_risk,[]
txn_003455,user_0182,2024-02-15 13:39:03.541329262,90.76,0.0,0.0,0.01987353475301837,0.007949413901207349,low_risk,[]
txn_003458,user_0182,2024-02-15 14:36:46.850905668,100.37,0.1,0.0,0.03960208706500229,0.05084083482600091,low_risk,['increasing_sequence']
txn_003537,user_0182,2024-02-16 17:56:16.384187433,74.11,0.0,0.0,0.013197788290058222,0.005279115316023289,low_risk,[]
txn_003645,user_0182,2024-02-18 06:03:45.720988298,88.81,0.0,0.0,0.01325973014584032,0.005303892058336129,low_risk,[]
txn_003953,user_0182,2024-02-22 12:08:11.885856924,104.31,0.1,0.0,0.013796795610627497,0.040518718244251,low_risk,['increasing_sequence']
txn_004047,user_0182,2024-02-23 12:23:33.881327386,84.62,0.0,0.0,0.012374996482371378,0.004949998592948552,low_risk,[]
txn_004081,user_0182,2024-02-23 22:41:37.635869381,113.96,0.0,0.0,0.042423010964791355,0.016969204385916543,low_risk,[]
txn_004206,user_0182,2024-02-25 21:37:23.707625263,103.66,0.0,0.0,0.04125835528330841,0.016503342113323365,low_risk,[]
txn_004317,user_0182,2024-02-27 09:18:19.861759372,1205.74,0.5,0.6360073698844968,0.9999467184017954,0.7339805298318424,high_risk,"['jump_from_previous', 'high_vs_average']"
txn_004332,user_0182,2024-02-27 14:15:28.846179937,83.62,0.0,0.0,0.00019733883779284034,7.893553511713614e-05,low_risk,[]
txn_004362,user_0182,2024-02-27 20:36:16.590433904,72.57,0.0,0.0,4.987704447546021e-05,1.9950817790184086e-05,low_risk,[]
txn_004504,user_0182,2024-02-29 20:10:04.507527496,51.8,0.0,0.0,0.0001751704380946806,7.006817523787223e-05,low_risk,[]
txn_000471,user_0183,2024-01-07 06:38:11.371286465,40.76,0.0,0.0,0.007607597540894071,0.0030430390163576283,low_risk,[]
txn_000568,user_0183,2024-01-08 13:20:36.694379599,43.42,0.0,0.0,0.039820428975449206,0.015928171590179684,low_risk,[]
txn_000889,user_0183,2024-01-12 15:37:47.728244028,48.75,0.1,0.0,0.04239588616356278,0.05195835446542511,low_risk,['increasing_sequence']
txn_001028,user_0183,2024-01-14 13:41:53.508869810,43.53,0.0,0.0,0.03148638883156221,0.012594555532624886,low_risk,[]
txn_001277,user_0183,2024-01-17 21:22:23.433162831,45.88,0.0,0.0,0.0447574506191404,0.017902980247656162,low_risk,[]
txn_001330,user_0183,2024-01-18 16:10:25.577052349,42.97,0.0,0.0,0.0805139243487846,0.03220556973951384,low_risk,[]
txn_002048,user_0183,2024-01-28 01:32:04.276330233,54.08,0.0,0.0,0.08335999315778932,0.03334399726311573,low_risk,[]
txn_002935,user_0183,2024-02-08 14:29:29.292450099,2497.67,0.7999999999999999,0.8,0.9999814778244542,0.8799925911297817,high_risk,"['jump_from_previous', 'high_vs_average', 'high_share_of_total', 'increasing_sequence']"
txn_003321,user_0183,2024-02-13 17:40:24.971745139,37.42,0.0,0.0,4.987704447546021e-05,1.9950817790184086e-05,low_risk,[]
txn_003484,user_0183,2024-02-15 23:58:42.334801900,46.41,0.0,0.0,0.0007470835065843059,0.0002988334026337224,low_risk,[]
txn_003741,user_0183,2024-02-19 15:54:33.479703578,54.54,0.1,0.0,0.0009686285733726891,0.03538745142934907,low_risk,['increasing_sequence']
txn_004094,user_0183,2024-02-24 05:12:53.546142768,51.82,0.0,0.0,0.0001751704380946806,7.006817523787223e-05,low_risk,[]
txn_000195,user_0184,2024-01-03 18:06:21.982273683,332.4,0.0,0.0,0.07536333758893914,0.030145335035575656,low_risk,[]
txn_000498,user_0184,2024-01-07 13:42:31.543819684,362.35,0.0,0.0,0.040370774362963574,0.01614830974518543,low_risk,[]
txn_000521,user_0184,2024-01-07 22:02:49.500694105,248.26,0.0,0.0,4.4421126267925864e-05,1.7768450507170346e-05,low_risk,[]
txn_000553,user_0184,2024-01-08 05:52:08.276085474,145.87,0.0,0.0,4.987704447546021e-05,1.9950817790184086e-05,low_risk,[]
txn_000596,user_0184,2024-01-08 20:27:53.601746562,207.36,0.0,0.0,4.987704447546021e-05,1.9950817790184086e-05,low_risk,[]
txn_000770,user_0184,2024-01-10 23:22:52.667399768,345.85,0.1,0.0,0.015482608733159082,0.04119304349326363,low_risk,['increasing_sequence']
txn_000799,user_0184,2024-01-11 07:49:41.771151839,238.12,0.0,0.0,0.004200442024067941,0.0016801768096271763,low_risk,[]
txn_000964,user_0184,2024-01-13 18:59:57.058884837,247.84,0.0,0.0,0.002147357840660003,0.0008589431362640012,low_risk,[]
txn_001148,user_0184,2024-01-16 04:38:31.587657653,68.52,0.0,0.0,4.987704447546021e-05,1.9950817790184086e-05,low_risk,[]
txn_001152,user_0184,2024-01-16 08:03:37.811672943,158.38,0.0,0.011679071803852886,0.00029443935845153274,0.003037543694343835,low_risk,[]
txn_001260,user_0184,2024-01-17 17:23:55.925331917,141.94,0.0,0.0,0.0001751704380946806,7.006817523787223e-05,low_risk,[]
txn_001281,user_0184,2024-01-17 22:53:35.899013508,184.07,0.0,0.0,0.00034431640292699293,0.00013772656117079718,low_risk,[]
txn_001440,user_0184,2024-01-20 04:52:05.170916336,394.77,0.1,0.005425245830390613,0.08716648481159225,0.07122290538223455,low_risk,['increasing_sequence']
txn_001709,user_0184,2024-01-23 12:41:50.999616552,285.46,0.0,0.0,0.009383378599078056,0.0037533514396312223,low_risk,[]
txn_002023,user_0184,2024-01-27 18:03:22.373550942,142.05,0.0,0.0,4.987704447546021e-05,1.9950817790184086e-05,low_risk,[]
txn_002085,user_0184,2024-01-28 15:07:27.633749932,294.32,0.0,0.002697993664202736,0.01783780083092871,0.007809618748422168,low_risk,[]
txn_002186,user_0184,2024-01-30 01:18:59.576406943,255.37,0.0,0.0,0.016671069320660436,0.006668427728264175,low_risk,[]
txn_002283,user_0184,2024-01-31 04:01:36.000492145,302.21,0.0,0.0,0.008347550921995088,0.0033390203687980353,low_risk,[]
txn_002441,user_0184,2024-02-02 06:54:29.181603211,307.23,0.1,0.0,0.016151744903554362,0.04146069796142174,low_risk,['increasing_sequence']
txn_002490,user_0184,2024-02-02 22:16:12.687978692,278.73,0.0,0.0,0.010619281006282393,0.004247712402512957,low_risk,[]
txn_002494,user_0184,2024-02-02 22:44:07.661024020,278.13,0.0,0.0,0.015077135739662094,0.006030854295864838,low_risk,[]
txn_002667,user_0184,2024-02-05 02:03:47.309385045,286.5,0.0,0.0,0.01096060461704244,0.0043842418468169764,low_risk,[]
txn_002790,user_0184,2024-02-06 17:05:28.476984386,345.16,0.1,0.0,0.03191333334122549,0.04776533333649019,low_risk,['increasing_sequence']
txn_002830,user_0184,2024-02-07 04:32:29.703099282,314.92,0.0,0.0,0.02209244786234148,0.008836979144936592,low_risk,[]
txn_003034,user_0184,2024-02-09 19:57:33.372111972,237.46,0.0,0.0,0.004296382425960018,0.0017185529703840072,low_risk,[]
txn_003047,user_0184,2024-02-09 23:22:28.971879615,247.19,0.0,0.0,0.0029767088307856944,0.0011906835323142778,low_risk,[]
txn_003280,user_0184,2024-02-13 06:30:18.425466620,3292.22,0.6,0.629203114336346,0.989832430008223,0.7632337505873756,high_risk,"['jump_from_previous', 'high_vs_average', 'increasing_sequence']"
txn_003322,user_0184,2024-02-13 18:03:11.364814417,463.47,0.0,0.0,0.026387964396509377,0.010555185758603751,low_risk,[]
txn_003480,user_0184,2024-02-15 22:19:05.291134425,270.44,0.0,0.0,0.005044421126267926,0.0020177684505071707,low_risk,[]
txn_003595,user_0184,2024-02-17 14:46:11.484612357,216.8,0.0,0.0,4.987704447546021e-05,1.9950817790184086e-05,low_risk,[]
txn_003597,user_0184,2024-02-17 15:14:59.415430853,70.99,0.0,0.0,4.987704447546021e-05,1.9950817790184086e-05,low_risk,[]
txn_003801,user_0184,2024-02-20 11:40:22.221109188,343.92,0.0,0.1066734751373433,0.03134259968696216,0.039205408659120686,low_risk,[]
txn_004275,user_0184,2024-02-26 19:39:03.646988484,179.03,0.0,0.0,4.987704447546021e-05,1.9950817790184086e-05,low_risk,[]
txn_004387,user_0184,2024-02-28 05:07:16.940135011,256.38,0.0,0.0,4.4421126267925864e-05,1.7768450507170346e-05,low_risk,[]
txn_004448,user_0184,2024-02-29 00:47:19.108048813,91.77,0.0,0.0,4.987704447546021e-05,1.9950817790184086e-05,low_risk,[]
txn_004453,user_0184,2024-02-29 03:38:54.783801604,223.59,0.0,0.016365642366786542,0.005,0.0060914105916966355,low_risk,[]
txn_000033,user_0185,2024-01-01 09:39:11.565697029,115.64,0.0,0.0,0.003404759328166095,0.001361903731266438,low_risk,[]
txn_000065,user_0185,2024-01-01 21:46:20.570292556,84.45,0.0,0.0,0.008536981467830291,0.0034147925871321166,low_risk,[]
txn_000085,user_0185,2024-01-02 04:38:42.754267026,100.39,0.0,0.0,0.05023687438162942,0.02009474975265177,low_risk,[]
txn_000097,user_0185,2024-01-02 09:09:08.648151011,82.96,0.0,0.0,0.031641928481438215,0.012656771392575287,low_risk,[]
txn_000508,user_0185,2024-01-07 16:19:07.101521871,95.86,0.0,0.0,0.024686948053459164,0.009874779221383667,low_risk,[]
txn_000541,user_0185,2024-01-08 02:48:49.251656130,112.36,0.1,0.0,0.021428361223280634,0.04357134448931225,low_risk,['increasing_sequence']
txn_000603,user_0185,2024-01-08 22:39:08.229691679,139.64,0.1,0.0,0.049732623798828667,0.054893049519531466,low_risk,['increasing_sequence']
txn_000680,user_0185,2024-01-09 19:21:25.511269060,118.83,0.0,0.0,0.013562832002397414,0.005425132800958966,low_risk,[]
txn_000737,user_0185,2024-01-10 11:48:00.352141299,84.77,0.0,0.0,4.987704447546021e-05,1.9950817790184086e-05,low_risk,[]
txn_001180,user_0185,2024-01-16 17:30:34.857449633,131.82,0.0,0.0,0.005070626959219876,0.0020282507836879506,low_risk,[]
txn_001650,user_0185,2024-01-22 12:39:44.838319623,7725.89,0.7999999999999999,0.8,0.9999603680536463,0.8799841472214585,high_risk,"['jump_from_previous', 'high_vs_average', 'high_share_of_total', 'increasing_sequence']"
txn_001815,user_0185,2024-01-25 00:23:34.358874411,72.02,0.0,0.0,4.987704447546021e-05,1.9950817790184086e-05,low_risk,[]
txn_002097,user_0185,2024-01-28 18:07:59.129337213,114.02,0.0,0.0,0.00046530566453676405,0.00018612226581470563,low_risk,[]
txn_002456,user_0185,2024-02-02 12:13:29.509248160,110.21,0.0,0.0,0.0001751704380946806,7.006817523787223e-05,low_risk,[]
txn_002553,user_0185,2024-02-03 13:12:35.970180922,111.44,0.0,0.0,0.0001751704380946806,7.006817523787223e-05,low_risk,[]
txn_002842,user_0185,2024-02-07 08:29:17.043010188,73.32,0.0,0.0,4.987704447546021e-05,1.9950817790184086e-05,low_risk,[]
txn_002877,user_0185,2024-02-07 20:05:25.286018590,107.24,0.0,0.0,0.00034431640292699293,0.00013772656117079718,low_risk,[]
txn_003023,user_0185,2024-02-09 15:00:27.949806820,86.34,0.0,0.0,0.0001751704380946806,7.006817523787223e-05,low_risk,[]
txn_003033,user_0185,2024-02-09 19:36:30.619022452,116.68,0.0,0.0,0.00034431640292699293,0.00013772656117079718,low_risk,[]
txn_003130,user_0185,2024-02-11 07:41:25.974323497,125.76,0.1,0.0,0.0001751704380946806,0.03507006817523787,low_risk,['increasing_sequence']
txn_003166,user_0185,2024-02-11 19:00:59.652946095,85.95,0.0,0.0,4.987704447546021e-05,1.9950817790184086e-05,low_risk,[]
txn_003179,user_0185,2024-02-11 22:02:19.074365183,123.2,0.0,0.0,4.987704447546021e-05,1.9950817790184086e-05,low_risk,[]
txn_003538,user_0185,2024-02-16 18:09:38.342867177,53.0,0.0,0.0,4.987704447546021e-05,1.9950817790184086e-05,low_risk,[]
txn_003663,user_0185,2024-02-18 12:31:11.563365976,97.63,0.0,0.0,0.00046530566453676405,0.00018612226581470563,low_risk,[]
txn_003720,user_0185,2024-02-19 09:06:43.641273890,124.87,0.1,0.0,0.00034431640292699293,0.03513772656117079,low_risk,['increasing_sequence']
txn_003984,user_0185,2024-02-22 19:04:25.635847121,128.5,0.1,0.0,0.0001751704380946806,0.03507006817523787,low_risk,['increasing_sequence']
txn_004439,user_0185,2024-02-28 20:16:38.267509947,67.1,0.0,0.0,4.987704447546021e-05,1.9950817790184086e-05,low_risk,[]
txn_000502,user_0186,2024-01-07 15:21:53.440913350,41.05,0.0,0.0,0.016662122168551795,0.006664848867420719,low_risk,[]
txn_000708,user_0186,2024-01-10 05:04:44.605853539,29.51,0.0,0.0,0.06599226800577843,0.026396907202311373,low_risk,[]
txn_000760,user_0186,2024-01-10 20:30:27.542801259,31.82,0.0,0.0,0.1322120861641772,0.05288483446567088,low_risk,[]
txn_001245,user_0186,2024-01-17 12:37:35.260577299,35.06,0.1,0.0,0.07925116477176741,0.06670046590870696,low_risk,['increasing_sequence']
txn_002086,user_0186,2024-01-28 15:16:58.098407274,34.56,0.0,0.0,0.1787227678508282,0.07148910714033128,low_risk,[]
txn_002210,user_0186,2024-01-30 11:27:20.371676680,31.0,0.0,0.0,0.16646866441112995,0.06658746576445199,low_risk,[]
txn_002399,user_0186,2024-02-01 19:33:05.819311596,30.09,0.0,0.0,0.23876983519959777,0.09550793407983911,low_risk,[]
txn_002453,user_0186,2024-02-02 11:14:25.425682410,38.19,0.0,0.0,0.22328124349678344,0.08931249739871339,low_risk,[]
txn_002478,user_0186,2024-02-02 17:51:41.893910075,24.32,0.0,0.0,0.2421052180175901,0.09684208720703605,low_risk,[]
txn_002871,user_0186,2024-02-07 17:48:20.274279623,28.18,0.0,0.0,0.1923580369764702,0.07694321479058808,low_risk,[]
txn_002936,user_0186,2024-02-08 14:42:40.363730255,276.09,0.6,0.6965014142140307,0.9999038498752908,0.784086893503624,high_risk,"['jump_from_previous', 'high_vs_average', 'increasing_sequence']"
txn_000161,user_0187,2024-01-03 06:50:56.022007708,34.62,0.0,0.0,0.007983183327326575,0.00319327333093063,low_risk,[]
txn_000163,user_0187,2024-01-03 07:35:10.718770275,26.61,0.0,0.0,0.032291136847656096,0.012916454739062439,low_risk,[]
txn_000577,user_0187,2024-01-08 14:54:35.631879881,19.1,0.0,0.0,0.012888603601569232,0.005155441440627693,low_risk,[]
txn_000665,user_0187,2024-01-09 15:12:38.182654832,34.09,0.0,0.0,0.04213412767824786,0.016853651071299144,low_risk,[]
txn_000687,user_0187,2024-01-09 21:52:09.778685787,34.37,0.1,0.0,0.03836529377763126,0.0503461175110525,low_risk,['increasing_sequence']
txn_000903,user_0187,2024-01-12 20:51:44.752088327,35.09,0.1,0.0,0.03428988911956388,0.04871595564782555,low_risk,['increasing_sequence']
txn_001146,user_0187,2024-01-16 03:56:49.351487514,17.72,0.0,0.0,0.023984510370725635,0.009593804148290254,low_risk,[]
txn_001438,user_0187,2024-01-20 04:16:53.535078219,34.42,0.0,0.0,0.04142504631463167,0.01657001852585267,low_risk,[]
txn_001577,user_0187,2024-01-21 13:14:40.723851310,35.1,0.1,0.0,0.07495447794683434,0.06498179117873373,low_risk,['increasing_sequence']
txn_001915,user_0187,2024-01-26 12:12:39.639978710,23.93,0.0,0.0,0.0666202442729179,0.026648097709167165,low_risk,[]
txn_001969,user_0187,2024-01-27 01:49:35.748263570,40.94,0.0,0.0,0.053092438665481474,0.02123697546619259,low_risk,[]
txn_002092,user_0187,2024-01-28 16:50:36.655703244,23.96,0.0,0.0,0.07250584555446137,0.029002338221784548,low_risk,[]
txn_002212,user_0187,2024-01-30 12:22:16.739274404,44.55,0.0,0.0,0.049077722832151595,0.01963108913286064,low_risk,[]
txn_002254,user_0187,2024-01-30 23:00:07.954596592,37.16,0.0,0.0,0.06731556604303317,0.02692622641721327,low_risk,[]
txn_002349,user_0187,2024-01-31 22:42:16.386550861,34.4,0.0,0.0,0.07203323070837926,0.028813292283351707,low_risk,[]
txn_002351,user_0187,2024-02-01 00:02:22.944719731,27.79,0.0,0.0,0.06804347032306497,0.02721738812922599,low_risk,[]
txn_002388,user_0187,2024-02-01 13:04:12.387999414,24.25,0.0,0.0,0.13007514698089065,0.05203005879235626,low_risk,[]
txn_002531,user_0187,2024-02-03 08:07:50.333214841,30.06,0.0,0.0,0.05076926570717662,0.02030770628287065,low_risk,[]
txn_002753,user_0187,2024-02-06 06:21:00.390029307,31.63,0.1,0.0,0.058714672837477846,0.05848586913499114,low_risk,['increasing_sequence']
txn_002787,user_0187,2024-02-06 16:35:05.044605290,24.21,0.0,0.0,0.034015122301905655,0.013606048920762262,low_risk,[]
txn_003074,user_0187,2024-02-10 12:13:41.382918547,30.04,0.0,0.0,0.04213620532347258,0.01685448212938903,low_risk,[]
txn_003076,user_0187,2024-02-10 12:33:21.894956794,21.37,0.0,0.0,0.03404425042492416,0.013617700169969667,low_risk,[]
txn_003116,user_0187,2024-02-11 03:17:13.467292121,32.48,0.0,0.0,0.06407811934042561,0.025631247736170246,low_risk,[]
txn_003452,user_0187,2024-02-15 13:19:07.614897994,37.35,0.1,0.0,0.038246514233836806,0.05029860569353472,low_risk,['increasing_sequence']
txn_003855,user_0187,2024-02-21 01:49:22.308764696,25.89,0.0,0.0,0.04636004042726414,0.018544016170905658,low_risk,[]
txn_004062,user_0187,2024-02-23 15:50:44.777624677,32.52,0.0,0.0,0.03408342419848858,0.013633369679395433,low_risk,[]
txn_004067,user_0187,2024-02-23 17:54:53.262657952,24.99,0.0,0.0,0.02509585866661711,0.010038343466646844,low_risk,[]
txn_004179,user_0187,2024-02-25 12:29:01.612720267,3814.01,0.7,0.8,0.9999467184017954,0.8449786873607181,high_risk,"['jump_from_previous', 'high_vs_average', 'high_share_of_total']"
txn_004210,user_0187,2024-02-25 23:50:58.381529837,35.05,0.0,0.0,4.987704447546021e-05,1.9950817790184086e-05,low_risk,[]
txn_004444,user_0187,2024-02-28 22:57:24.414649587,32.29,0.0,0.0,0.0007470835065843059,0.0002988334026337224,low_risk,[]
txn_004478,user_0187,2024-02-29 12:29:51.512598542,28.29,0.0,0.0,0.0016070835310475116,0.0006428334124190046,low_risk,[]
txn_004507,user_0187,2024-02-29 21:15:57.196045499,22.8,0.0,0.0,0.003908126706621912,0.0015632506826487647,low_risk,[]
txn_000251,user_0188,2024-01-04 10:01:22.898720984,38.56,0.0,0.0,0.024843743985511736,0.009937497594204696,low_risk,[]
txn_000263,user_0188,2024-01-04 12:21:34.635690985,44.83,0.0,0.0,0.11931146612748275,0.0477245864509931,low_risk,[]
txn_000272,user_0188,2024-01-04 13:57:43.352511254,35.0,0.0,0.0,0.17246406198916076,0.06898562479566431,low_risk,[]
txn_001005,user_0188,2024-01-14 08:47:25.674485786,35.65,0.0,0.0,0.3430733181401924,0.13722932725607695,low_risk,[]
txn_001006,user_0188,2024-01-14 08:47:43.817185852,34.81,0.0,0.0,0.24068515381453487,0.09627406152581396,low_risk,[]
txn_001010,user_0188,2024-01-14 09:01:46.840509447,40.61,0.0,0.0,0.6126832070065904,0.24507328280263618,low_risk,[]
txn_001011,user_0188,2024-01-14 09:04:10.578024177,33.45,0.0,0.0,0.8174738189216335,0.3269895275686534,low_risk,[]
txn_001012,user_0188,2024-01-14 09:06:58.867376563,34.68,0.0,0.0,0.831983845141143,0.3327935380564572,low_risk,[]
txn_001015,user_0188,2024-01-14 09:17:19.537553608,35.87,0.1,0.013333333333333334,0.9614898985487885,0.42292929275284874,medium_risk,['increasing_sequence']
txn_001377,user_0188,2024-01-19 10:24:39.712383194,34.56,0.0,0.0,0.2677405369804221,0.10709621479216885,low_risk,[]
txn_001773,user_0188,2024-01-24 12:58:02.822417924,33.83,0.0,0.0,0.26441373006954444,0.10576549202781778,low_risk,[]
txn_002104,user_0188,2024-01-28 20:55:50.022210807,38.73,0.0,0.0,0.20922908722321762,0.08369163488928705,low_risk,[]
txn_002154,user_0188,2024-01-29 12:22:42.184968839,34.88,0.0,0.0,0.24000763814204798,0.0960030552568192,low_risk,[]
txn_002616,user_0188,2024-02-04 09:32:33.841635816,27.81,0.0,0.0,0.07230052370606717,0.028920209482426868,low_risk,[]
txn_002811,user_0188,2024-02-06 22:35:03.162407687,34.97,0.0,0.0,0.16816998077334896,0.0672679923093396,low_risk,[]
txn_002937,user_0188,2024-02-08 14:57:04.624741283,35.2,0.1,0.0,0.2063112277780229,0.11752449111120916,low_risk,['increasing_sequence']
txn_003060,user_0188,2024-02-10 04:52:01.220919274,39.92,0.1,0.0,0.18501024747858819,0.10900409899143526,low_risk,['increasing_sequence']
txn_003077,user_0188,2024-02-10 13:02:11.931361996,33.79,0.0,0.0,0.2109587599877615,0.08438350399510461,low_risk,[]
txn_003128,user_0188,2024-02-11 07:27:49.089675295,30.4,0.0,0.0,0.11167763283382291,0.04467105313352917,low_risk,[]
txn_003947,user_0188,2024-02-22 08:45:50.639238312,36.6,0.0,0.0,0.1562264321249666,0.06249057284998664,low_risk,[]
txn_004264,user_0188,2024-02-26 16:55:11.068207439,31.06,0.0,0.0,0.10310231396339792,0.04124092558535917,low_risk,[]
txn_004339,user_0188,2024-02-27 15:40:07.044961957,35.08,0.0,0.0,0.18128257040366663,0.07251302816146665,low_risk,[]
txn_000463,user_0189,2024-01-07 03:22:46.059802785,31.58,0.0,0.0,0.024627780969012077,0.009851112387604832,low_risk,[]
txn_001564,user_0189,2024-01-21 09:48:27.371481283,34.93,0.0,0.0,0.09114424525321944,0.03645769810128778,low_risk,[]
txn_002400,user_0189,2024-02-01 19:41:56.403334839,34.67,0.0,0.0,0.12900879823063083,0.051603519292252334,low_risk,[]
txn_002607,user_0189,2024-02-04 07:14:17.878205704,41.04,0.0,0.0,0.09582315975432402,0.03832926390172961,low_risk,[]
txn_002709,user_0189,2024-02-05 17:51:17.994432310,50.16,0.1,0.0,0.14849347995275727,0.09439739198110292,low_risk,['increasing_sequence']
txn_002801,user_0189,2024-02-06 19:22:07.411093644,35.49,0.0,0.0,0.17974975472955962,0.07189990189182385,low_risk,[]
txn_003561,user_0189,2024-02-17 04:25:37.631573370,44.22,0.0,0.0,0.1949709101579275,0.077988364063171,low_risk,[]
txn_003853,user_0189,2024-02-21 01:30:25.259894118,47.82,0.1,0.0,0.22493405187098478,0.12497362074839391,low_risk,['increasing_sequence']
txn_004065,user_0189,2024-02-23 17:40:24.980967290,633.54,0.7999999999999999,0.7857884524621113,0.9999814778244542,0.8764397042453095,high_risk,"['jump_from_previous', 'high_vs_average', 'high_share_of_total', 'increasing_sequence']"
txn_000053,user_0190,2024-01-01 18:10:09.485375942,302.58,0.0,0.0,0.09631109868076473,0.038524439472305896,low_risk,[]
txn_000174,user_0190,2024-01-03 11:12:16.522864558,391.75,0.0,0.0,0.10809845552258966,0.043239382209035865,low_risk,[]
txn_000382,user_0190,2024-01-06 05:16:01.817572681,318.18,0.0,0.0,0.013537120556543235,0.005414848222617294,low_risk,[]
txn_000693,user_0190,2024-01-09 23:15:07.891780409,224.75,0.0,0.0,9.429817074338609e-05,3.7719268297354435e-05,low_risk,[]
txn_000929,user_0190,2024-01-13 07:03:53.822247796,222.93,0.0,0.0,0.00017201642676643335,6.880657070657334e-05,low_risk,[]
txn_001742,user_0190,2024-01-24 03:02:12.397228811,277.95,0.0,0.0,0.004720630143342067,0.0018882520573368271,low_risk,[]
txn_001781,user_0190,2024-01-24 14:42:45.995800289,271.1,0.0,0.0,0.014653888780444678,0.005861555512177871,low_risk,[]
txn_002440,user_0190,2024-02-02 06:34:44.085961968,331.27,0.0,0.0,0.027283495613308208,0.010913398245323284,low_risk,[]
txn_002722,user_0190,2024-02-05 22:01:39.828649997,2537.5,0.6,0.5734060659792994,0.999832430008223,0.753284488498114,high_risk,"['jump_from_previous', 'high_vs_average', 'increasing_sequence']"
txn_003341,user_0190,2024-02-13 23:44:53.570818255,206.6,0.0,0.0,9.429817074338609e-05,3.7719268297354435e-05,low_risk,[]
txn_003410,user_0190,2024-02-14 22:27:32.267067280,193.34,0.0,0.0,0.00046645578521796607,0.00018658231408718643,low_risk,[]
txn_003460,user_0190,2024-02-15 15:32:50.641442765,223.67,0.0,0.0,0.00017201642676643335,6.880657070657334e-05,low_risk,[]
txn_003727,user_0190,2024-02-19 11:57:56.142660043,336.41,0.1,0.0,0.0004226570941946152,0.035169062837677845,low_risk,['increasing_sequence']
txn_004017,user_0190,2024-02-23 03:29:37.725760292,296.74,0.0,0.0,0.0004226570941946152,0.0001690628376778461,low_risk,[]
txn_004048,user_0190,2024-02-23 12:48:23.921495504,107.11,0.0,0.0,4.987704447546021e-05,1.9950817790184086e-05,low_risk,[]
txn_004103,user_0190,2024-02-24 08:28:35.358506320,137.69,0.0,0.0,0.0004917781962443731,0.00019671127849774924,low_risk,[]
txn_004289,user_0190,2024-02-26 23:41:14.584834583,291.69,0.1,0.004442043721403155,0.010044421126267926,0.04012827938085796,low_risk,['increasing_sequence']
txn_004378,user_0190,2024-02-28 03:06:26.278432954,263.69,0.0,0.0,0.0004226570941946152,0.0001690628376778461,low_risk,[]
txn_004437,user_0190,2024-02-28 19:56:56.303929695,255.51,0.0,0.0,0.0005003753502176624,0.00020015014008706498,low_risk,[]
txn_000071,user_0191,2024-01-02 00:10:37.002799467,76.45,0.0,0.0,0.020059416963506983,0.008023766785402793,low_risk,[]
txn_000171,user_0191,2024-01-03 09:23:41.508833217,40.92,0.0,0.0,0.013943637856518594,0.005577455142607438,low_risk,[]
txn_000416,user_0191,2024-01-06 16:30:33.922172911,83.75,0.0,0.0017503665689149461,0.14856550617609693,0.05986379411266751,low_risk,[]
txn_000655,user_0191,2024-01-09 11:09:06.328410414,73.07,0.0,0.0,0.1503095034144328,0.060123801365773125,low_risk,[]
txn_000667,user_0191,2024-01-09 17:07:21.235410773,50.81,0.0,0.0,0.059112534202275455,0.023645013680910182,low_risk,[]
txn_000682,user_0191,2024-01-09 19:56:55.614003778,81.87,0.0,0.0,0.16701796713432362,0.06680718685372945,low_risk,[]
txn_001261,user_0191,2024-01-17 17:33:00.209735066,36.0,0.0,0.0,0.022842538027878393,0.009137015211151357,low_risk,[]
txn_001301,user_0191,2024-01-18 06:28:33.946703516,64.36,0.0,0.0,0.07527461188399044,0.03010984475359618,low_risk,[]
txn_001608,user_0191,2024-01-22 00:06:55.643843035,74.74,0.1,0.0,0.11492100278913511,0.08096840111565404,low_risk,['increasing_sequence']
txn_001741,user_0191,2024-01-24 02:49:02.016169381,104.64,0.1,0.0,0.7332701017597932,0.3283080407039173,low_risk,['increasing_sequence']
txn_002061,user_0191,2024-01-28 06:21:34.670301986,142.01,0.1,0.0034138739604724576,0.9828852472529894,0.4290075673913139,medium_risk,['increasing_sequence']
txn_002170,user_0191,2024-01-29 21:38:53.439876911,186.86,0.1,0.024029108638459126,0.9994250204872018,0.4407772853544955,medium_risk,['increasing_sequence']
txn_002328,user_0191,2024-01-31 14:25:52.974762756,56.19,0.0,0.0,0.00117976129477757,0.00047190451791102807,low_risk,[]
txn_002455,user_0191,2024-02-02 12:11:20.143022759,61.02,0.0,0.0,0.0016805714955954705,0.0006722285982381882,low_risk,[]
txn_002563,user_0191,2024-02-03 15:45:58.065252243,70.07,0.1,0.0,0.01374060604977186,0.04049624241990874,low_risk,['increasing_sequence']
txn_003151,user_0191,2024-02-11 14:30:01.885640614,60.65,0.0,0.0,0.004018397913271944,0.0016073591653087778,low_risk,[]
txn_003174,user_0191,2024-02-11 21:01:30.244030907,89.49,0.0,0.0,0.07240033276385853,0.028960133105543413,low_risk,[]
txn_003348,user_0191,2024-02-14 02:01:11.524885145,59.62,0.0,0.0,0.0024493706457465016,0.0009797482582986007,low_risk,[]
txn_003433,user_0191,2024-02-15 05:07:50.495413534,45.09,0.0,0.0,0.0016541342398731407,0.0006616536959492563,low_risk,[]
txn_003599,user_0191,2024-02-17 17:06:54.936125247,35.69,0.0,0.0,0.0013744954294629664,0.0005497981717851865,low_risk,[]
txn_003926,user_0191,2024-02-21 20:38:47.618911235,57.26,0.0,0.0,0.005222218813416204,0.002088887525366482,low_risk,[]
txn_004361,user_0191,2024-02-27 20:10:05.330945094,55.5,0.0,0.0,0.0021603738786236605,0.0008641495514494643,low_risk,[]
txn_004494,user_0191,2024-02-29 16:23:02.098514108,49.37,0.0,0.0,0.002005747629796573,0.0008022990519186293,low_risk,[]
txn_000179,user_0192,2024-01-03 13:48:09.979906733,20.65,0.0,0.0,0.0275073760148516,0.01100295040594064,low_risk,[]
txn_001220,user_0192,2024-01-17 04:50:21.876843994,17.49,0.0,0.0,0.08592210056135581,0.03436884022454233,low_risk,[]
txn_001310,user_0192,2024-01-18 09:50:24.816547812,29.63,0.0,0.0,0.04850078717861137,0.01940031487144455,low_risk,[]
txn_001506,user_0192,2024-01-20 19:45:26.828102765,21.76,0.0,0.0,0.10653851154638529,0.04261540461855412,low_risk,[]
txn_001596,user_0192,2024-01-21 20:51:18.311351699,283.93,0.7,0.7308652060898626,0.999869090452632,0.8276639377035184,high_risk,"['jump_from_previous', 'high_vs_average', 'high_share_of_total']"
txn_001891,user_0192,2024-01-26 04:03:45.412423678,26.58,0.0,0.0,0.06112270266157034,0.024449081064628137,low_risk,[]
txn_002685,user_0192,2024-02-05 08:06:27.968285081,14.26,0.0,0.0,0.038868358453022764,0.015547343381209106,low_risk,[]
txn_003209,user_0192,2024-02-12 05:54:02.815096434,27.21,0.0,0.0,0.026858431048002545,0.010743372419201019,low_risk,[]
txn_003543,user_0192,2024-02-16 19:59:27.521936690,28.0,0.1,0.0,0.05151750170699592,0.05560700068279836,low_risk,['increasing_sequence']
txn_004282,user_0192,2024-02-26 21:30:37.469212056,29.49,0.1,0.0,0.04509680969730965,0.05303872387892386,low_risk,['increasing_sequence']
txn_004360,user_0192,2024-02-27 20:02:14.145240441,11.65,0.0,0.0,0.10510109094386437,0.04204043637754575,low_risk,[]
txn_004457,user_0192,2024-02-29 05:42:15.221039155,27.95,0.0,0.014967811158798278,0.02915051449538932,0.015402158587855298,low_risk,[]
txn_000123,user_0193,2024-01-02 19:11:20.000266959,221.47,0.0,0.0,0.031010318161206477,0.012404127264482591,low_risk,[]
txn_000253,user_0193,2024-01-04 10:32:02.812112028,171.32,0.0,0.0,0.02445540479052349,0.009782161916209398,low_risk,[]
txn_000341,user_0193,2024-01-05 13:01:56.719297402,233.09,0.0,0.0,0.054693409051836575,0.02187736362073463,low_risk,[]
txn_000529,user_0193,2024-01-08 00:03:04.757874351,152.78,0.0,0.0,0.001168299199737986,0.0004673196798951944,low_risk,[]
txn_000694,user_0193,2024-01-09 23:35:06.891850094,186.67,0.0,0.0,0.010131501119716897,0.004052600447886759,low_risk,[]
txn_001043,user_0193,2024-01-14 19:17:57.047773800,133.61,0.0,0.0,0.00019733883779284034,7.893553511713614e-05,low_risk,[]
txn_001160,user_0193,2024-01-16 11:46:54.709256549,188.5,0.0,0.0,0.020278078284796046,0.008111231313918419,low_risk,[]
txn_001410,user_0193,2024-01-19 20:25:40.318811006,172.34,0.0,0.0,0.009165917102327273,0.003666366840930909,low_risk,[]
txn_001485,user_0193,2024-01-20 14:10:35.419916383,1505.96,0.5,0.5708263408508565,0.9998702620560057,0.7176546900351164,high_risk,"['jump_from_previous', 'high_vs_average']"
txn_001623,user_0193,2024-01-22 04:48:54.549192577,207.84,0.0,0.0,0.0004725341386700754,0.00018901365546803017,low_risk,[]
txn_001652,user_0193,2024-01-22 13:14:35.285300762,182.17,0.0,0.0,9.429817074338609e-05,3.7719268297354435e-05,low_risk,[]
txn_001703,user_0193,2024-01-23 09:10:36.307161130,216.19,0.0,0.0,0.0009650765152961364,0.00038603060611845457,low_risk,[]
txn_001926,user_0193,2024-01-26 15:27:24.005342919,173.28,0.0,0.0,9.429817074338609e-05,3.7719268297354435e-05,low_risk,[]
txn_002489,user_0193,2024-02-02 22:05:23.889284805,174.41,0.0,0.0,0.0005868405473694471,0.00023473621894777886,low_risk,[]
txn_002507,user_0193,2024-02-03 01:41:28.660737177,177.13,0.1,0.0,0.0005868405473694471,0.03523473621894777,low_risk,['increasing_sequence']
txn_002763,user_0193,2024-02-06 10:06:30.672772555,152.78,0.0,0.0,0.00019733883779284034,7.893553511713614e-05,low_risk,[]
txn_003142,user_0193,2024-02-11 10:56:47.218499307,210.63,0.0,0.0,0.0008873582592730891,0.00035494330370923564,low_risk,[]
txn_003181,user_0193,2024-02-12 00:22:42.211917605,218.75,0.1,0.0,0.0009650765152961364,0.03538603060611845,low_risk,['increasing_sequence']
txn_003262,user_0193,2024-02-13 01:33:04.240440605,214.19,0.0,0.0,0.0009650765152961364,0.00038603060611845457,low_risk,[]
txn_003264,user_0193,2024-02-13 01:53:13.759206085,196.08,0.0,0.0,0.0005868405473694471,0.00023473621894777886,low_risk,[]
txn_003311,user_0193,2024-02-13 14:14:03.273402811,143.36,0.0,0.0,0.0008608329846575795,0.0003443331938630318,low_risk,[]
txn_003338,user_0193,2024-02-13 22:15:52.520758473,187.93,0.0,0.0,0.0,0.0,low_risk,[]
txn_003386,user_0193,2024-02-14 15:08:29.585742588,209.13,0.1,0.0,0.0012476175017081565,0.03549904700068326,low_risk,['increasing_sequence']
txn_003784,user_0193,2024-02-20 07:38:40.183523086,195.46,0.0,0.0,0.0005868405473694471,0.00023473621894777886,low_risk,[]
txn_003913,user_0193,2024-02-21 16:55:25.659064285,182.79,0.0,0.0,0.0005868405473694471,0.00023473621894777886,low_risk,[]
txn_004388,user_0193,2024-02-28 05:14:29.400679845,130.16,0.0,0.0,0.00019733883779284034,7.893553511713614e-05,low_risk,[]
txn_000019,user_0194,2024-01-01 05:15:25.091199228,84.8,0.0,0.0,0.01733742511259125,0.0069349700450365,low_risk,[]
txn_000045,user_0194,2024-01-01 14:59:26.749175098,60.16,0.0,0.0,0.031291045809156884,0.012516418323662754,low_risk,[]
txn_000540,user_0194,2024-01-08 02:45:23.483158140,83.81,0.0,0.0,0.08673675064533416,0.03469470025813367,low_risk,[]
txn_001280,user_0194,2024-01-17 22:32:03.616664193,77.26,0.0,0.0,0.1374320809685515,0.0549728323874206,low_risk,[]
txn_001429,user_0194,2024-01-20 02:38:42.510132612,79.97,0.0,0.0,0.1478488387729579,0.05913953550918316,low_risk,[]
txn_001479,user_0194,2024-01-20 12:50:13.996059210,79.85,0.0,0.0,0.15813233930588028,0.06325293572235212,low_risk,[]
txn_001576,user_0194,2024-01-21 13:13:03.322556944,78.76,0.0,0.0,0.12305268925441501,0.04922107570176601,low_risk,[]
txn_002133,user_0194,2024-01-29 05:13:35.670628764,69.21,0.0,0.0,0.06739414957953861,0.026957659831815445,low_risk,[]
txn_002550,user_0194,2024-02-03 12:24:55.360472018,106.48,0.0,0.0,0.69891854722816,0.279567418891264,low_risk,[]
txn_002634,user_0194,2024-02-04 16:40:02.833405721,149.08,0.1,0.0,0.979668441310102,0.4268673765240408,medium_risk,['increasing_sequence']
txn_002836,user_0194,2024-02-07 05:57:22.322744150,202.32,0.1,0.016358784421081674,0.9992987412953886,0.4388091926234259,medium_risk,['increasing_sequence']
txn_003080,user_0194,2024-02-10 13:50:45.620494026,266.21,0.1,0.036619856303069895,0.9996333356031115,0.4440082983170121,medium_risk,['increasing_sequence']
txn_003368,user_0194,2024-02-14 08:43:50.652297965,81.56,0.0,0.0,0.0005755748057195296,0.00023022992228781186,low_risk,[]
txn_003384,user_0194,2024-02-14 13:16:09.896154611,52.48,0.0,0.0,0.0012834900788521947,0.0005133960315408779,low_risk,[]
txn_003534,user_0194,2024-02-16 17:09:15.296667901,61.98,0.0,0.0,0.0027127045863018975,0.001085081834520759,low_risk,[]
txn_000082,user_0195,2024-01-02 04:11:57.035323126,68.61,0.0,0.0,0.011437445411292943,0.004574978164517177,low_risk,[]
txn_000113,user_0195,2024-01-02 14:42:34.648553445,95.81,0.0,0.0,0.06819190083574733,0.027276760334298933,low_risk,[]
txn_000271,user_0195,2024-01-04 13:49:05.907619859,73.79,0.0,0.0,0.044930157768556925,0.017972063107422772,low_risk,[]
txn_000470,user_0195,2024-01-07 05:58:17.767668087,65.59,0.0,0.0,0.025646699619267254,0.010258679847706903,low_risk,[]
txn_000579,user_0195,2024-01-08 15:08:43.532148699,928.39,0.5,0.6547162063136205,0.9999467184017954,0.7386577389391233,high_risk,"['jump_from_previous', 'high_vs_average']"
txn_000959,user_0195,2024-01-13 18:01:03.785672990,74.83,0.0,0.0,0.00019733883779284034,7.893553511713614e-05,low_risk,[]
txn_000992,user_0195,2024-01-14 04:20:14.024033032,70.3,0.0,0.0,0.0005694964522674203,0.00022779858090696812,low_risk,[]
txn_001228,user_0195,2024-01-17 07:40:10.960044619,110.85,0.0,0.0,0.0013582524087876744,0.0005433009635150697,low_risk,[]
txn_001459,user_0195,2024-01-20 08:27:30.852774685,119.63,0.1,0.0,0.0010681171823455908,0.03542724687293823,low_risk,['increasing_sequence']
txn_001711,user_0195,2024-01-23 13:21:30.424028013,87.28,0.0,0.0,0.00019733883779284034,7.893553511713614e-05,low_risk,[]
txn_001740,user_0195,2024-01-24 02:03:14.907206352,54.61,0.0,0.0,0.00019733883779284034,7.893553511713614e-05,low_risk,[]
txn_002301,user_0195,2024-01-31 09:22:37.533238783,63.25,0.0,0.0,0.0005618775435950709,0.00022475101743802837,low_risk,[]
txn_002306,user_0195,2024-01-31 10:08:43.664300154,52.94,0.0,0.0,0.0005694964522674203,0.00022779858090696812,low_risk,[]
txn_002482,user_0195,2024-02-02 19:41:56.017611294,98.72,0.0,0.0,0.002448626989648983,0.0009794507958595933,low_risk,[]
txn_002876,user_0195,2024-02-07 19:21:35.551272716,89.96,0.0,0.0,0.0010681171823455908,0.00042724687293823634,low_risk,[]
txn_003249,user_0195,2024-02-12 21:00:02.746272784,83.04,0.0,0.0,0.0006898812144189015,0.0002759524857675606,low_risk,[]
txn_003276,user_0195,2024-02-13 05:35:20.205717419,104.84,0.0,0.0,0.0010681171823455908,0.00042724687293823634,low_risk,[]
txn_003747,user_0195,2024-02-19 18:15:20.580476370,80.44,0.0,0.0,0.00019733883779284034,7.893553511713614e-05,low_risk,[]
txn_003796,user_0195,2024-02-20 09:47:07.368387138,53.79,0.0,0.0,0.00019733883779284034,7.893553511713614e-05,low_risk,[]
txn_003813,user_0195,2024-02-20 15:01:17.385438888,74.82,0.0,0.0,0.0047674140419686935,0.0019069656167874775,low_risk,[]
txn_004042,user_0195,2024-02-23 10:16:22.520284977,40.78,0.0,0.0,4.987704447546021e-05,1.9950817790184086e-05,low_risk,[]
txn_004110,user_0195,2024-02-24 12:27:29.703027162,78.53,0.0,0.0,0.003414316593156276,0.0013657266372625104,low_risk,[]
txn_004160,user_0195,2024-02-25 07:13:10.020179636,62.45,0.0,0.0,0.0005694964522674203,0.00022779858090696812,low_risk,[]
txn_004375,user_0195,2024-02-28 01:40:05.914676683,73.13,0.0,0.0,0.00032263223141206073,0.0001290528925648243,low_risk,[]
txn_004424,user_0195,2024-02-28 17:26:33.949637868,50.2,0.0,0.0,9.429817074338609e-05,3.7719268297354435e-05,low_risk,[]
txn_000030,user_0196,2024-01-01 08:20:36.198659407,89.92,0.0,0.0,0.014139040540335273,0.005655616216134109,low_risk,[]
txn_000088,user_0196,2024-01-02 05:43:19.592448242,58.83,0.0,0.0,0.012651466925988158,0.005060586770395264,low_risk,[]
txn_000099,user_0196,2024-01-02 09:59:07.279345714,93.23,0.0,0.0,0.04354699413236506,0.017418797652946027,low_risk,[]
txn_000200,user_0196,2024-01-03 19:47:04.016670340,86.02,0.0,0.0,0.08920807504313237,0.03568323001725295,low_risk,[]
txn_000513,user_0196,2024-01-07 18:26:20.851118209,94.94,0.0,0.0,0.07787181683589794,0.03114872673435918,low_risk,[]
txn_000785,user_0196,2024-01-11 03:17:30.570680168,68.02,0.0,0.0,0.012530875312889728,0.005012350125155891,low_risk,[]
txn_000842,user_0196,2024-01-11 22:46:45.230305884,85.27,0.0,0.0,0.05300526599830512,0.02120210639932205,low_risk,[]
txn_001094,user_0196,2024-01-15 16:03:34.612043823,85.79,0.1,0.0,0.049509936515162355,0.05480397460606494,low_risk,['increasing_sequence']
txn_001110,user_0196,2024-01-15 18:40:39.932762574,70.41,0.0,0.0,0.01562172134547386,0.006248688538189544,low_risk,[]
txn_001304,user_0196,2024-01-18 06:51:52.555755265,65.28,0.0,0.0,0.001147955937761764,0.00045918237510470563,low_risk,[]
txn_001417,user_0196,2024-01-19 22:30:06.753309878,61.26,0.0,0.0,0.0006247365315035519,0.0002498946126014208,low_risk,[]
txn_001420,user_0196,2024-01-19 22:56:20.351020583,81.09,0.0,0.0,0.023611510490387077,0.00944460419615483,low_risk,[]
txn_001478,user_0196,2024-01-20 12:30:43.822693851,72.98,0.0,0.0,0.021606953996843817,0.008642781598737527,low_risk,[]
txn_001992,user_0196,2024-01-27 07:06:39.631930141,70.66,0.0,0.0,0.008471452846691978,0.0033885811386767913,low_risk,[]
txn_002172,user_0196,2024-01-29 22:03:49.560270676,1145.92,0.5,0.6641862220824158,0.9999467184017954,0.7410252428813221,high_risk,"['jump_from_previous', 'high_vs_average']"
txn_002467,user_0196,2024-02-02 15:08:44.165590306,71.65,0.0,0.0,0.00019733883779284034,7.893553511713614e-05,low_risk,[]
txn_002571,user_0196,2024-02-03 17:56:55.094716408,77.12,0.0,0.0,0.00032263223141206073,0.0001290528925648243,low_risk,[]
txn_002645,user_0196,2024-02-04 20:27:16.094598359,81.89,0.1,0.0,0.00032263223141206073,0.03512905289256482,low_risk,['increasing_sequence']
txn_002793,user_0196,2024-02-06 17:40:33.213646797,43.23,0.0,0.0,4.987704447546021e-05,1.9950817790184086e-05,low_risk,[]
txn_002901,user_0196,2024-02-08 03:47:03.480861629,84.79,0.0,0.0,0.0030470676101494354,0.0012188270440597743,low_risk,[]
txn_003003,user_0196,2024-02-09 11:28:57.023986689,73.1,0.0,0.0,0.00032263223141206073,0.0001290528925648243,low_risk,[]
txn_003327,user_0196,2024-02-13 18:13:59.547968414,82.33,0.0,0.0,0.00032263223141206073,0.0001290528925648243,low_risk,[]
txn_003355,user_0196,2024-02-14 03:56:47.873732829,77.28,0.0,0.0,0.0005694964522674203,0.00022779858090696812,low_risk,[]
txn_003546,user_0196,2024-02-16 20:58:35.428595492,51.78,0.0,0.0,4.987704447546021e-05,1.9950817790184086e-05,low_risk,[]
txn_004037,user_0196,2024-02-23 08:08:09.355042257,71.19,0.0,0.0,0.004363384758489134,0.0017453539033956537,low_risk,[]
txn_004195,user_0196,2024-02-25 18:03:17.656390715,72.84,0.1,0.0,0.00032263223141206073,0.03512905289256482,low_risk,['increasing_sequence']
txn_004203,user_0196,2024-02-25 20:24:26.427083193,72.11,0.0,0.0,0.0005694964522674203,0.00022779858090696812,low_risk,[]
txn_004313,user_0196,2024-02-27 08:32:54.412278785,90.07,0.0,0.0,0.0006898812144189015,0.0002759524857675606,low_risk,[]
txn_000399,user_0197,2024-01-06 11:25:04.651399644,126.59,0.0,0.0,0.01721088867219997,0.006884355468879989,low_risk,[]
txn_000957,user_0197,2024-01-13 17:13:56.194876097,100.06,0.0,0.0,0.017327562633559584,0.006931025053423834,low_risk,[]
txn_001081,user_0197,2024-01-15 10:27:06.266969952,103.09,0.0,0.0,0.0656358408305593,0.026254336332223724,low_risk,[]
txn_001571,user_0197,2024-01-21 11:27:14.468296910,94.6,0.0,0.0,0.0454438891743804,0.01817755566975216,low_risk,[]
txn_002945,user_0197,2024-02-08 18:43:48.331541577,2116.72,0.7,0.8,0.9999467184017954,0.8449786873607181,high_risk,"['jump_from_previous', 'high_vs_average', 'high_share_of_total']"
txn_002953,user_0197,2024-02-08 22:08:15.672885700,105.83,0.0,0.0,0.0012834900788521947,0.0005133960315408779,low_risk,[]
txn_003557,user_0197,2024-02-17 03:33:55.931186647,102.02,0.0,0.0,0.0010681171823455908,0.00042724687293823634,low_risk,[]
txn_003695,user_0197,2024-02-19 02:07:11.907716734,121.9,0.0,0.0,0.0010681171823455908,0.00042724687293823634,low_risk,[]
txn_000012,user_0198,2024-01-01 03:42:48.889102376,64.54,0.0,0.0,0.019370693291645494,0.0077482773166581975,low_risk,[]
txn_000273,user_0198,2024-01-04 14:09:36.481348441,64.03,0.0,0.0,0.07552003590410701,0.030208014361642804,low_risk,[]
txn_000411,user_0198,2024-01-06 14:53:51.975082071,53.02,0.0,0.0,0.027705316025615448,0.01108212641024618,low_risk,[]
txn_000511,user_0198,2024-01-07 17:26:20.373866054,56.67,0.0,0.0,0.09677053990755007,0.03870821596302003,low_risk,[]
txn_000614,user_0198,2024-01-09 01:40:17.908599702,75.57,0.1,0.0,0.08329802723247713,0.06831921089299085,low_risk,['increasing_sequence']
txn_000623,user_0198,2024-01-09 04:26:35.319483389,41.31,0.0,0.0,0.0439842029307108,0.017593681172284322,low_risk,[]
txn_000676,user_0198,2024-01-09 18:36:13.046305787,36.68,0.0,0.0,0.134434091020436,0.0537736364081744,low_risk,[]
txn_000741,user_0198,2024-01-10 14:57:22.224243527,49.4,0.0,0.0,0.09115053456027519,0.03646021382411008,low_risk,[]
txn_000829,user_0198,2024-01-11 17:04:21.439015266,34.54,0.0,0.0,0.03771369816113758,0.015085479264455033,low_risk,[]
txn_000867,user_0198,2024-01-12 08:14:14.973426462,37.01,0.0,0.0,0.03812122189940571,0.015248488759762285,low_risk,[]
txn_000887,user_0198,2024-01-12 14:32:16.294999220,48.67,0.1,0.0,0.2931609587187827,0.1522643834875131,low_risk,['increasing_sequence']
txn_001367,user_0198,2024-01-19 06:14:05.578948149,9.6,0.0,0.0,0.020795619448844272,0.00831824777953771,low_risk,[]
txn_001600,user_0198,2024-01-21 21:36:33.438384958,39.02,0.0,0.07742187500000003,0.03403312253593885,0.032968717764375544,low_risk,[]
txn_001665,user_0198,2024-01-22 18:16:24.966411788,52.15,0.1,0.0,0.09065617213812441,0.07126246885524976,low_risk,['increasing_sequence']
txn_001754,user_0198,2024-01-24 07:20:35.365674640,31.13,0.0,0.0,0.0427162620533602,0.017086504821344082,low_risk,[]
txn_001813,user_0198,2024-01-25 00:17:13.146377119,35.6,0.0,0.0,0.019220361750454117,0.007688144700181647,low_risk,[]
txn_002436,user_0198,2024-02-02 05:05:58.891424114,23.84,0.0,0.0,0.014820006083763559,0.005928002433505424,low_risk,[]
txn_002459,user_0198,2024-02-02 12:33:26.203797869,43.35,0.0,0.0,0.06071832595866403,0.024287330383465613,low_risk,[]
txn_002817,user_0198,2024-02-06 23:55:32.965439251,30.65,0.0,0.0,0.012985010673795625,0.00519400426951825,low_risk,[]
txn_002851,user_0198,2024-02-07 11:58:02.629746556,42.92,0.0,0.0,0.05181231766380146,0.020724927065520586,low_risk,[]
txn_002920,user_0198,2024-02-08 11:20:02.035862723,53.52,0.1,0.0,0.0963238119349059,0.07352952477396235,low_risk,['increasing_sequence']
txn_003248,user_0198,2024-02-12 20:44:19.268051576,56.1,0.1,0.0,0.09025549351055134,0.07110219740422054,low_risk,['increasing_sequence']
txn_003459,user_0198,2024-02-15 15:23:46.696528243,54.87,0.0,0.0,0.1073539852517864,0.04294159410071456,low_risk,[]
txn_003473,user_0198,2024-02-15 20:30:16.838110424,59.09,0.0,0.0,0.09581469865850649,0.0383258794634026,low_risk,[]
txn_003541,user_0198,2024-02-16 19:49:44.565040056,69.43,0.1,0.0,0.1300498362249232,0.08701993448996928,low_risk,['increasing_sequence']
txn_003670,user_0198,2024-02-18 14:36:14.290434352,40.29,0.0,0.0,0.060248563953097474,0.02409942558123899,low_risk,[]
txn_003981,user_0198,2024-02-22 18:34:11.440925048,37.19,0.0,0.0,0.012997478675143573,0.00519899147005743,low_risk,[]
txn_003997,user_0198,2024-02-22 21:30:24.199095039,469.05,0.5,0.6222775591195037,0.9999467184017954,0.7305480771405941,high_risk,"['jump_from_previous', 'high_vs_average']"
txn_004028,user_0198,2024-02-23 06:12:47.696694895,67.32,0.0,0.0,0.14154770705161046,0.056619082820644186,low_risk,[]
txn_004276,user_0198,2024-02-26 19:43:16.587661644,57.86,0.0,0.0,0.04851882212480803,0.019407528849923212,low_risk,[]
txn_000227,user_0199,2024-01-04 04:54:24.329364670,57.79,0.0,0.0,0.004349807983002959,0.0017399231932011838,low_risk,[]
txn_000254,user_0199,2024-01-04 10:44:29.095525064,45.59,0.0,0.0,0.018039653465979754,0.007215861386391902,low_risk,[]
txn_000386,user_0199,2024-01-06 07:03:00.527662246,42.25,0.0,0.0,0.011078124567541264,0.004431249827016506,low_risk,[]
txn_000620,user_0199,2024-01-09 03:42:50.420487076,46.02,0.0,0.0,0.04555188770869936,0.018220755083479746,low_risk,[]
txn_000754,user_0199,2024-01-10 18:27:40.507715757,33.22,0.0,0.0,0.012293866261279358,0.004917546504511743,low_risk,[]
txn_000843,user_0199,2024-01-11 23:14:45.578668567,46.79,0.0,0.0,0.061803675751682156,0.024721470300672864,low_risk,[]
txn_000915,user_0199,2024-01-13 00:45:41.074220496,57.44,0.1,0.0,0.0520574432046345,0.0558229772818538,low_risk,['increasing_sequence']
txn_000921,user_0199,2024-01-13 02:44:08.597080939,45.49,0.0,0.0,0.09487598643188364,0.037950394572753454,low_risk,[]
txn_000960,user_0199,2024-01-13 18:01:17.713412431,55.18,0.0,0.0,0.11639844413769877,0.04655937765507951,low_risk,[]
txn_001207,user_0199,2024-01-17 01:15:07.922171656,39.88,0.0,0.0,0.04633909560336638,0.018535638241346554,low_risk,[]
txn_001518,user_0199,2024-01-20 22:48:50.081818014,47.72,0.0,0.0,0.050373867023350616,0.02014954680934025,low_risk,[]
txn_001624,user_0199,2024-01-22 04:52:02.992637028,59.32,0.1,0.0,0.036276566584043046,0.049510626633617216,low_risk,['increasing_sequence']
txn_001744,user_0199,2024-01-24 03:17:45.003065642,3563.71,0.7999999999999999,0.8,0.9999814778244542,0.8799925911297817,high_risk,"['jump_from_previous', 'high_vs_average', 'high_share_of_total', 'increasing_sequence']"
txn_001960,user_0199,2024-01-26 22:49:39.885387985,62.83,0.0,0.0,4.987704447546021e-05,1.9950817790184086e-05,low_risk,[]
txn_002341,user_0199,2024-01-31 17:46:26.348703461,46.32,0.0,0.0,0.0001751704380946806,7.006817523787223e-05,low_risk,[]
txn_002696,user_0199,2024-02-05 12:18:22.804352180,45.37,0.0,0.0,0.00038235865183360555,0.00015294346073344223,low_risk,[]
txn_003278,user_0199,2024-02-13 06:00:54.436908710,46.29,0.0,0.0,0.00038235865183360555,0.00015294346073344223,low_risk,[]
txn_003351,user_0199,2024-02-14 02:18:43.363084009,56.54,0.1,0.0,0.0006096440314643012,0.035243857612585715,low_risk,['increasing_sequence']
txn_003364,user_0199,2024-02-14 07:26:14.267502071,37.35,0.0,0.0,0.0006096440314643012,0.0002438576125857205,low_risk,[]
txn_003616,user_0199,2024-02-17 21:24:13.176981964,46.69,0.0,0.0,0.0007470835065843059,0.0002988334026337224,low_risk,[]
txn_003834,user_0199,2024-02-20 20:24:05.444653698,38.19,0.0,0.0,0.00038235865183360555,0.00015294346073344223,low_risk,[]
