transaction_id,user_id,transaction_time,amount,transaction_type,merchant_id,country,device_id,is_anomaly
txn_000000,user_0049,2024-01-01 00:27:09.951434946,27.01,purchase,mrc_6866,FR,dev_756716,0
txn_000001,user_0003,2024-01-01 00:49:05.182078368,48.43,purchase,mrc_5918,FR,dev_973627,0
txn_000002,user_0177,2024-01-01 00:56:01.218314169,39.43,payment,mrc_9901,DE,dev_240181,0
txn_000003,user_0154,2024-01-01 00:59:37.867535810,93.2,payment,mrc_9049,NL,dev_343626,0
txn_000004,user_0169,2024-01-01 00:59:43.470656847,40.41,purchase,mrc_9378,MX,dev_169030,0
txn_000005,user_0068,2024-01-01 01:22:32.448467323,144.16,purchase,mrc_6003,US,dev_109654,0
txn_000006,user_0108,2024-01-01 01:50:03.100564616,75.44,transfer,mrc_3388,US,dev_423684,0
txn_000007,user_0038,2024-01-01 02:20:54.314113219,84.92,transfer,mrc_2210,RU,dev_665036,0
txn_000008,user_0103,2024-01-01 02:29:00.555824757,101.94,purchase,mrc_9936,US,dev_931748,0
txn_000009,user_0080,2024-01-01 03:15:08.471462439,34.87,purchase,mrc_9383,US,dev_149548,0
txn_000010,user_0091,2024-01-01 03:30:45.229620906,66.04,purchase,mrc_9637,DE,dev_225701,0
txn_000011,user_0077,2024-01-01 03:42:47.516762463,30.65,withdrawal,mrc_9727,FR,dev_803803,0
txn_000012,user_0198,2024-01-01 03:42:48.889102376,64.54,purchase,mrc_7841,IT,dev_496956,0
txn_000013,user_0173,2024-01-01 04:07:01.163248366,50.13,purchase,mrc_1871,US,dev_515554,0
txn_000014,user_0063,2024-01-01 04:08:04.876715510,68.96,withdrawal,mrc_2772,GB,dev_321655,0
txn_000015,user_0111,2024-01-01 04:21:31.915515841,187.38,purchase,mrc_6658,DE,dev_824486,0
txn_000016,user_0165,2024-01-01 04:22:39.548426075,67.91,payment,mrc_2633,GB,dev_450186,0
txn_000017,user_0035,2024-01-01 04:24:28.767615457,57.24,purchase,mrc_4542,NL,dev_149855,0
txn_000018,user_0130,2024-01-01 04:50:30.091823467,71.31,withdrawal,mrc_7645,GB,dev_425066,0
txn_000019,user_0194,2024-01-01 05:15:25.091199228,84.8,withdrawal,mrc_4804,US,dev_530563,0
txn_000020,user_0045,2024-01-01 05:21:53.033874385,32.87,purchase,mrc_6151,US,dev_568492,0
txn_000021,user_0089,2024-01-01 05:40:43.056751008,92.0,purchase,mrc_6713,GB,dev_154564,0
txn_000022,user_0106,2024-01-01 06:24:26.408344927,44.23,purchase,mrc_7457,DE,dev_776495,0
txn_000023,user_0176,2024-01-01 07:01:55.752966468,53.7,purchase,mrc_1042,US,dev_354405,0
txn_000024,user_0018,2024-01-01 07:10:42.060086547,79.35,purchase,mrc_9439,FR,dev_534072,0
txn_000025,user_0126,2024-01-01 07:34:28.479102872,40.1,purchase,mrc_9313,RU,dev_408162,0
txn_000026,user_0171,2024-01-01 07:37:33.841430122,37.13,purchase,mrc_8868,GB,dev_735490,0
txn_000027,user_0104,2024-01-01 07:39:54.338897538,53.56,transfer,mrc_3458,ES,dev_626174,0
txn_000028,user_0057,2024-01-01 07:48:16.242257538,32.3,withdrawal,mrc_1490,CA,dev_761158,0
txn_000029,user_0072,2024-01-01 08:15:08.989296820,17.74,purchase,mrc_7916,CN,dev_152297,0
txn_000030,user_0196,2024-01-01 08:20:36.198659407,89.92,purchase,mrc_1129,GB,dev_520735,0
txn_000031,user_0179,2024-01-01 08:22:06.790949619,21.6,payment,mrc_2939,ES,dev_449253,0
txn_000032,user_0095,2024-01-01 09:09:40.464578864,9.47,purchase,mrc_3902,CN,dev_540551,0
txn_000033,user_0185,2024-01-01 09:39:11.565697029,115.64,purchase,mrc_6878,ES,dev_494056,0
txn_000034,user_0044,2024-01-01 10:44:14.140500994,23.22,payment,mrc_6342,BR,dev_176043,0
txn_000035,user_0016,2024-01-01 10:46:31.851817478,72.35,payment,mrc_1930,GB,dev_694538,0
txn_000036,user_0111,2024-01-01 10:57:54.626689787,176.47,withdrawal,mrc_6639,DE,dev_824486,0
txn_000037,user_0103,2024-01-01 11:26:51.163417018,67.43,purchase,mrc_9936,US,dev_931748,0
txn_000038,user_0155,2024-01-01 11:27:22.947990762,71.8,withdrawal,mrc_6271,FR,dev_681661,0
txn_000039,user_0167,2024-01-01 12:33:29.426692612,60.86,purchase,mrc_1049,FR,dev_606400,0
txn_000040,user_0075,2024-01-01 13:54:53.270693126,32.35,transfer,mrc_6098,GB,dev_228165,0
txn_000041,user_0055,2024-01-01 14:35:53.158425386,26.94,purchase,mrc_8614,BR,dev_821332,0
txn_000042,user_0101,2024-01-01 14:38:46.266985838,82.37,withdrawal,mrc_2489,DE,dev_472623,0
txn_000043,user_0070,2024-01-01 14:45:11.948227957,162.57,purchase,mrc_6688,JP,dev_490400,0
txn_000044,user_0051,2024-01-01 14:58:23.758228568,51.33,purchase,mrc_5639,GB,dev_971478,0
txn_000045,user_0194,2024-01-01 14:59:26.749175098,60.16,payment,mrc_5951,US,dev_530563,0
txn_000046,user_0123,2024-01-01 15:34:30.843212516,65.64,payment,mrc_5989,FR,dev_491106,0
txn_000047,user_0149,2024-01-01 16:25:49.415561347,63.54,withdrawal,mrc_6628,DE,dev_777095,0
txn_000048,user_0127,2024-01-01 17:05:00.531437249,54.66,purchase,mrc_8087,US,dev_457768,0
txn_000049,user_0005,2024-01-01 17:21:16.857874556,27.35,payment,mrc_1874,BR,dev_528133,0
txn_000050,user_0014,2024-01-01 17:28:58.430379873,38.9,transfer,mrc_7493,FR,dev_504424,0
txn_000051,user_0069,2024-01-01 17:45:50.676504682,18.61,payment,mrc_1720,FR,dev_858651,0
txn_000052,user_0063,2024-01-01 18:03:02.526973214,43.74,purchase,mrc_6633,GB,dev_321655,0
txn_000053,user_0190,2024-01-01 18:10:09.485375942,302.58,purchase,mrc_7343,NL,dev_800230,0
txn_000054,user_0134,2024-01-01 18:40:23.807343345,98.96,purchase,mrc_6489,US,dev_224788,0
txn_000055,user_0145,2024-01-01 18:43:54.304795974,163.74,purchase,mrc_9036,BR,dev_839106,0
txn_000056,user_0096,2024-01-01 19:15:21.138096886,30.51,purchase,mrc_1437,IN,dev_531876,0
txn_000057,user_0157,2024-01-01 19:32:27.340798251,56.5,purchase,mrc_5725,DE,dev_319870,0
txn_000058,user_0108,2024-01-01 19:54:38.722447081,64.5,withdrawal,mrc_2605,US,dev_423684,0
txn_000059,user_0123,2024-01-01 20:14:14.318177726,54.61,purchase,mrc_2320,FR,dev_491106,0
txn_000060,user_0033,2024-01-01 20:17:46.642074260,206.25,purchase,mrc_3868,IT,dev_422074,0
txn_000061,user_0157,2024-01-01 20:40:38.113762893,64.75,purchase,mrc_4215,DE,dev_319870,0
txn_000062,user_0181,2024-01-01 21:04:25.677964577,40.48,purchase,mrc_2852,US,dev_801882,0
txn_000063,user_0108,2024-01-01 21:30:33.118879156,58.51,withdrawal,mrc_9278,US,dev_423684,0
txn_000064,user_0066,2024-01-01 21:33:53.541175303,41.35,purchase,mrc_2076,DE,dev_768422,0
txn_000065,user_0185,2024-01-01 21:46:20.570292556,84.45,purchase,mrc_2645,ES,dev_494056,0
txn_000066,user_0162,2024-01-01 22:11:56.441790782,156.82,purchase,mrc_8205,DE,dev_495721,0
txn_000067,user_0145,2024-01-01 23:07:14.984945277,132.36,purchase,mrc_5420,BR,dev_839106,0
txn_000068,user_0112,2024-01-01 23:19:15.721007561,114.07,withdrawal,mrc_4394,IN,dev_647866,0
txn_000069,user_0006,2024-01-01 23:22:18.685679371,72.58,purchase,mrc_8081,US,dev_824287,0
txn_000070,user_0025,2024-01-01 23:44:50.686540137,28.6,purchase,mrc_8870,BR,dev_336214,0
txn_000071,user_0191,2024-01-02 00:10:37.002799467,76.45,transfer,mrc_4365,US,dev_830909,0
txn_000072,user_0041,2024-01-02 00:13:45.669086643,32.87,transfer,mrc_8636,FR,dev_793260,0
txn_000073,user_0079,2024-01-02 00:54:07.038566235,45.39,purchase,mrc_2997,FR,dev_392734,0
txn_000074,user_0104,2024-01-02 01:24:56.949465659,46.61,purchase,mrc_3458,ES,dev_626174,0
txn_000075,user_0175,2024-01-02 01:31:12.814214592,67.33,purchase,mrc_9125,CA,dev_530674,0
txn_000076,user_0091,2024-01-02 01:38:42.970402772,33.16,purchase,mrc_9637,DE,dev_225701,0
txn_000077,user_0061,2024-01-02 01:55:47.556950785,122.74,withdrawal,mrc_9541,IT,dev_350267,0
txn_000078,user_0111,2024-01-02 02:10:26.888747892,219.08,purchase,mrc_3871,DE,dev_824486,0
txn_000079,user_0086,2024-01-02 03:40:19.914821476,52.06,transfer,mrc_8925,US,dev_547224,0
txn_000080,user_0032,2024-01-02 03:56:41.484160986,45.77,payment,mrc_3230,IT,dev_966352,0
txn_000081,user_0036,2024-01-02 03:58:07.733296510,30.77,purchase,mrc_6140,GB,dev_305262,0
txn_000082,user_0195,2024-01-02 04:11:57.035323126,68.61,purchase,mrc_2634,FR,dev_495433,0
txn_000083,user_0076,2024-01-02 04:21:35.529055319,53.6,purchase,mrc_6609,FR,dev_986288,0
txn_000084,user_0160,2024-01-02 04:37:33.164537014,137.69,purchase,mrc_3933,BR,dev_932446,0
txn_000085,user_0185,2024-01-02 04:38:42.754267026,100.39,purchase,mrc_2670,ES,dev_494056,0
txn_000086,user_0029,2024-01-02 05:00:28.940238386,88.88,withdrawal,mrc_6371,GB,dev_964255,0
txn_000087,user_0037,2024-01-02 05:10:21.411931995,34.1,purchase,mrc_4636,US,dev_183988,0
txn_000088,user_0196,2024-01-02 05:43:19.592448242,58.83,purchase,mrc_4289,GB,dev_520735,0
txn_000089,user_0004,2024-01-02 06:27:52.763218353,219.47,purchase,mrc_7177,DE,dev_168708,0
txn_000090,user_0072,2024-01-02 07:23:55.968014215,24.46,purchase,mrc_7916,CN,dev_152297,0
txn_000091,user_0161,2024-01-02 07:26:52.982103470,56.58,purchase,mrc_1929,US,dev_689131,0
txn_000092,user_0176,2024-01-02 07:29:59.654163963,58.9,purchase,mrc_8511,US,dev_354405,0
txn_000093,user_0141,2024-01-02 07:57:28.258959390,28.51,transfer,mrc_9445,IT,dev_998747,0
txn_000094,user_0061,2024-01-02 08:25:37.676903359,145.57,withdrawal,mrc_4678,IT,dev_350267,0
txn_000095,user_0133,2024-01-02 08:26:37.822766219,63.97,purchase,mrc_8839,NL,dev_254947,0
txn_000096,user_0117,2024-01-02 08:46:49.205953051,122.38,transfer,mrc_5880,CN,dev_768665,0
txn_000097,user_0185,2024-01-02 09:09:08.648151011,82.96,purchase,mrc_6878,ES,dev_494056,0
txn_000098,user_0108,2024-01-02 09:31:20.832003999,85.66,purchase,mrc_9212,US,dev_423684,0
txn_000099,user_0196,2024-01-02 09:59:07.279345714,93.23,purchase,mrc_4289,GB,dev_520735,0
txn_000100,user_0140,2024-01-02 11:03:27.262020529,87.89,purchase,mrc_5054,RU,dev_644420,0
txn_000101,user_0038,2024-01-02 11:15:22.160568092,103.16,purchase,mrc_5824,RU,dev_665036,0
txn_000102,user_0093,2024-01-02 11:22:06.271214127,19.51,purchase,mrc_5414,NL,dev_145864,0
txn_000103,user_0027,2024-01-02 11:40:48.504837717,60.25,purchase,mrc_4752,FR,dev_934751,0
txn_000104,user_0099,2024-01-02 12:21:45.761106928,139.37,purchase,mrc_9268,RU,dev_104267,0
txn_000105,user_0044,2024-01-02 12:45:57.043725726,15.35,payment,mrc_8155,BR,dev_176043,0
txn_000106,user_0176,2024-01-02 12:48:48.924722353,24.22,payment,mrc_8511,US,dev_354405,0
txn_000107,user_0124,2024-01-02 12:56:14.353567321,102.12,purchase,mrc_6943,GB,dev_327865,0
txn_000108,user_0094,2024-01-02 13:14:30.694681814,77.33,purchase,mrc_5572,CN,dev_246312,0
txn_000109,user_0049,2024-01-02 13:20:01.566423454,28.93,withdrawal,mrc_9878,FR,dev_756716,0
txn_000110,user_0080,2024-01-02 13:24:27.670762971,32.76,payment,mrc_9577,US,dev_149548,0
txn_000111,user_0104,2024-01-02 14:24:27.646166213,54.28,purchase,mrc_3458,ES,dev_626174,0
txn_000112,user_0089,2024-01-02 14:31:00.973537885,93.6,purchase,mrc_6713,GB,dev_154564,0
txn_000113,user_0195,2024-01-02 14:42:34.648553445,95.81,purchase,mrc_3081,FR,dev_495433,0
txn_000114,user_0054,2024-01-02 15:19:56.382897368,73.07,purchase,mrc_1049,IT,dev_228719,0
txn_000115,user_0054,2024-01-02 15:40:06.868774908,65.64,purchase,mrc_8379,IT,dev_228719,0
txn_000116,user_0056,2024-01-02 15:50:11.113818321,26.59,purchase,mrc_2396,PL,dev_136136,0
txn_000117,user_0059,2024-01-02 16:25:14.941761952,91.69,purchase,mrc_5870,US,dev_323460,0
txn_000118,user_0180,2024-01-02 16:46:06.039110392,15.59,purchase,mrc_1696,DE,dev_275394,0
txn_000119,user_0179,2024-01-02 17:15:50.780839812,21.77,purchase,mrc_9745,ES,dev_449253,0
txn_000120,user_0031,2024-01-02 17:51:47.247851043,136.87,purchase,mrc_7779,GB,dev_400819,0
txn_000121,user_0095,2024-01-02 18:02:35.200799939,26.46,withdrawal,mrc_3902,CN,dev_540551,0
txn_000122,user_0038,2024-01-02 18:40:11.696901611,88.98,payment,mrc_2210,RU,dev_665036,0
txn_000123,user_0193,2024-01-02 19:11:20.000266959,221.47,purchase,mrc_8525,JP,dev_754885,0
txn_000124,user_0034,2024-01-02 19:53:33.032902182,28.71,withdrawal,mrc_5100,GB,dev_379300,0
txn_000125,user_0093,2024-01-02 19:55:38.317564273,23.93,purchase,mrc_3718,NL,dev_145864,0
txn_000126,user_0053,2024-01-02 20:09:37.616357531,36.1,withdrawal,mrc_5079,JP,dev_877098,0
txn_000127,user_0077,2024-01-02 20:31:39.736547454,25.6,purchase,mrc_9727,FR,dev_803803,0
txn_000128,user_0029,2024-01-02 20:45:40.389161629,101.9,transfer,mrc_5996,GB,dev_964255,0
txn_000129,user_0043,2024-01-02 20:51:51.723325459,155.03,purchase,mrc_7530,IT,dev_672596,0
txn_000130,user_0048,2024-01-02 21:02:21.270608596,70.24,purchase,mrc_2151,US,dev_786278,0
txn_000131,user_0113,2024-01-02 21:07:51.958927890,52.43,purchase,mrc_7544,GB,dev_454695,0
txn_000132,user_0161,2024-01-02 21:22:10.665976352,39.51,purchase,mrc_1929,US,dev_689131,0
txn_000133,user_0174,2024-01-02 21:38:58.129379201,57.54,purchase,mrc_8956,US,dev_624267,0
txn_000134,user_0003,2024-01-02 22:17:40.871169975,43.09,transfer,mrc_7689,FR,dev_973627,0
txn_000135,user_0014,2024-01-02 22:17:42.464201309,47.98,purchase,mrc_8277,FR,dev_504424,0
txn_000136,user_0160,2024-01-02 22:19:38.733805813,91.38,withdrawal,mrc_9806,BR,dev_932446,0
txn_000137,user_0023,2024-01-02 23:19:46.002661375,89.08,withdrawal,mrc_7736,CA,dev_236385,0
txn_000138,user_0066,2024-01-03 00:05:58.368520532,66.64,payment,mrc_3154,DE,dev_768422,0
txn_000139,user_0079,2024-01-03 00:08:12.373098512,33.85,purchase,mrc_3176,FR,dev_392734,0
txn_000140,user_0011,2024-01-03 00:47:02.490019012,40.25,payment,mrc_2370,FR,dev_250275,0
txn_000141,user_0007,2024-01-03 01:13:06.066252100,16.91,purchase,mrc_3209,ES,dev_133536,0
txn_000142,user_0142,2024-01-03 01:13:21.783302301,55.42,purchase,mrc_5557,US,dev_811663,0
txn_000143,user_0016,2024-01-03 01:38:17.626845042,65.81,purchase,mrc_2576,GB,dev_694538,0
txn_000144,user_0124,2024-01-03 02:31:26.309967533,99.41,payment,mrc_5757,GB,dev_327865,0
txn_000145,user_0143,2024-01-03 02:33:06.519206195,40.46,purchase,mrc_1285,CA,dev_121390,0
txn_000146,user_0104,2024-01-03 02:37:25.134956712,56.97,transfer,mrc_3458,ES,dev_626174,0
txn_000147,user_0168,2024-01-03 02:38:59.977258696,16.68,purchase,mrc_3432,ES,dev_807983,0
txn_000148,user_0106,2024-01-03 03:03:14.222401779,38.82,purchase,mrc_6101,DE,dev_776495,0
txn_000149,user_0089,2024-01-03 03:03:38.040503299,95.36,purchase,mrc_6264,GB,dev_154564,0
txn_000150,user_0062,2024-01-03 03:09:47.095062452,37.55,purchase,mrc_6151,GB,dev_385336,0
txn_000151,user_0030,2024-01-03 03:52:33.117039205,63.14,purchase,mrc_7644,IT,dev_263321,0
txn_000152,user_0008,2024-01-03 04:27:34.134420067,120.12,purchase,mrc_1815,IT,dev_701561,0
txn_000153,user_0171,2024-01-03 04:31:21.372332466,25.88,payment,mrc_7573,GB,dev_735490,0
txn_000154,user_0074,2024-01-03 05:03:58.386522515,26.45,payment,mrc_4049,IT,dev_452352,0
txn_000155,user_0074,2024-01-03 05:04:11.854589759,37.42,purchase,mrc_2724,IT,dev_452352,0
txn_000156,user_0022,2024-01-03 05:43:36.555816776,169.17,purchase,mrc_6712,GB,dev_282464,0
txn_000157,user_0059,2024-01-03 05:45:43.358744116,45.96,purchase,mrc_5870,US,dev_323460,0
txn_000158,user_0161,2024-01-03 06:19:20.501752881,28.95,purchase,mrc_2951,US,dev_689131,0
txn_000159,user_0174,2024-01-03 06:42:21.080562498,66.44,transfer,mrc_8956,US,dev_624267,0
txn_000160,user_0087,2024-01-03 06:44:55.012328760,32.06,payment,mrc_3560,ES,dev_408962,0
txn_000161,user_0187,2024-01-03 06:50:56.022007708,34.62,purchase,mrc_3491,FR,dev_943069,0
txn_000162,user_0056,2024-01-03 07:02:40.708345728,31.43,payment,mrc_6669,PL,dev_136136,0
txn_000163,user_0187,2024-01-03 07:35:10.718770275,26.61,purchase,mrc_1890,FR,dev_943069,0
txn_000164,user_0130,2024-01-03 07:43:10.063391681,62.36,purchase,mrc_4547,GB,dev_425066,0
txn_000165,user_0023,2024-01-03 07:45:37.964771116,85.43,purchase,mrc_9040,CA,dev_236385,0
txn_000166,user_0089,2024-01-03 07:57:59.454618044,106.81,purchase,mrc_3255,GB,dev_154564,0
txn_000167,user_0130,2024-01-03 08:00:09.627256967,96.18,purchase,mrc_6055,GB,dev_425066,0
txn_000168,user_0079,2024-01-03 08:02:44.031597596,42.79,transfer,mrc_3176,FR,dev_392734,0
txn_000169,user_0154,2024-01-03 08:25:58.836779338,63.83,withdrawal,mrc_4260,NL,dev_343626,0
txn_000170,user_0089,2024-01-03 09:03:47.723400427,100.65,purchase,mrc_6713,GB,dev_154564,0
txn_000171,user_0191,2024-01-03 09:23:41.508833217,40.92,purchase,mrc_2787,US,dev_830909,0
txn_000172,user_0179,2024-01-03 10:16:00.605832641,19.43,payment,mrc_9687,ES,dev_449253,0
txn_000173,user_0037,2024-01-03 10:51:10.026976359,18.47,purchase,mrc_1891,US,dev_183988,0
txn_000174,user_0190,2024-01-03 11:12:16.522864558,391.75,purchase,mrc_6391,NL,dev_800230,0
txn_000175,user_0047,2024-01-03 11:15:38.189071643,18.09,payment,mrc_7643,DE,dev_207760,0
txn_000176,user_0146,2024-01-03 11:29:05.156159173,54.73,transfer,mrc_1475,ES,dev_229517,0
txn_000177,user_0054,2024-01-03 12:31:26.845183447,74.94,transfer,mrc_1048,IT,dev_228719,0
txn_000178,user_0007,2024-01-03 13:08:22.027460861,26.31,purchase,mrc_4956,ES,dev_133536,0
txn_000179,user_0192,2024-01-03 13:48:09.979906733,20.65,purchase,mrc_9603,US,dev_664141,0
txn_000180,user_0019,2024-01-03 13:51:32.340315341,62.36,purchase,mrc_4272,DE,dev_356102,0
txn_000181,user_0022,2024-01-03 13:53:03.051353523,140.8,purchase,mrc_5634,GB,dev_282464,0
txn_000182,user_0132,2024-01-03 14:06:08.122096713,57.64,payment,mrc_3938,IT,dev_759758,0
txn_000183,user_0172,2024-01-03 14:17:10.992841434,76.18,withdrawal,mrc_2022,US,dev_663974,0
txn_000184,user_0044,2024-01-03 15:09:21.341238476,22.61,purchase,mrc_9968,BR,dev_176043,0
txn_000185,user_0081,2024-01-03 15:38:05.206533127,22.13,purchase,mrc_1440,PL,dev_707774,0
txn_000186,user_0123,2024-01-03 15:41:35.646445784,59.89,purchase,mrc_9577,FR,dev_491106,0
txn_000187,user_0026,2024-01-03 15:55:55.587184499,32.25,purchase,mrc_2568,FR,dev_276791,0
txn_000188,user_0109,2024-01-03 16:14:38.829267221,29.69,purchase,mrc_7674,CN,dev_681298,0
txn_000189,user_0037,2024-01-03 16:42:56.235791729,34.78,purchase,mrc_1960,US,dev_183988,0
txn_000190,user_0104,2024-01-03 16:43:58.800980439,68.09,withdrawal,mrc_3458,ES,dev_626174,0
txn_000191,user_0176,2024-01-03 16:50:05.843831269,22.38,purchase,mrc_8511,US,dev_354405,0
txn_000192,user_0078,2024-01-03 17:12:38.606875043,56.19,withdrawal,mrc_3679,DE,dev_986119,0
txn_000193,user_0076,2024-01-03 17:34:51.974336683,88.97,purchase,mrc_5635,FR,dev_986288,0
txn_000194,user_0015,2024-01-03 17:45:13.287703884,22.9,purchase,mrc_2261,DE,dev_377800,0
txn_000195,user_0184,2024-01-03 18:06:21.982273683,332.4,purchase,mrc_4664,DE,dev_200963,0
txn_000196,user_0041,2024-01-03 18:20:00.442129758,40.36,purchase,mrc_9643,FR,dev_793260,0
txn_000197,user_0044,2024-01-03 18:51:02.248127193,22.22,purchase,mrc_8042,BR,dev_176043,0
txn_000198,user_0145,2024-01-03 19:15:18.062928948,124.5,purchase,mrc_2997,BR,dev_839106,0
txn_000199,user_0173,2024-01-03 19:38:35.173088532,61.01,transfer,mrc_5607,US,dev_515554,0
txn_000200,user_0196,2024-01-03 19:47:04.016670340,86.02,purchase,mrc_1129,GB,dev_520735,0
txn_000201,user_0180,2024-01-03 19:50:47.948419067,19.75,purchase,mrc_7513,DE,dev_275394,0
txn_000202,user_0051,2024-01-03 19:51:35.567631447,67.98,purchase,mrc_5639,GB,dev_971478,0
txn_000203,user_0027,2024-01-03 20:13:59.868110431,76.85,purchase,mrc_8777,FR,dev_934751,0
txn_000204,user_0160,2024-01-03 20:26:32.001934062,72.18,purchase,mrc_8211,BR,dev_932446,0
txn_000205,user_0075,2024-01-03 21:38:56.737416401,83.86,withdrawal,mrc_3501,GB,dev_228165,0
txn_000206,user_0104,2024-01-03 21:57:01.808909981,83.06,purchase,mrc_3458,ES,dev_626174,0
txn_000207,user_0159,2024-01-03 21:58:09.968643295,27.23,withdrawal,mrc_2289,BR,dev_722789,0
txn_000208,user_0038,2024-01-03 22:04:52.085894888,66.89,purchase,mrc_7650,RU,dev_665036,0
txn_000209,user_0025,2024-01-03 22:09:37.060286140,19.67,payment,mrc_7719,BR,dev_336214,0
txn_000210,user_0073,2024-01-03 22:21:29.756633726,49.1,transfer,mrc_8630,CN,dev_866813,0
txn_000211,user_0077,2024-01-03 22:27:52.277605970,25.27,purchase,mrc_1965,FR,dev_803803,0
txn_000212,user_0109,2024-01-03 22:47:54.084395298,29.58,purchase,mrc_1798,CN,dev_681298,0
txn_000213,user_0011,2024-01-04 00:32:48.563287865,40.22,withdrawal,mrc_7266,FR,dev_250275,0
txn_000214,user_0088,2024-01-04 00:51:21.436468951,42.45,purchase,mrc_3694,IT,dev_918157,0
txn_000215,user_0124,2024-01-04 00:51:26.647027894,97.3,purchase,mrc_6472,GB,dev_327865,0
txn_000216,user_0011,2024-01-04 01:21:34.157391667,47.51,purchase,mrc_7266,FR,dev_250275,0
txn_000217,user_0073,2024-01-04 01:22:25.422243099,65.97,purchase,mrc_8630,CN,dev_866813,0
txn_000218,user_0148,2024-01-04 02:08:40.295967871,25.86,transfer,mrc_3945,US,dev_481048,0
txn_000219,user_0006,2024-01-04 02:28:44.212798571,55.2,purchase,mrc_1066,US,dev_824287,0
txn_000220,user_0112,2024-01-04 02:30:57.422763494,95.02,withdrawal,mrc_5208,IN,dev_647866,0
txn_000221,user_0101,2024-01-04 02:31:41.405658303,85.8,withdrawal,mrc_7318,DE,dev_472623,0
txn_000222,user_0135,2024-01-04 02:44:46.862983375,52.14,purchase,mrc_5899,DE,dev_329595,0
txn_000223,user_0143,2024-01-04 03:38:25.093912117,46.41,withdrawal,mrc_9789,CA,dev_121390,0
txn_000224,user_0149,2024-01-04 04:02:26.213659815,45.93,purchase,mrc_6837,DE,dev_777095,0
txn_000225,user_0178,2024-01-04 04:09:33.113018491,41.07,purchase,mrc_7369,US,dev_706543,0
txn_000226,user_0091,2024-01-04 04:44:24.925114190,55.9,payment,mrc_7652,DE,dev_225701,0
txn_000227,user_0199,2024-01-04 04:54:24.329364670,57.79,purchase,mrc_1977,DE,dev_506218,0
txn_000228,user_0161,2024-01-04 05:03:22.213812376,86.18,withdrawal,mrc_2738,US,dev_689131,0
txn_000229,user_0171,2024-01-04 05:35:35.846964393,13.88,purchase,mrc_1215,GB,dev_735490,0
txn_000230,user_0015,2024-01-04 05:50:17.551430818,22.23,transfer,mrc_6658,DE,dev_377800,0
txn_000231,user_0180,2024-01-04 05:54:15.888090087,15.9,purchase,mrc_1807,DE,dev_275394,0
txn_000232,user_0172,2024-01-04 06:00:00.648588253,82.14,payment,mrc_6230,US,dev_663974,0
txn_000233,user_0059,2024-01-04 06:12:24.470061906,83.04,withdrawal,mrc_6201,US,dev_323460,0
txn_000234,user_0024,2024-01-04 06:18:36.154080783,133.98,purchase,mrc_4419,DE,dev_897665,0
txn_000235,user_0122,2024-01-04 06:21:53.428831442,20.52,purchase,mrc_5828,FR,dev_353998,0
txn_000236,user_0074,2024-01-04 06:23:39.175612610,32.93,purchase,mrc_4049,IT,dev_452352,0
txn_000237,user_0148,2024-01-04 06:43:12.669598693,37.75,purchase,mrc_6287,US,dev_481048,0
txn_000238,user_0176,2024-01-04 06:44:43.852162754,68.34,payment,mrc_9431,US,dev_354405,0
txn_000239,user_0166,2024-01-04 07:27:21.946239081,136.46,purchase,mrc_6548,IN,dev_702052,0
txn_000240,user_0162,2024-01-04 07:28:10.914443311,117.05,payment,mrc_6697,DE,dev_495721,0
txn_000241,user_0049,2024-01-04 07:29:28.376950640,54.06,purchase,mrc_6866,FR,dev_756716,0
txn_000242,user_0077,2024-01-04 07:31:30.424625601,26.18,purchase,mrc_9727,FR,dev_803803,0
txn_000243,user_0104,2024-01-04 07:53:32.882520814,31.35,purchase,mrc_6595,ES,dev_626174,0
txn_000244,user_0080,2024-01-04 07:55:30.812928530,58.93,purchase,mrc_4320,US,dev_149548,0
txn_000245,user_0167,2024-01-04 08:02:48.635771057,54.24,purchase,mrc_6109,FR,dev_606400,0
txn_000246,user_0066,2024-01-04 08:31:05.528854068,23.06,withdrawal,mrc_7015,DE,dev_768422,0
txn_000247,user_0089,2024-01-04 08:48:50.802886232,90.17,purchase,mrc_6713,GB,dev_154564,0
txn_000248,user_0104,2024-01-04 09:34:34.736850268,83.06,purchase,mrc_3458,ES,dev_626174,0
txn_000249,user_0078,2024-01-04 09:45:52.880489634,72.62,transfer,mrc_3679,DE,dev_986119,0
txn_000250,user_0019,2024-01-04 09:49:02.844825503,68.94,purchase,mrc_8435,DE,dev_356102,0
txn_000251,user_0188,2024-01-04 10:01:22.898720984,38.56,purchase,mrc_5220,GB,dev_530151,0
txn_000252,user_0024,2024-01-04 10:30:58.516338087,144.81,purchase,mrc_7628,DE,dev_897665,0
txn_000253,user_0193,2024-01-04 10:32:02.812112028,171.32,purchase,mrc_7760,JP,dev_754885,0
txn_000254,user_0199,2024-01-04 10:44:29.095525064,45.59,withdrawal,mrc_6782,DE,dev_506218,0
txn_000255,user_0051,2024-01-04 10:52:50.490333460,30.9,purchase,mrc_1108,GB,dev_971478,0
txn_000256,user_0052,2024-01-04 10:58:40.076499941,70.22,purchase,mrc_3554,CN,dev_926596,0
txn_000257,user_0020,2024-01-04 11:04:38.809918825,57.59,purchase,mrc_3194,NL,dev_906543,0
txn_000258,user_0143,2024-01-04 11:15:18.683471649,632.77,purchase,mrc_5647,CA,dev_295094,1
txn_000259,user_0000,2024-01-04 11:26:28.666085665,54.25,purchase,mrc_9779,NL,dev_281322,0
txn_000260,user_0164,2024-01-04 11:31:38.976529850,29.71,withdrawal,mrc_5505,US,dev_375115,0
txn_000261,user_0172,2024-01-04 11:35:38.207484782,86.36,withdrawal,mrc_8113,US,dev_663974,0
txn_000262,user_0104,2024-01-04 11:45:37.164619983,89.76,purchase,mrc_3458,ES,dev_626174,0
txn_000263,user_0188,2024-01-04 12:21:34.635690985,44.83,purchase,mrc_6380,GB,dev_530151,0
txn_000264,user_0008,2024-01-04 12:33:17.645674376,74.14,withdrawal,mrc_1815,IT,dev_701561,0
txn_000265,user_0154,2024-01-04 12:37:33.307685461,88.81,transfer,mrc_7961,NL,dev_343626,0
txn_000266,user_0064,2024-01-04 12:39:25.605563411,63.11,withdrawal,mrc_3829,IN,dev_424591,0
txn_000267,user_0035,2024-01-04 12:40:24.683757011,68.6,purchase,mrc_7623,NL,dev_149855,0
txn_000268,user_0035,2024-01-04 12:50:17.119116805,65.88,purchase,mrc_5540,NL,dev_149855,0
txn_000269,user_0146,2024-01-04 13:02:30.325957399,64.4,transfer,mrc_1607,ES,dev_229517,0
txn_000270,user_0076,2024-01-04 13:11:33.975443973,52.87,purchase,mrc_6609,FR,dev_986288,0
txn_000271,user_0195,2024-01-04 13:49:05.907619859,73.79,purchase,mrc_3166,FR,dev_495433,0
txn_000272,user_0188,2024-01-04 13:57:43.352511254,35.0,withdrawal,mrc_6380,GB,dev_530151,0
txn_000273,user_0198,2024-01-04 14:09:36.481348441,64.03,purchase,mrc_9176,IT,dev_496956,0
txn_000274,user_0016,2024-01-04 14:23:12.486490445,54.56,purchase,mrc_7098,GB,dev_694538,0
txn_000275,user_0063,2024-01-04 15:04:03.167229091,30.26,purchase,mrc_6633,GB,dev_321655,0
txn_000276,user_0017,2024-01-04 15:25:06.044976310,20.18,transfer,mrc_4762,DE,dev_628879,0
txn_000277,user_0085,2024-01-04 15:38:31.631338355,45.24,purchase,mrc_4530,CA,dev_870105,0
txn_000278,user_0055,2024-01-04 15:46:48.002926485,28.0,payment,mrc_8540,BR,dev_821332,0
txn_000279,user_0054,2024-01-04 16:01:34.821834715,60.05,payment,mrc_1049,IT,dev_228719,0
txn_000280,user_0116,2024-01-04 16:20:52.849574833,55.91,purchase,mrc_6296,JP,dev_194702,0
txn_000281,user_0029,2024-01-04 16:41:48.795779113,132.34,withdrawal,mrc_6371,GB,dev_964255,0
txn_000282,user_0146,2024-01-04 16:54:38.547693762,45.36,withdrawal,mrc_1475,ES,dev_229517,0
txn_000283,user_0122,2024-01-04 16:55:38.164878345,47.37,purchase,mrc_4539,FR,dev_353998,0
txn_000284,user_0069,2024-01-04 17:02:01.332258441,38.93,withdrawal,mrc_8518,FR,dev_858651,0
txn_000285,user_0148,2024-01-04 17:23:26.124651595,27.69,purchase,mrc_5909,US,dev_481048,0
txn_000286,user_0046,2024-01-04 17:28:49.530550019,20.06,withdrawal,mrc_6395,RU,dev_565935,0
txn_000287,user_0045,2024-01-04 18:22:44.832792245,22.43,withdrawal,mrc_6151,US,dev_568492,0
txn_000288,user_0179,2024-01-04 18:35:54.957127014,15.42,purchase,mrc_9687,ES,dev_449253,0
txn_000289,user_0049,2024-01-04 18:37:09.187239313,32.5,payment,mrc_9878,FR,dev_756716,0
txn_000290,user_0052,2024-01-04 19:07:42.355556159,60.47,payment,mrc_8001,CN,dev_926596,0
txn_000291,user_0049,2024-01-04 19:29:16.877563023,40.57,purchase,mrc_6866,FR,dev_756716,0
txn_000292,user_0114,2024-01-04 19:46:44.767588176,24.21,purchase,mrc_5309,GB,dev_530246,0
txn_000293,user_0090,2024-01-04 20:26:08.642862294,91.96,purchase,mrc_1916,BR,dev_704432,0
txn_000294,user_0052,2024-01-04 20:40:12.596418541,72.77,purchase,mrc_6991,CN,dev_926596,0
txn_000295,user_0150,2024-01-04 20:43:47.693015798,85.86,withdrawal,mrc_4586,US,dev_139544,0
txn_000296,user_0143,2024-01-04 20:55:09.924884556,45.17,payment,mrc_1856,CA,dev_121390,0
txn_000297,user_0161,2024-01-04 21:21:06.912403151,72.93,purchase,mrc_1929,US,dev_689131,0
txn_000298,user_0117,2024-01-04 23:21:00.216858944,173.95,withdrawal,mrc_5688,CN,dev_768665,0
txn_000299,user_0057,2024-01-04 23:29:25.646547134,32.0,withdrawal,mrc_5583,CA,dev_761158,0
txn_000300,user_0017,2024-01-04 23:32:52.934746692,45.27,purchase,mrc_9626,DE,dev_628879,0
txn_000301,user_0134,2024-01-04 23:33:24.437787807,84.7,transfer,mrc_7709,US,dev_224788,0
txn_000302,user_0146,2024-01-04 23:42:20.589835419,55.87,withdrawal,mrc_3040,ES,dev_229517,0
txn_000303,user_0112,2024-01-05 00:11:50.710486533,122.49,payment,mrc_5208,IN,dev_647866,0
txn_000304,user_0072,2024-01-05 00:54:11.306638310,22.76,purchase,mrc_5781,CN,dev_152297,0
txn_000305,user_0051,2024-01-05 00:55:04.302348077,49.54,purchase,mrc_3838,GB,dev_971478,0
txn_000306,user_0010,2024-01-05 01:01:08.397809504,62.57,purchase,mrc_4761,ES,dev_554513,0
txn_000307,user_0138,2024-01-05 01:40:17.659762435,348.61,purchase,mrc_5155,IT,dev_670415,0
txn_000308,user_0067,2024-01-05 01:42:08.090574311,37.71,transfer,mrc_6767,GB,dev_793538,0
txn_000309,user_0125,2024-01-05 01:55:46.682616563,19.21,payment,mrc_1450,FR,dev_268514,0
txn_000310,user_0127,2024-01-05 02:20:22.885457911,38.04,purchase,mrc_2370,US,dev_457768,0
txn_000311,user_0052,2024-01-05 02:43:35.641680169,65.38,transfer,mrc_8531,CN,dev_926596,0
txn_000312,user_0051,2024-01-05 02:58:59.357456085,52.42,purchase,mrc_3717,GB,dev_971478,0
txn_000313,user_0030,2024-01-05 03:16:19.525781563,64.87,purchase,mrc_5205,IT,dev_263321,0
txn_000314,user_0091,2024-01-05 03:17:31.233530445,58.63,purchase,mrc_9637,DE,dev_225701,0
txn_000315,user_0142,2024-01-05 04:07:51.863569217,86.77,payment,mrc_2401,US,dev_811663,0
txn_000316,user_0088,2024-01-05 04:31:14.819140459,33.82,purchase,mrc_3172,IT,dev_918157,0
txn_000317,user_0079,2024-01-05 04:36:17.184253420,33.48,purchase,mrc_5998,FR,dev_392734,0
txn_000318,user_0040,2024-01-05 05:01:49.955731327,86.71,purchase,mrc_7171,DE,dev_763249,0
txn_000319,user_0108,2024-01-05 05:16:33.093585711,67.67,payment,mrc_2605,US,dev_423684,0
txn_000320,user_0133,2024-01-05 05:23:06.020574150,51.87,purchase,mrc_3476,NL,dev_254947,0
txn_000321,user_0038,2024-01-05 05:30:17.595770268,82.76,transfer,mrc_5824,RU,dev_665036,0
txn_000322,user_0034,2024-01-05 05:44:13.310557437,44.56,purchase,mrc_2039,GB,dev_379300,0
txn_000323,user_0043,2024-01-05 05:57:09.645674647,130.47,purchase,mrc_7530,IT,dev_672596,0
txn_000324,user_0101,2024-01-05 06:14:37.015833667,71.86,transfer,mrc_7525,DE,dev_472623,0
txn_000325,user_0002,2024-01-05 06:40:42.705214238,77.06,purchase,mrc_4190,US,dev_840484,0
txn_000326,user_0116,2024-01-05 07:09:49.759402738,41.69,withdrawal,mrc_9576,JP,dev_194702,0
txn_000327,user_0181,2024-01-05 07:29:13.395016162,44.63,purchase,mrc_2417,US,dev_801882,0
txn_000328,user_0114,2024-01-05 07:54:56.430074015,10.5,payment,mrc_9779,GB,dev_530246,0
txn_000329,user_0030,2024-01-05 09:10:45.968364958,45.94,purchase,mrc_1160,IT,dev_263321,0
txn_000330,user_0113,2024-01-05 09:13:00.297383465,64.15,purchase,mrc_9593,GB,dev_454695,0
txn_000331,user_0100,2024-01-05 09:28:12.551375193,204.47,purchase,mrc_5638,GB,dev_643081,0
txn_000332,user_0031,2024-01-05 09:28:27.192292586,137.66,withdrawal,mrc_9398,GB,dev_400819,0
txn_000333,user_0026,2024-01-05 10:08:43.366274803,33.02,purchase,mrc_2294,FR,dev_276791,0
txn_000334,user_0002,2024-01-05 10:38:35.030585277,81.75,purchase,mrc_3490,US,dev_840484,0
txn_000335,user_0179,2024-01-05 10:43:22.135860717,24.82,withdrawal,mrc_9089,ES,dev_449253,0
txn_000336,user_0124,2024-01-05 10:46:26.383695975,106.77,purchase,mrc_5757,GB,dev_327865,0
txn_000337,user_0134,2024-01-05 11:25:48.733489442,91.87,payment,mrc_5878,US,dev_224788,0
txn_000338,user_0059,2024-01-05 11:28:00.007981712,69.64,purchase,mrc_5870,US,dev_323460,0
txn_000339,user_0005,2024-01-05 12:01:29.721310395,41.26,purchase,mrc_4916,BR,dev_528133,0
txn_000340,user_0147,2024-01-05 12:06:34.997578932,17.03,purchase,mrc_8407,IT,dev_100466,0
txn_000341,user_0193,2024-01-05 13:01:56.719297402,233.09,purchase,mrc_7372,JP,dev_754885,0
txn_000342,user_0178,2024-01-05 13:20:44.838094763,45.02,purchase,mrc_9782,US,dev_706543,0
txn_000343,user_0024,2024-01-05 13:21:56.328852595,85.05,payment,mrc_7628,DE,dev_897665,0
txn_000344,user_0144,2024-01-05 13:49:47.154872337,110.23,purchase,mrc_8488,US,dev_431862,0
txn_000345,user_0148,2024-01-05 14:32:30.530930890,29.78,payment,mrc_5909,US,dev_481048,0
txn_000346,user_0100,2024-01-05 14:41:56.084388980,192.02,purchase,mrc_5638,GB,dev_643081,0
txn_000347,user_0121,2024-01-05 15:09:11.018277872,96.73,payment,mrc_3664,GB,dev_581381,0
txn_000348,user_0124,2024-01-05 15:12:01.037818374,120.52,purchase,mrc_5786,GB,dev_327865,0
txn_000349,user_0142,2024-01-05 16:32:05.736342564,60.04,purchase,mrc_5557,US,dev_811663,0
txn_000350,user_0005,2024-01-05 16:32:41.429165852,245.76,payment,mrc_4916,CN,dev_705760,1
txn_000351,user_0062,2024-01-05 17:06:17.092507458,31.27,purchase,mrc_6151,GB,dev_385336,0
txn_000352,user_0122,2024-01-05 17:07:19.474702859,32.46,purchase,mrc_5767,FR,dev_353998,0
txn_000353,user_0170,2024-01-05 17:08:54.703820785,4.16,withdrawal,mrc_6464,ES,dev_674267,0
txn_000354,user_0139,2024-01-05 17:41:14.390591426,55.42,purchase,mrc_1067,CN,dev_613879,0
txn_000355,user_0022,2024-01-05 18:12:58.805356627,181.03,transfer,mrc_6596,GB,dev_282464,0
txn_000356,user_0061,2024-01-05 19:24:43.135968888,95.38,purchase,mrc_6294,IT,dev_350267,0
txn_000357,user_0084,2024-01-05 19:36:13.215146978,21.14,purchase,mrc_5801,PL,dev_897900,0
txn_000358,user_0020,2024-01-05 19:59:05.003760778,47.07,purchase,mrc_3194,NL,dev_906543,0
txn_000359,user_0133,2024-01-05 20:47:06.976658713,28.18,payment,mrc_7892,NL,dev_254947,0
txn_000360,user_0137,2024-01-05 21:24:42.133908595,33.11,purchase,mrc_3098,IN,dev_384439,0
txn_000361,user_0090,2024-01-05 21:31:03.292908373,110.53,purchase,mrc_3874,BR,dev_704432,0
txn_000362,user_0162,2024-01-05 21:53:30.308550693,109.93,withdrawal,mrc_8205,DE,dev_495721,0
txn_000363,user_0100,2024-01-05 22:14:59.239164976,184.92,purchase,mrc_5638,GB,dev_643081,0
txn_000364,user_0182,2024-01-05 22:28:32.388347948,104.05,purchase,mrc_3127,MX,dev_978161,0
txn_000365,user_0137,2024-01-05 22:47:29.792565451,38.8,purchase,mrc_1188,IN,dev_384439,0
txn_000366,user_0131,2024-01-05 23:16:41.569926944,124.13,payment,mrc_4624,DE,dev_270545,0
txn_000367,user_0120,2024-01-05 23:20:20.699120765,69.96,withdrawal,mrc_3207,DE,dev_190355,0
txn_000368,user_0137,2024-01-05 23:30:25.998390458,30.88,payment,mrc_7862,IN,dev_384439,0
txn_000369,user_0083,2024-01-06 00:13:44.487635243,36.46,purchase,mrc_5040,CN,dev_704450,0
txn_000370,user_0136,2024-01-06 01:11:35.500525741,33.78,purchase,mrc_3899,IN,dev_862579,0
txn_000371,user_0097,2024-01-06 01:13:01.564218857,63.93,payment,mrc_9395,JP,dev_180838,0
txn_000372,user_0155,2024-01-06 01:26:41.055342935,89.59,purchase,mrc_1535,FR,dev_681661,0
txn_000373,user_0121,2024-01-06 01:55:29.652032607,123.7,purchase,mrc_2451,GB,dev_581381,0
txn_000374,user_0054,2024-01-06 02:11:23.070853735,57.81,purchase,mrc_1048,IT,dev_228719,0
txn_000375,user_0028,2024-01-06 02:11:46.171388779,16.61,purchase,mrc_3708,IN,dev_743865,0
txn_000376,user_0132,2024-01-06 03:57:04.968962463,47.43,withdrawal,mrc_2780,IT,dev_759758,0
txn_000377,user_0103,2024-01-06 04:10:31.438450133,71.55,payment,mrc_9936,US,dev_931748,0
txn_000378,user_0024,2024-01-06 04:21:28.552616277,124.91,withdrawal,mrc_4419,DE,dev_897665,0
txn_000379,user_0047,2024-01-06 04:32:14.073336073,21.47,purchase,mrc_4002,DE,dev_207760,0
txn_000380,user_0026,2024-01-06 04:59:33.498330149,34.83,payment,mrc_1125,FR,dev_276791,0
txn_000381,user_0161,2024-01-06 05:12:39.091920305,53.85,purchase,mrc_2738,US,dev_689131,0
txn_000382,user_0190,2024-01-06 05:16:01.817572681,318.18,purchase,mrc_7343,NL,dev_800230,0
txn_000383,user_0076,2024-01-06 05:27:58.353652546,91.42,withdrawal,mrc_6609,FR,dev_986288,0
txn_000384,user_0135,2024-01-06 05:50:17.740878996,42.0,payment,mrc_7168,DE,dev_329595,0
txn_000385,user_0045,2024-01-06 06:40:04.072350418,31.33,purchase,mrc_6083,US,dev_568492,0
txn_000386,user_0199,2024-01-06 07:03:00.527662246,42.25,purchase,mrc_6782,DE,dev_506218,0
txn_000387,user_0124,2024-01-06 07:12:38.810307879,91.63,transfer,mrc_5184,GB,dev_327865,0
txn_000388,user_0012,2024-01-06 07:46:39.611752897,81.54,purchase,mrc_9636,IT,dev_646476,0
txn_000389,user_0109,2024-01-06 08:00:55.832710471,27.55,purchase,mrc_5652,CN,dev_681298,0
txn_000390,user_0132,2024-01-06 08:47:16.375026976,56.38,withdrawal,mrc_2780,IT,dev_759758,0
txn_000391,user_0075,2024-01-06 08:54:26.114137763,67.5,purchase,mrc_4739,GB,dev_228165,0
txn_000392,user_0002,2024-01-06 09:36:07.211177745,83.71,payment,mrc_1611,US,dev_840484,0
txn_000393,user_0038,2024-01-06 09:40:45.315862716,121.26,purchase,mrc_2210,RU,dev_665036,0
txn_000394,user_0079,2024-01-06 09:46:12.975215496,36.34,purchase,mrc_1763,FR,dev_392734,0
txn_000395,user_0028,2024-01-06 09:47:50.114886374,22.97,payment,mrc_4577,IN,dev_743865,0
txn_000396,user_0090,2024-01-06 09:53:01.025130105,30.45,purchase,mrc_3874,BR,dev_704432,0
txn_000397,user_0006,2024-01-06 10:36:37.955410397,66.76,withdrawal,mrc_8170,US,dev_824287,0
txn_000398,user_0030,2024-01-06 11:13:45.413090367,42.94,purchase,mrc_4888,IT,dev_263321,0
txn_000399,user_0197,2024-01-06 11:25:04.651399644,126.59,purchase,mrc_9369,RU,dev_494939,0
txn_000400,user_0078,2024-01-06 12:17:19.496821064,58.48,payment,mrc_1368,DE,dev_986119,0
txn_000401,user_0081,2024-01-06 13:31:17.782514284,7.19,payment,mrc_3110,PL,dev_707774,0
txn_000402,user_0008,2024-01-06 13:36:39.794193017,1401.09,payment,mrc_1815,DE,dev_701561,1
txn_000403,user_0135,2024-01-06 13:46:25.409755980,56.48,purchase,mrc_7168,DE,dev_329595,0
txn_000404,user_0151,2024-01-06 13:56:57.012414312,99.14,withdrawal,mrc_8854,MX,dev_688185,0
txn_000405,user_0093,2024-01-06 14:01:52.004451685,27.47,purchase,mrc_2862,NL,dev_145864,0
txn_000406,user_0176,2024-01-06 14:04:24.832792199,26.09,purchase,mrc_9431,US,dev_354405,0
txn_000407,user_0030,2024-01-06 14:14:03.214468114,53.36,purchase,mrc_7644,IT,dev_263321,0
txn_000408,user_0007,2024-01-06 14:18:36.373201312,17.77,payment,mrc_4956,ES,dev_133536,0
txn_000409,user_0167,2024-01-06 14:48:53.370462378,46.6,withdrawal,mrc_6109,FR,dev_606400,0
txn_000410,user_0094,2024-01-06 14:50:44.298771761,99.83,purchase,mrc_1999,CN,dev_246312,0
txn_000411,user_0198,2024-01-06 14:53:51.975082071,53.02,purchase,mrc_8490,IT,dev_496956,0
txn_000412,user_0080,2024-01-06 15:16:06.279933400,38.23,withdrawal,mrc_1438,US,dev_149548,0
txn_000413,user_0138,2024-01-06 15:16:10.298192153,284.63,purchase,mrc_3748,IT,dev_670415,0
txn_000414,user_0121,2024-01-06 15:57:50.942607736,92.91,purchase,mrc_7478,GB,dev_581381,0
txn_000415,user_0144,2024-01-06 16:20:49.037982604,130.3,payment,mrc_8086,US,dev_431862,0
txn_000416,user_0191,2024-01-06 16:30:33.922172911,83.75,purchase,mrc_2180,US,dev_830909,0
txn_000417,user_0003,2024-01-06 17:04:12.198738873,21.27,payment,mrc_7146,FR,dev_973627,0
txn_000418,user_0021,2024-01-06 17:18:32.301299947,177.8,withdrawal,mrc_1336,JP,dev_977638,0
txn_000419,user_0182,2024-01-06 17:39:42.772525593,81.6,withdrawal,mrc_6066,MX,dev_978161,0
txn_000420,user_0057,2024-01-06 18:03:59.523442427,28.39,purchase,mrc_1490,CA,dev_761158,0
txn_000421,user_0056,2024-01-06 18:21:03.853180169,32.58,purchase,mrc_6669,PL,dev_136136,0
txn_000422,user_0171,2024-01-06 18:30:35.521193066,16.56,purchase,mrc_1594,GB,dev_735490,0
txn_000423,user_0146,2024-01-06 18:58:51.016171132,66.92,purchase,mrc_1475,ES,dev_229517,0
txn_000424,user_0122,2024-01-06 18:59:14.320626874,35.92,purchase,mrc_5828,FR,dev_353998,0
txn_000425,user_0049,2024-01-06 19:08:26.545182997,25.68,purchase,mrc_4386,FR,dev_756716,0
txn_000426,user_0172,2024-01-06 19:39:11.648823718,48.45,purchase,mrc_6567,US,dev_663974,0
txn_000427,user_0181,2024-01-06 19:45:01.687086762,40.63,transfer,mrc_8742,US,dev_801882,0
txn_000428,user_0018,2024-01-06 20:27:51.759911142,67.51,purchase,mrc_2449,FR,dev_534072,0
txn_000429,user_0143,2024-01-06 20:29:23.462323775,38.02,withdrawal,mrc_2064,CA,dev_121390,0
txn_000430,user_0007,2024-01-06 20:57:06.924633832,15.28,purchase,mrc_4956,ES,dev_133536,0
txn_000431,user_0019,2024-01-06 21:34:33.208396481,55.67,transfer,mrc_1089,DE,dev_356102,0
txn_000432,user_0052,2024-01-06 21:36:30.759466468,70.24,withdrawal,mrc_8001,CN,dev_926596,0
txn_000433,user_0017,2024-01-06 23:17:37.988614529,38.09,purchase,mrc_9626,DE,dev_628879,0
txn_000434,user_0022,2024-01-06 23:54:06.497712733,233.62,payment,mrc_9423,GB,dev_282464,0
txn_000435,user_0175,2024-01-06 23:58:05.322952534,56.57,purchase,mrc_9125,CA,dev_530674,0
txn_000436,user_0158,2024-01-07 00:11:31.660410153,96.44,purchase,mrc_7777,IN,dev_338326,0
txn_000437,user_0167,2024-01-07 00:25:49.158181659,56.03,purchase,mrc_6109,FR,dev_606400,0
txn_000438,user_0052,2024-01-07 00:28:27.183708730,71.85,purchase,mrc_8001,CN,dev_926596,0
txn_000439,user_0068,2024-01-07 00:39:22.897255878,94.73,purchase,mrc_6003,US,dev_109654,0
txn_000440,user_0182,2024-01-07 00:44:08.226722842,69.6,transfer,mrc_3127,MX,dev_978161,0
txn_000441,user_0172,2024-01-07 00:53:22.650646096,80.99,purchase,mrc_8113,US,dev_663974,0
txn_000442,user_0159,2024-01-07 00:59:30.634722772,19.68,purchase,mrc_1397,BR,dev_722789,0
txn_000443,user_0024,2024-01-07 01:10:06.182524427,126.03,transfer,mrc_4419,DE,dev_897665,0
txn_000444,user_0146,2024-01-07 01:11:59.391389505,49.99,purchase,mrc_5589,ES,dev_341072,1
txn_000445,user_0102,2024-01-07 01:19:03.520913720,137.71,payment,mrc_7031,JP,dev_233145,0
txn_000446,user_0031,2024-01-07 01:22:11.017161420,114.99,purchase,mrc_7779,GB,dev_400819,0
txn_000447,user_0146,2024-01-07 01:31:03.704807964,55.02,purchase,mrc_1475,ES,dev_341072,1
txn_000448,user_0146,2024-01-07 01:33:41.367682501,47.63,purchase,mrc_3040,ES,dev_341072,1
txn_000449,user_0146,2024-01-07 01:41:05.850209248,55.26,purchase,mrc_1475,ES,dev_341072,1
txn_000450,user_0146,2024-01-07 01:47:10.415922452,56.9,purchase,mrc_1607,ES,dev_341072,1
txn_000451,user_0146,2024-01-07 01:54:04.232661832,58.99,withdrawal,mrc_3040,ES,dev_341072,1
txn_000452,user_0146,2024-01-07 02:03:24.389032195,69.26,withdrawal,mrc_1475,ES,dev_341072,1
txn_000453,user_0022,2024-01-07 02:03:59.303629318,145.29,withdrawal,mrc_3303,GB,dev_282464,0
txn_000454,user_0116,2024-01-07 02:04:31.549168002,26.6,purchase,mrc_2240,JP,dev_194702,0
txn_000455,user_0146,2024-01-07 02:08:07.665888760,53.96,purchase,mrc_3040,ES,dev_341072,1
txn_000456,user_0146,2024-01-07 02:17:19.910643516,62.64,withdrawal,mrc_1607,ES,dev_341072,1
txn_000457,user_0146,2024-01-07 02:26:27.895164336,51.76,withdrawal,mrc_1607,ES,dev_341072,1
txn_000458,user_0135,2024-01-07 02:30:57.656297971,49.84,transfer,mrc_5852,DE,dev_329595,0
txn_000459,user_0035,2024-01-07 02:32:47.692388113,64.46,purchase,mrc_7623,NL,dev_149855,0
txn_000460,user_0116,2024-01-07 02:35:24.904708958,53.89,transfer,mrc_6296,JP,dev_194702,0
txn_000461,user_0179,2024-01-07 02:49:34.812277902,20.13,purchase,mrc_9687,ES,dev_449253,0
txn_000462,user_0156,2024-01-07 02:57:42.030641101,27.29,transfer,mrc_5692,US,dev_275937,0
txn_000463,user_0189,2024-01-07 03:22:46.059802785,31.58,payment,mrc_7727,BR,dev_747681,0
txn_000464,user_0046,2024-01-07 04:13:56.019893720,18.51,purchase,mrc_2252,RU,dev_565935,0
txn_000465,user_0107,2024-01-07 04:33:27.322359123,53.68,purchase,mrc_5681,RU,dev_985074,0
txn_000466,user_0023,2024-01-07 05:03:17.230919343,82.98,purchase,mrc_7736,CA,dev_236385,0
txn_000467,user_0133,2024-01-07 05:38:21.398680164,513.08,purchase,mrc_8839,NL,dev_254947,1
txn_000468,user_0117,2024-01-07 05:55:38.252814962,146.14,withdrawal,mrc_2487,CN,dev_768665,0
txn_000469,user_0052,2024-01-07 05:57:57.377821379,62.15,purchase,mrc_8001,CN,dev_926596,0
txn_000470,user_0195,2024-01-07 05:58:17.767668087,65.59,withdrawal,mrc_4246,FR,dev_495433,0
txn_000471,user_0183,2024-01-07 06:38:11.371286465,40.76,purchase,mrc_8204,ES,dev_427912,0
txn_000472,user_0143,2024-01-07 06:50:34.508391203,67.1,purchase,mrc_7549,CA,dev_121390,0
txn_000473,user_0123,2024-01-07 06:54:33.867833348,75.89,purchase,mrc_2479,FR,dev_491106,0
txn_000474,user_0148,2024-01-07 07:08:31.932483203,30.19,purchase,mrc_7639,US,dev_481048,0
txn_000475,user_0124,2024-01-07 08:02:53.069558214,109.64,purchase,mrc_5786,GB,dev_327865,0
txn_000476,user_0108,2024-01-07 08:06:45.668621112,63.64,transfer,mrc_9278,US,dev_423684,0
txn_000477,user_0087,2024-01-07 08:10:08.419155724,76.74,purchase,mrc_6043,ES,dev_408962,0
txn_000478,user_0011,2024-01-07 08:16:48.712600488,32.4,purchase,mrc_2451,FR,dev_250275,0
txn_000479,user_0049,2024-01-07 08:57:11.252383440,42.17,withdrawal,mrc_6866,FR,dev_756716,0
txn_000480,user_0077,2024-01-07 09:20:43.629047912,24.45,purchase,mrc_9652,FR,dev_803803,0
txn_000481,user_0121,2024-01-07 09:47:30.282035246,77.68,purchase,mrc_3235,GB,dev_581381,0
txn_000482,user_0079,2024-01-07 10:10:53.849559098,47.97,purchase,mrc_1763,FR,dev_392734,0
txn_000483,user_0010,2024-01-07 10:29:36.106203000,75.79,purchase,mrc_6978,ES,dev_554513,0
txn_000484,user_0039,2024-01-07 10:36:24.564774972,91.76,purchase,mrc_3247,DE,dev_717548,0
txn_000485,user_0139,2024-01-07 10:47:03.931253235,40.82,purchase,mrc_1067,CN,dev_613879,0
txn_000486,user_0105,2024-01-07 11:03:14.213566314,32.58,purchase,mrc_6360,NL,dev_979037,0
txn_000487,user_0046,2024-01-07 11:04:20.409981745,22.13,purchase,mrc_2252,RU,dev_565935,0
txn_000488,user_0109,2024-01-07 11:09:34.705929741,20.09,purchase,mrc_7674,CN,dev_681298,0
txn_000489,user_0155,2024-01-07 11:26:47.378973311,90.9,payment,mrc_6271,FR,dev_681661,0
txn_000490,user_0100,2024-01-07 11:30:36.306340732,193.2,purchase,mrc_3667,GB,dev_643081,0
txn_000491,user_0085,2024-01-07 11:59:04.743249230,38.37,transfer,mrc_9236,CA,dev_870105,0
txn_000492,user_0162,2024-01-07 13:01:45.926713476,134.97,withdrawal,mrc_4411,DE,dev_495721,0
txn_000493,user_0042,2024-01-07 13:02:17.524804923,66.63,purchase,mrc_1316,IT,dev_165220,0
txn_000494,user_0061,2024-01-07 13:05:22.371704091,151.65,purchase,mrc_4678,IT,dev_350267,0
txn_000495,user_0095,2024-01-07 13:14:25.569861870,22.72,payment,mrc_3342,CN,dev_540551,0
txn_000496,user_0131,2024-01-07 13:16:48.658980110,132.8,purchase,mrc_4080,DE,dev_270545,0
txn_000497,user_0021,2024-01-07 13:39:42.296433026,175.7,purchase,mrc_1336,JP,dev_977638,0
txn_000498,user_0184,2024-01-07 13:42:31.543819684,362.35,purchase,mrc_4664,DE,dev_200963,0
txn_000499,user_0084,2024-01-07 13:42:56.196598263,24.3,purchase,mrc_6743,PL,dev_897900,0
txn_000500,user_0037,2024-01-07 13:52:29.632464165,36.56,purchase,mrc_1891,US,dev_183988,0
txn_000501,user_0172,2024-01-07 15:06:00.606564735,52.0,purchase,mrc_2022,US,dev_663974,0
txn_000502,user_0186,2024-01-07 15:21:53.440913350,41.05,purchase,mrc_7435,PL,dev_912390,0
txn_000503,user_0049,2024-01-07 15:24:02.275055683,47.49,purchase,mrc_9878,FR,dev_756716,0
txn_000504,user_0059,2024-01-07 15:27:56.887173634,76.91,purchase,mrc_6842,US,dev_323460,0
txn_000505,user_0011,2024-01-07 15:34:54.870118082,35.53,purchase,mrc_2451,FR,dev_250275,0
txn_000506,user_0076,2024-01-07 15:42:29.068169024,75.42,purchase,mrc_6609,FR,dev_986288,0
txn_000507,user_0181,2024-01-07 15:49:39.240178172,29.91,payment,mrc_2417,US,dev_801882,0
txn_000508,user_0185,2024-01-07 16:19:07.101521871,95.86,purchase,mrc_6878,ES,dev_494056,0
txn_000509,user_0162,2024-01-07 16:30:19.067499588,110.55,payment,mrc_8217,DE,dev_495721,0
txn_000510,user_0182,2024-01-07 16:51:31.056754421,61.86,purchase,mrc_3127,MX,dev_978161,0
txn_000511,user_0198,2024-01-07 17:26:20.373866054,56.67,transfer,mrc_9176,IT,dev_496956,0
txn_000512,user_0022,2024-01-07 17:27:26.479440863,211.09,transfer,mrc_3303,GB,dev_282464,0
txn_000513,user_0196,2024-01-07 18:26:20.851118209,94.94,withdrawal,mrc_1129,GB,dev_520735,0
txn_000514,user_0089,2024-01-07 18:32:57.971687124,114.49,purchase,mrc_6713,GB,dev_154564,0
txn_000515,user_0146,2024-01-07 18:48:19.601877249,52.85,purchase,mrc_5589,ES,dev_229517,0
txn_000516,user_0162,2024-01-07 19:40:03.512560688,156.67,purchase,mrc_6697,DE,dev_495721,0
txn_000517,user_0061,2024-01-07 20:48:42.782128708,88.48,purchase,mrc_9541,IT,dev_350267,0
txn_000518,user_0022,2024-01-07 21:21:42.952255223,328.89,purchase,mrc_3617,GB,dev_282464,0
txn_000519,user_0088,2024-01-07 21:39:41.954837657,37.28,purchase,mrc_3172,IT,dev_918157,0
txn_000520,user_0042,2024-01-07 21:59:23.660304981,90.22,purchase,mrc_7613,IT,dev_165220,0
txn_000521,user_0184,2024-01-07 22:02:49.500694105,248.26,purchase,mrc_3033,DE,dev_200963,0
txn_000522,user_0072,2024-01-07 22:17:58.768861367,21.84,purchase,mrc_7201,CN,dev_152297,0
txn_000523,user_0146,2024-01-07 22:43:56.828606452,68.38,purchase,mrc_5589,ES,dev_229517,0
txn_000524,user_0023,2024-01-07 23:10:58.812161669,71.24,withdrawal,mrc_8609,CA,dev_236385,0
txn_000525,user_0077,2024-01-07 23:30:39.687875519,28.39,transfer,mrc_9727,FR,dev_803803,0
txn_000526,user_0132,2024-01-07 23:45:32.529979290,56.13,purchase,mrc_8244,IT,dev_759758,0
txn_000527,user_0054,2024-01-07 23:54:35.372227189,79.24,purchase,mrc_1048,IT,dev_228719,0
txn_000528,user_0057,2024-01-07 23:58:12.422033860,21.25,purchase,mrc_1631,CA,dev_761158,0
txn_000529,user_0193,2024-01-08 00:03:04.757874351,152.78,purchase,mrc_8087,JP,dev_754885,0
txn_000530,user_0091,2024-01-08 00:44:49.750374558,54.24,purchase,mrc_9441,DE,dev_225701,0
txn_000531,user_0093,2024-01-08 01:04:49.148472413,29.1,purchase,mrc_9793,NL,dev_145864,0
txn_000532,user_0001,2024-01-08 01:41:42.782295828,46.0,payment,mrc_6794,DE,dev_785024,0
txn_000533,user_0078,2024-01-08 01:44:26.440404080,38.13,purchase,mrc_2114,DE,dev_986119,0
txn_000534,user_0164,2024-01-08 01:51:52.241921962,34.38,purchase,mrc_9715,US,dev_375115,0
txn_000535,user_0140,2024-01-08 01:52:10.533594649,70.5,purchase,mrc_4510,RU,dev_644420,0
txn_000536,user_0148,2024-01-08 01:58:02.761594573,39.98,purchase,mrc_5909,US,dev_481048,0
txn_000537,user_0168,2024-01-08 02:13:23.800800966,11.56,withdrawal,mrc_7047,ES,dev_807983,0
txn_000538,user_0172,2024-01-08 02:21:02.680040007,64.08,transfer,mrc_6230,US,dev_663974,0
txn_000539,user_0144,2024-01-08 02:37:12.238730817,5399.81,purchase,mrc_8488,US,dev_431862,1
txn_000540,user_0194,2024-01-08 02:45:23.483158140,83.81,purchase,mrc_2341,US,dev_530563,0
txn_000541,user_0185,2024-01-08 02:48:49.251656130,112.36,transfer,mrc_2670,ES,dev_494056,0
txn_000542,user_0141,2024-01-08 03:30:01.066413952,26.04,withdrawal,mrc_6296,IT,dev_998747,0
txn_000543,user_0133,2024-01-08 04:45:10.984622817,28.71,payment,mrc_8839,NL,dev_254947,0
txn_000544,user_0002,2024-01-08 04:57:33.506445576,79.46,purchase,mrc_8447,US,dev_840484,0
txn_000545,user_0132,2024-01-08 04:58:51.735091658,52.51,purchase,mrc_8985,FR,dev_533032,1
txn_000546,user_0132,2024-01-08 05:03:36.713996638,59.12,purchase,mrc_8244,FR,dev_533032,1
txn_000547,user_0132,2024-01-08 05:18:28.058324017,51.16,purchase,mrc_3744,FR,dev_533032,1
txn_000548,user_0124,2024-01-08 05:25:25.772257820,115.84,purchase,mrc_5184,GB,dev_327865,0
txn_000549,user_0132,2024-01-08 05:27:39.735044196,62.43,payment,mrc_2780,FR,dev_533032,1
txn_000550,user_0055,2024-01-08 05:29:37.672657186,27.07,payment,mrc_8377,BR,dev_821332,0
txn_000551,user_0132,2024-01-08 05:37:31.471209674,47.36,purchase,mrc_1177,FR,dev_533032,1
txn_000552,user_0132,2024-01-08 05:50:10.615396724,48.18,purchase,mrc_1177,FR,dev_533032,1
txn_000553,user_0184,2024-01-08 05:52:08.276085474,145.87,purchase,mrc_5246,DE,dev_200963,0
txn_000554,user_0132,2024-01-08 05:54:44.533852641,50.77,purchase,mrc_2780,FR,dev_533032,1
txn_000555,user_0104,2024-01-08 06:00:06.701110371,30.32,purchase,mrc_2640,ES,dev_626174,0
txn_000556,user_0064,2024-01-08 08:14:56.382308512,94.44,withdrawal,mrc_3418,IN,dev_424591,0
txn_000557,user_0159,2024-01-08 08:23:42.001154001,18.43,purchase,mrc_4610,BR,dev_722789,0
txn_000558,user_0170,2024-01-08 08:54:48.748724070,13.77,purchase,mrc_4824,ES,dev_674267,0
txn_000559,user_0064,2024-01-08 09:21:04.477165059,63.93,purchase,mrc_3829,IN,dev_424591,0
txn_000560,user_0118,2024-01-08 10:16:08.333014987,36.52,payment,mrc_4643,PL,dev_765830,0
txn_000561,user_0012,2024-01-08 11:09:03.455158299,86.21,purchase,mrc_9636,IT,dev_646476,0
txn_000562,user_0039,2024-01-08 11:12:22.829837857,69.58,transfer,mrc_5300,DE,dev_717548,0
txn_000563,user_0178,2024-01-08 11:23:51.350823862,39.45,withdrawal,mrc_5866,US,dev_706543,0
txn_000564,user_0149,2024-01-08 11:49:06.787967769,79.05,purchase,mrc_7762,DE,dev_777095,0
txn_000565,user_0152,2024-01-08 11:58:10.225827567,18.02,purchase,mrc_5176,BR,dev_360174,0
txn_000566,user_0045,2024-01-08 12:56:26.742645583,27.5,purchase,mrc_2541,US,dev_568492,0
txn_000567,user_0089,2024-01-08 13:14:39.703052026,109.66,payment,mrc_3255,GB,dev_154564,0
txn_000568,user_0183,2024-01-08 13:20:36.694379599,43.42,withdrawal,mrc_5834,ES,dev_427912,0
txn_000569,user_0172,2024-01-08 13:22:58.651293049,908.92,withdrawal,mrc_4390,US,dev_663974,1
txn_000570,user_0132,2024-01-08 13:45:52.597025661,54.74,purchase,mrc_3938,IT,dev_759758,0
txn_000571,user_0039,2024-01-08 13:47:15.607159606,73.05,purchase,mrc_1550,DE,dev_717548,0
txn_000572,user_0148,2024-01-08 14:13:22.818315127,23.97,purchase,mrc_3316,US,dev_481048,0
txn_000573,user_0008,2024-01-08 14:15:06.698370610,105.19,purchase,mrc_1815,IT,dev_701561,0
txn_000574,user_0148,2024-01-08 14:17:19.518299482,42.72,purchase,mrc_7639,US,dev_481048,0
txn_000575,user_0098,2024-01-08 14:23:32.458674839,15.1,purchase,mrc_7186,ES,dev_128155,0
txn_000576,user_0143,2024-01-08 14:42:29.372182102,59.0,transfer,mrc_5647,CA,dev_121390,0
txn_000577,user_0187,2024-01-08 14:54:35.631879881,19.1,purchase,mrc_1890,FR,dev_943069,0
txn_000578,user_0103,2024-01-08 15:01:59.216960115,54.8,purchase,mrc_5979,US,dev_931748,0
txn_000579,user_0195,2024-01-08 15:08:43.532148699,928.39,purchase,mrc_4246,PL,dev_967507,1
txn_000580,user_0004,2024-01-08 15:12:19.386447236,284.2,purchase,mrc_7177,DE,dev_168708,0
txn_000581,user_0165,2024-01-08 15:12:28.804838656,71.73,transfer,mrc_9346,GB,dev_450186,0
txn_000582,user_0079,2024-01-08 15:15:03.493188022,35.1,purchase,mrc_1666,FR,dev_392734,0
txn_000583,user_0172,2024-01-08 16:04:43.324267712,87.94,purchase,mrc_2022,US,dev_663974,0
txn_000584,user_0050,2024-01-08 16:33:13.211027363,98.32,withdrawal,mrc_6293,CN,dev_890140,0
txn_000585,user_0017,2024-01-08 16:34:55.867379656,26.27,payment,mrc_2363,DE,dev_628879,0
txn_000586,user_0131,2024-01-08 16:35:40.587529111,76.47,purchase,mrc_5178,DE,dev_270545,0
txn_000587,user_0139,2024-01-08 16:39:56.247530753,51.4,purchase,mrc_1352,CN,dev_613879,0
txn_000588,user_0049,2024-01-08 16:44:22.743970938,29.73,transfer,mrc_4386,FR,dev_756716,0
txn_000589,user_0089,2024-01-08 17:13:26.510644765,110.91,withdrawal,mrc_6713,GB,dev_154564,0
txn_000590,user_0019,2024-01-08 17:35:00.465811743,68.35,withdrawal,mrc_4272,DE,dev_356102,0
txn_000591,user_0076,2024-01-08 18:08:34.663521748,43.48,payment,mrc_6609,FR,dev_986288,0
txn_000592,user_0074,2024-01-08 19:19:10.743396138,28.19,withdrawal,mrc_3847,IT,dev_452352,0
txn_000593,user_0071,2024-01-08 19:52:23.803940267,19.47,purchase,mrc_6523,CN,dev_627800,0
txn_000594,user_0160,2024-01-08 20:08:07.591881441,114.62,transfer,mrc_8211,BR,dev_932446,0
txn_000595,user_0139,2024-01-08 20:20:37.789005437,56.09,withdrawal,mrc_4024,CN,dev_613879,0
txn_000596,user_0184,2024-01-08 20:27:53.601746562,207.36,purchase,mrc_5246,DE,dev_200963,0
txn_000597,user_0006,2024-01-08 20:31:36.082167451,49.11,purchase,mrc_8243,US,dev_824287,0
txn_000598,user_0145,2024-01-08 20:58:55.162723971,98.17,payment,mrc_9036,BR,dev_839106,0
txn_000599,user_0089,2024-01-08 21:00:27.468612539,87.52,transfer,mrc_8126,GB,dev_154564,0
txn_000600,user_0169,2024-01-08 21:41:35.408738041,40.9,purchase,mrc_8699,MX,dev_169030,0
txn_000601,user_0074,2024-01-08 22:17:09.152236058,30.78,payment,mrc_4049,IT,dev_452352,0
txn_000602,user_0124,2024-01-08 22:22:53.202960664,109.55,purchase,mrc_6472,GB,dev_327865,0
txn_000603,user_0185,2024-01-08 22:39:08.229691679,139.64,transfer,mrc_3886,ES,dev_494056,0
txn_000604,user_0002,2024-01-08 22:51:38.147652128,86.34,withdrawal,mrc_7304,US,dev_840484,0
txn_000605,user_0022,2024-01-08 22:52:00.093200369,274.19,withdrawal,mrc_6596,GB,dev_282464,0
txn_000606,user_0166,2024-01-09 00:07:29.646667234,103.37,purchase,mrc_9420,IN,dev_702052,0
txn_000607,user_0054,2024-01-09 00:29:59.834092186,55.84,transfer,mrc_1464,IT,dev_228719,0
txn_000608,user_0174,2024-01-09 00:54:49.129063193,62.87,purchase,mrc_8841,US,dev_624267,0
txn_000609,user_0024,2024-01-09 00:55:37.904483175,77.25,purchase,mrc_7720,DE,dev_897665,0
txn_000610,user_0056,2024-01-09 01:12:11.086710753,28.97,purchase,mrc_2396,PL,dev_136136,0
txn_000611,user_0075,2024-01-09 01:15:21.968840608,41.58,payment,mrc_4739,GB,dev_228165,0
txn_000612,user_0106,2024-01-09 01:25:59.181525147,34.99,withdrawal,mrc_5793,DE,dev_776495,0
txn_000613,user_0110,2024-01-09 01:27:30.671788760,80.84,payment,mrc_1898,JP,dev_758021,0
txn_000614,user_0198,2024-01-09 01:40:17.908599702,75.57,purchase,mrc_7841,IT,dev_496956,0
txn_000615,user_0148,2024-01-09 01:45:52.388405650,31.67,purchase,mrc_7639,US,dev_481048,0
txn_000616,user_0139,2024-01-09 02:10:17.442528447,40.91,purchase,mrc_4024,CN,dev_613879,0
txn_000617,user_0095,2024-01-09 02:13:17.538477934,19.17,transfer,mrc_3060,CN,dev_540551,0
txn_000618,user_0080,2024-01-09 02:52:08.131317517,21.22,purchase,mrc_9383,US,dev_149548,0
txn_000619,user_0152,2024-01-09 02:59:07.227831403,18.83,transfer,mrc_7394,BR,dev_360174,0
txn_000620,user_0199,2024-01-09 03:42:50.420487076,46.02,withdrawal,mrc_6782,DE,dev_506218,0
txn_000621,user_0071,2024-01-09 03:47:45.318072967,23.53,transfer,mrc_4660,CN,dev_627800,0
txn_000622,user_0087,2024-01-09 04:06:36.713016208,67.67,purchase,mrc_4120,ES,dev_408962,0
txn_000623,user_0198,2024-01-09 04:26:35.319483389,41.31,withdrawal,mrc_7841,IT,dev_496956,0
txn_000624,user_0061,2024-01-09 04:30:17.091028590,85.94,purchase,mrc_4705,IT,dev_350267,0
txn_000625,user_0041,2024-01-09 05:02:15.968276463,59.33,purchase,mrc_5144,FR,dev_793260,0
txn_000626,user_0122,2024-01-09 05:32:12.491179146,34.2,purchase,mrc_5063,FR,dev_353998,0
txn_000627,user_0090,2024-01-09 05:51:03.193250393,74.8,purchase,mrc_6058,BR,dev_704432,0
txn_000628,user_0078,2024-01-09 05:58:31.287112467,53.18,withdrawal,mrc_2114,DE,dev_311864,1
txn_000629,user_0177,2024-01-09 06:02:54.280097581,60.26,purchase,mrc_5004,DE,dev_240181,0
txn_000630,user_0029,2024-01-09 06:04:52.105404807,95.62,withdrawal,mrc_5491,GB,dev_964255,0
txn_000631,user_0165,2024-01-09 06:14:03.363227275,97.34,transfer,mrc_2633,GB,dev_450186,0
txn_000632,user_0078,2024-01-09 06:15:12.220540325,95.22,purchase,mrc_2114,DE,dev_311864,1
txn_000633,user_0078,2024-01-09 06:16:27.216952298,95.4,withdrawal,mrc_3679,DE,dev_311864,1
txn_000634,user_0078,2024-01-09 06:46:21.735636711,67.39,transfer,mrc_3679,DE,dev_311864,1
txn_000635,user_0077,2024-01-09 06:48:32.002886674,27.02,purchase,mrc_9727,FR,dev_803803,0
txn_000636,user_0078,2024-01-09 06:51:22.025115000,67.02,withdrawal,mrc_3679,DE,dev_311864,1
txn_000637,user_0078,2024-01-09 06:53:24.460603213,55.78,withdrawal,mrc_2114,DE,dev_311864,1
txn_000638,user_0078,2024-01-09 06:54:26.687647686,61.98,withdrawal,mrc_3679,DE,dev_311864,1
txn_000639,user_0180,2024-01-09 06:54:48.381877330,21.8,withdrawal,mrc_1696,DE,dev_275394,0
txn_000640,user_0147,2024-01-09 07:00:14.222798334,37.3,purchase,mrc_2511,IT,dev_100466,0
txn_000641,user_0078,2024-01-09 07:08:09.227570461,97.28,payment,mrc_3679,DE,dev_311864,1
txn_000642,user_0078,2024-01-09 07:09:15.872519817,94.49,transfer,mrc_3679,DE,dev_311864,1
txn_000643,user_0091,2024-01-09 07:11:18.556711198,43.27,purchase,mrc_9441,DE,dev_225701,0
txn_000644,user_0054,2024-01-09 07:15:13.671960440,73.22,payment,mrc_1049,IT,dev_228719,0
txn_000645,user_0059,2024-01-09 07:18:00.110099990,120.48,purchase,mrc_3317,US,dev_323460,1
txn_000646,user_0046,2024-01-09 07:44:20.214775267,19.16,purchase,mrc_3121,RU,dev_565935,0
txn_000647,user_0030,2024-01-09 07:56:45.588916301,42.66,purchase,mrc_8238,IT,dev_263321,0
txn_000648,user_0145,2024-01-09 08:02:30.624407302,156.96,payment,mrc_5420,BR,dev_839106,0
txn_000649,user_0014,2024-01-09 08:52:42.027835992,47.17,purchase,mrc_2590,FR,dev_504424,0
txn_000650,user_0000,2024-01-09 09:40:47.217910319,69.88,purchase,mrc_7621,NL,dev_281322,0
txn_000651,user_0132,2024-01-09 09:52:16.274911205,52.11,purchase,mrc_8985,IT,dev_759758,0
txn_000652,user_0069,2024-01-09 10:07:11.431551835,20.66,purchase,mrc_1720,FR,dev_858651,0
txn_000653,user_0026,2024-01-09 10:14:53.621088693,29.53,purchase,mrc_9408,FR,dev_276791,0
txn_000654,user_0138,2024-01-09 11:05:50.554835868,205.1,purchase,mrc_3320,IT,dev_670415,0
txn_000655,user_0191,2024-01-09 11:09:06.328410414,73.07,purchase,mrc_4146,US,dev_830909,0
txn_000656,user_0182,2024-01-09 11:16:45.071324076,94.88,purchase,mrc_3127,MX,dev_978161,0
txn_000657,user_0091,2024-01-09 11:32:40.130497941,590.71,withdrawal,mrc_9441,JP,dev_225701,1
txn_000658,user_0049,2024-01-09 11:36:23.531155139,25.21,purchase,mrc_6866,FR,dev_756716,0
txn_000659,user_0038,2024-01-09 11:39:39.797126072,88.31,transfer,mrc_6545,RU,dev_665036,0
txn_000660,user_0160,2024-01-09 11:56:27.824023477,86.09,payment,mrc_3933,BR,dev_932446,0
txn_000661,user_0131,2024-01-09 12:33:23.252997846,98.07,purchase,mrc_4080,DE,dev_270545,0
txn_000662,user_0011,2024-01-09 13:55:50.368475980,38.7,purchase,mrc_9104,FR,dev_250275,0
txn_000663,user_0020,2024-01-09 14:21:01.182684913,52.75,purchase,mrc_6934,NL,dev_906543,0
txn_000664,user_0114,2024-01-09 14:54:15.710648198,18.12,purchase,mrc_5697,GB,dev_530246,0
txn_000665,user_0187,2024-01-09 15:12:38.182654832,34.09,purchase,mrc_1890,FR,dev_943069,0
txn_000666,user_0062,2024-01-09 16:12:10.532817240,48.39,purchase,mrc_6091,GB,dev_385336,0
txn_000667,user_0191,2024-01-09 17:07:21.235410773,50.81,purchase,mrc_4365,US,dev_830909,0
txn_000668,user_0182,2024-01-09 17:10:39.191526288,82.14,withdrawal,mrc_6066,MX,dev_978161,0
txn_000669,user_0047,2024-01-09 17:11:32.470825528,15.18,withdrawal,mrc_2874,DE,dev_207760,0
txn_000670,user_0126,2024-01-09 17:48:16.353038329,30.49,withdrawal,mrc_4941,RU,dev_408162,0
txn_000671,user_0094,2024-01-09 17:58:51.779016612,97.56,purchase,mrc_5572,CN,dev_246312,0
txn_000672,user_0058,2024-01-09 18:08:50.600276336,50.91,purchase,mrc_5126,US,dev_793227,0
txn_000673,user_0102,2024-01-09 18:17:07.942340837,157.38,purchase,mrc_7986,JP,dev_233145,0
txn_000674,user_0095,2024-01-09 18:26:05.944294909,17.39,transfer,mrc_3902,CN,dev_540551,0
txn_000675,user_0161,2024-01-09 18:30:50.926721424,67.11,withdrawal,mrc_2738,US,dev_689131,0
txn_000676,user_0198,2024-01-09 18:36:13.046305787,36.68,purchase,mrc_8490,IT,dev_496956,0
txn_000677,user_0047,2024-01-09 18:48:04.872946098,22.46,payment,mrc_7643,DE,dev_207760,0
txn_000678,user_0109,2024-01-09 18:54:37.003110706,22.76,purchase,mrc_4716,CN,dev_681298,0
txn_000679,user_0109,2024-01-09 19:13:49.919020823,29.86,withdrawal,mrc_4716,CN,dev_681298,0
txn_000680,user_0185,2024-01-09 19:21:25.511269060,118.83,purchase,mrc_6878,ES,dev_494056,0
txn_000681,user_0168,2024-01-09 19:48:55.560038941,24.91,withdrawal,mrc_2445,ES,dev_807983,0
txn_000682,user_0191,2024-01-09 19:56:55.614003778,81.87,purchase,mrc_2180,US,dev_830909,0
txn_000683,user_0148,2024-01-09 19:59:59.982912509,22.33,transfer,mrc_3316,US,dev_481048,0
txn_000684,user_0090,2024-01-09 20:12:11.173664282,71.11,purchase,mrc_2540,BR,dev_704432,0
txn_000685,user_0141,2024-01-09 20:31:24.906004170,31.16,purchase,mrc_1626,IT,dev_998747,0
txn_000686,user_0139,2024-01-09 21:16:32.289964104,43.93,withdrawal,mrc_1352,CN,dev_613879,0
txn_000687,user_0187,2024-01-09 21:52:09.778685787,34.37,purchase,mrc_5376,FR,dev_943069,0
txn_000688,user_0040,2024-01-09 22:00:45.231259469,98.36,withdrawal,mrc_7171,DE,dev_763249,0
txn_000689,user_0150,2024-01-09 22:26:43.443524307,90.24,purchase,mrc_7291,US,dev_139544,0
txn_000690,user_0037,2024-01-09 22:31:41.040546637,28.35,purchase,mrc_8591,US,dev_183988,0
txn_000691,user_0142,2024-01-09 23:04:33.907914346,34.1,purchase,mrc_6180,US,dev_811663,0
txn_000692,user_0123,2024-01-09 23:07:17.518972725,65.79,purchase,mrc_2320,FR,dev_491106,0
txn_000693,user_0190,2024-01-09 23:15:07.891780409,224.75,purchase,mrc_4825,NL,dev_800230,0
txn_000694,user_0193,2024-01-09 23:35:06.891850094,186.67,payment,mrc_2525,JP,dev_754885,0
txn_000695,user_0042,2024-01-09 23:37:02.135654938,45.05,purchase,mrc_1316,IT,dev_165220,0
txn_000696,user_0034,2024-01-09 23:45:33.404676914,55.2,transfer,mrc_1190,GB,dev_379300,0
txn_000697,user_0159,2024-01-10 00:16:29.081580176,26.37,purchase,mrc_2889,BR,dev_722789,0
txn_000698,user_0060,2024-01-10 01:19:28.011627565,111.69,transfer,mrc_9759,DE,dev_922343,0
txn_000699,user_0165,2024-01-10 02:19:26.217961681,121.79,transfer,mrc_8440,GB,dev_450186,0
txn_000700,user_0018,2024-01-10 02:23:44.666312640,921.54,purchase,mrc_5879,FR,dev_534072,1
txn_000701,user_0007,2024-01-10 02:35:40.184280661,25.0,transfer,mrc_2030,ES,dev_133536,0
txn_000702,user_0165,2024-01-10 02:45:33.342135634,114.7,purchase,mrc_9734,GB,dev_450186,0
txn_000703,user_0078,2024-01-10 02:55:54.145488655,88.32,purchase,mrc_1368,DE,dev_986119,0
txn_000704,user_0033,2024-01-10 04:03:03.960846643,182.32,withdrawal,mrc_3868,IT,dev_422074,0
txn_000705,user_0135,2024-01-10 04:07:43.419133303,68.05,purchase,mrc_1209,DE,dev_329595,0
txn_000706,user_0141,2024-01-10 04:16:30.736403836,36.51,payment,mrc_6693,IT,dev_998747,0
txn_000707,user_0125,2024-01-10 04:52:55.963812638,10.45,transfer,mrc_4072,FR,dev_268514,0
txn_000708,user_0186,2024-01-10 05:04:44.605853539,29.51,purchase,mrc_7866,PL,dev_912390,0
txn_000709,user_0025,2024-01-10 05:04:50.676327364,26.04,payment,mrc_4304,BR,dev_336214,0
txn_000710,user_0005,2024-01-10 05:09:17.574782417,25.1,withdrawal,mrc_3810,BR,dev_528133,0
txn_000711,user_0135,2024-01-10 05:42:03.001929291,63.81,purchase,mrc_5899,DE,dev_329595,0
txn_000712,user_0075,2024-01-10 05:51:48.880475276,3159.35,purchase,mrc_6098,GB,dev_228165,1
txn_000713,user_0024,2024-01-10 06:02:05.533271049,111.94,payment,mrc_7628,DE,dev_897665,0
txn_000714,user_0003,2024-01-10 06:10:03.722143459,686.51,transfer,mrc_2388,RU,dev_973627,1
txn_000715,user_0056,2024-01-10 06:30:04.247081468,25.24,purchase,mrc_5038,PL,dev_136136,0
txn_000716,user_0088,2024-01-10 06:30:05.242814545,38.37,withdrawal,mrc_8690,IT,dev_918157,0
txn_000717,user_0064,2024-01-10 06:48:08.692462015,59.14,purchase,mrc_3418,IN,dev_424591,0
txn_000718,user_0058,2024-01-10 07:46:31.869747067,37.45,purchase,mrc_9819,US,dev_793227,0
txn_000719,user_0039,2024-01-10 08:10:20.221896585,66.83,purchase,mrc_3247,DE,dev_717548,0
txn_000720,user_0135,2024-01-10 08:26:53.417471292,54.27,transfer,mrc_1209,DE,dev_329595,0
txn_000721,user_0052,2024-01-10 08:29:52.283492592,29.13,purchase,mrc_9990,CN,dev_926596,0
txn_000722,user_0031,2024-01-10 08:59:14.586919170,145.32,purchase,mrc_9398,GB,dev_400819,0
txn_000723,user_0057,2024-01-10 09:39:36.637384592,29.55,payment,mrc_6503,CA,dev_761158,0
txn_000724,user_0158,2024-01-10 09:40:32.287314658,94.36,payment,mrc_6575,IN,dev_338326,0
txn_000725,user_0083,2024-01-10 10:01:48.795075616,25.81,purchase,mrc_5040,CN,dev_704450,0
txn_000726,user_0036,2024-01-10 10:05:46.704402889,33.9,purchase,mrc_4745,GB,dev_305262,0
txn_000727,user_0152,2024-01-10 10:25:31.963937708,24.41,purchase,mrc_5176,BR,dev_360174,0
txn_000728,user_0099,2024-01-10 10:27:02.667129522,137.31,withdrawal,mrc_9713,RU,dev_104267,0
txn_000729,user_0145,2024-01-10 10:27:17.533545848,146.15,payment,mrc_5420,BR,dev_839106,0
txn_000730,user_0064,2024-01-10 10:34:34.089235079,65.0,purchase,mrc_3418,IN,dev_424591,0
txn_000731,user_0029,2024-01-10 10:43:28.403320353,104.34,withdrawal,mrc_1952,GB,dev_964255,0
txn_000732,user_0061,2024-01-10 10:46:31.192769945,102.52,withdrawal,mrc_9541,IT,dev_350267,0
txn_000733,user_0023,2024-01-10 10:56:46.244887471,72.81,purchase,mrc_8609,CA,dev_236385,0
txn_000734,user_0132,2024-01-10 11:08:25.879406678,56.02,purchase,mrc_8985,IT,dev_759758,0
txn_000735,user_0091,2024-01-10 11:22:04.683319360,33.66,purchase,mrc_9637,DE,dev_225701,0
txn_000736,user_0054,2024-01-10 11:35:32.709160098,73.2,purchase,mrc_1325,IT,dev_228719,0
txn_000737,user_0185,2024-01-10 11:48:00.352141299,84.77,purchase,mrc_2670,ES,dev_494056,0
txn_000738,user_0124,2024-01-10 12:43:54.287941036,135.34,transfer,mrc_5786,GB,dev_327865,0
txn_000739,user_0062,2024-01-10 14:17:44.636245947,28.41,payment,mrc_4157,GB,dev_385336,0
txn_000740,user_0017,2024-01-10 14:53:12.839703827,48.51,transfer,mrc_2363,DE,dev_628879,0
txn_000741,user_0198,2024-01-10 14:57:22.224243527,49.4,purchase,mrc_1730,IT,dev_496956,0
txn_000742,user_0038,2024-01-10 14:58:17.037410721,61.67,payment,mrc_8433,RU,dev_665036,0
txn_000743,user_0100,2024-01-10 15:32:16.607579043,153.49,purchase,mrc_6406,GB,dev_643081,0
txn_000744,user_0047,2024-01-10 15:35:23.862204081,20.12,withdrawal,mrc_7643,DE,dev_207760,0
txn_000745,user_0016,2024-01-10 15:54:20.819738568,62.7,payment,mrc_2576,GB,dev_694538,0
txn_000746,user_0107,2024-01-10 16:50:01.054148291,48.08,purchase,mrc_5681,RU,dev_985074,0
txn_000747,user_0171,2024-01-10 16:58:06.250018289,8.42,purchase,mrc_1594,GB,dev_735490,0
txn_000748,user_0117,2024-01-10 17:05:08.626576993,137.99,payment,mrc_1736,CN,dev_768665,0
txn_000749,user_0095,2024-01-10 17:32:40.706686689,21.71,payment,mrc_3182,CN,dev_540551,0
txn_000750,user_0066,2024-01-10 17:45:01.205014269,39.61,purchase,mrc_6406,DE,dev_768422,0
txn_000751,user_0088,2024-01-10 17:48:46.618339195,50.86,purchase,mrc_3694,IT,dev_918157,0
txn_000752,user_0095,2024-01-10 18:02:16.095663874,21.82,purchase,mrc_3342,CN,dev_540551,0
txn_000753,user_0087,2024-01-10 18:26:52.489299277,60.78,purchase,mrc_9072,ES,dev_408962,0
txn_000754,user_0199,2024-01-10 18:27:40.507715757,33.22,transfer,mrc_5968,DE,dev_506218,0
txn_000755,user_0102,2024-01-10 18:47:23.602803051,172.17,transfer,mrc_7031,JP,dev_233145,0
txn_000756,user_0137,2024-01-10 19:02:00.332408094,40.94,withdrawal,mrc_7881,IN,dev_384439,0
txn_000757,user_0048,2024-01-10 19:19:11.537968723,84.4,transfer,mrc_5994,US,dev_786278,0
txn_000758,user_0084,2024-01-10 19:43:56.670913762,26.97,payment,mrc_9987,PL,dev_897900,0
txn_000759,user_0144,2024-01-10 20:09:34.579920020,113.42,purchase,mrc_8086,US,dev_431862,0
txn_000760,user_0186,2024-01-10 20:30:27.542801259,31.82,purchase,mrc_7866,PL,dev_912390,0
txn_000761,user_0022,2024-01-10 20:31:29.559526118,277.97,purchase,mrc_6712,GB,dev_282464,0
txn_000762,user_0025,2024-01-10 20:42:19.315192316,18.29,purchase,mrc_7719,BR,dev_336214,0
txn_000763,user_0179,2024-01-10 21:17:17.317625842,23.36,payment,mrc_4941,ES,dev_449253,0
txn_000764,user_0114,2024-01-10 21:25:22.892750756,23.44,purchase,mrc_5309,GB,dev_530246,0
txn_000765,user_0145,2024-01-10 21:58:58.074343785,159.57,purchase,mrc_2997,BR,dev_839106,0
txn_000766,user_0089,2024-01-10 22:02:21.884834518,99.32,purchase,mrc_6713,GB,dev_154564,0
txn_000767,user_0121,2024-01-10 22:47:39.966516444,100.97,withdrawal,mrc_3202,GB,dev_581381,0
txn_000768,user_0014,2024-01-10 22:50:49.498085809,51.34,purchase,mrc_8277,FR,dev_504424,0
txn_000769,user_0012,2024-01-10 23:01:47.253148749,121.31,purchase,mrc_9636,IT,dev_646476,0
txn_000770,user_0184,2024-01-10 23:22:52.667399768,345.85,payment,mrc_5246,DE,dev_200963,0
txn_000771,user_0128,2024-01-10 23:50:20.338709903,52.01,withdrawal,mrc_1655,PL,dev_669053,0
txn_000772,user_0044,2024-01-10 23:57:21.765459611,16.2,purchase,mrc_5006,BR,dev_176043,0
txn_000773,user_0177,2024-01-10 23:59:26.111675006,38.72,payment,mrc_1567,DE,dev_240181,0
txn_000774,user_0064,2024-01-11 00:11:16.756462591,59.54,purchase,mrc_5681,IN,dev_424591,0
txn_000775,user_0076,2024-01-11 00:17:39.883531675,39.43,purchase,mrc_6609,FR,dev_986288,0
txn_000776,user_0003,2024-01-11 01:00:20.158155425,20.81,purchase,mrc_7689,FR,dev_973627,0
txn_000777,user_0143,2024-01-11 01:23:46.505130731,50.89,purchase,mrc_1953,CA,dev_121390,0
txn_000778,user_0165,2024-01-11 01:26:34.383916044,131.64,purchase,mrc_6375,GB,dev_450186,0
txn_000779,user_0082,2024-01-11 01:31:33.092344748,168.53,purchase,mrc_6494,FR,dev_336679,0
txn_000780,user_0014,2024-01-11 01:49:50.491424509,50.13,purchase,mrc_7493,FR,dev_504424,0
txn_000781,user_0132,2024-01-11 02:24:43.432556996,48.07,payment,mrc_8985,IT,dev_759758,0
txn_000782,user_0044,2024-01-11 02:28:51.938577629,23.21,purchase,mrc_9968,BR,dev_176043,0
txn_000783,user_0151,2024-01-11 02:41:31.205258781,89.39,purchase,mrc_5257,MX,dev_688185,0
txn_000784,user_0159,2024-01-11 03:04:18.241223438,15.97,purchase,mrc_9969,BR,dev_722789,0
txn_000785,user_0196,2024-01-11 03:17:30.570680168,68.02,purchase,mrc_1129,GB,dev_520735,0
txn_000786,user_0067,2024-01-11 03:24:44.420461444,51.41,withdrawal,mrc_6767,GB,dev_793538,0
txn_000787,user_0002,2024-01-11 04:23:17.920830938,67.94,purchase,mrc_1611,US,dev_840484,0
txn_000788,user_0000,2024-01-11 04:30:43.064037715,45.09,purchase,mrc_7621,NL,dev_281322,0
txn_000789,user_0166,2024-01-11 04:55:31.561281330,149.37,withdrawal,mrc_1041,IN,dev_702052,0
txn_000790,user_0014,2024-01-11 05:21:49.583478311,49.43,withdrawal,mrc_2821,FR,dev_504424,0
txn_000791,user_0069,2024-01-11 05:34:22.388192885,428.52,purchase,mrc_8518,FR,dev_258414,1
txn_000792,user_0175,2024-01-11 05:35:36.423469584,81.11,purchase,mrc_3715,CA,dev_530674,0
txn_000793,user_0139,2024-01-11 05:55:34.381819347,51.0,transfer,mrc_4293,CN,dev_613879,0
txn_000794,user_0096,2024-01-11 07:16:47.456048109,29.4,purchase,mrc_8774,IN,dev_531876,0
txn_000795,user_0133,2024-01-11 07:19:37.903104394,66.65,purchase,mrc_3476,NL,dev_254947,0
txn_000796,user_0135,2024-01-11 07:25:11.249612081,56.07,transfer,mrc_5899,DE,dev_329595,0
txn_000797,user_0130,2024-01-11 07:26:12.625052077,119.37,purchase,mrc_7645,GB,dev_425066,0
txn_000798,user_0085,2024-01-11 07:31:27.067234493,41.08,withdrawal,mrc_2975,CA,dev_870105,0
txn_000799,user_0184,2024-01-11 07:49:41.771151839,238.12,purchase,mrc_5246,DE,dev_200963,0
txn_000800,user_0134,2024-01-11 07:59:40.761136772,109.03,purchase,mrc_6489,US,dev_224788,0
txn_000801,user_0076,2024-01-11 08:12:16.954133507,33.35,purchase,mrc_6609,FR,dev_986288,0
txn_000802,user_0121,2024-01-11 08:44:17.572943962,85.88,purchase,mrc_7478,GB,dev_581381,0
txn_000803,user_0108,2024-01-11 09:08:31.882776782,74.61,purchase,mrc_8729,US,dev_423684,0
txn_000804,user_0181,2024-01-11 09:23:42.740197670,24.01,payment,mrc_3543,US,dev_801882,0
txn_000805,user_0158,2024-01-11 10:45:55.825917235,100.1,purchase,mrc_5138,IN,dev_338326,0
txn_000806,user_0090,2024-01-11 10:49:37.184205983,81.62,payment,mrc_1916,BR,dev_704432,0
txn_000807,user_0179,2024-01-11 10:54:21.157434005,22.44,purchase,mrc_7342,ES,dev_449253,0
txn_000808,user_0086,2024-01-11 10:55:16.368718632,44.87,payment,mrc_6710,US,dev_547224,0
txn_000809,user_0104,2024-01-11 11:15:09.559000829,45.18,purchase,mrc_2640,ES,dev_626174,0
txn_000810,user_0005,2024-01-11 11:43:21.490231898,31.43,withdrawal,mrc_4916,BR,dev_528133,0
txn_000811,user_0031,2024-01-11 11:44:21.393382523,141.1,purchase,mrc_6453,GB,dev_400819,0
txn_000812,user_0143,2024-01-11 11:52:13.344552613,63.16,purchase,mrc_1856,CA,dev_121390,0
txn_000813,user_0037,2024-01-11 11:52:49.483163406,37.42,payment,mrc_1467,US,dev_183988,0
txn_000814,user_0180,2024-01-11 12:31:17.018967544,17.92,payment,mrc_7513,DE,dev_275394,0
txn_000815,user_0000,2024-01-11 12:39:56.286265991,5647.38,purchase,mrc_7621,IT,dev_281322,1
txn_000816,user_0123,2024-01-11 13:10:29.243981315,63.22,purchase,mrc_2472,FR,dev_491106,0
txn_000817,user_0100,2024-01-11 13:17:07.065628601,197.23,payment,mrc_3667,GB,dev_643081,0
txn_000818,user_0128,2024-01-11 13:21:52.809861881,76.06,withdrawal,mrc_6396,PL,dev_669053,0
txn_000819,user_0054,2024-01-11 14:01:09.392845287,5723.27,purchase,mrc_1325,CA,dev_228719,1
txn_000820,user_0033,2024-01-11 14:05:56.473301815,269.47,purchase,mrc_8421,IT,dev_422074,1
txn_000821,user_0004,2024-01-11 14:52:55.315253032,331.72,purchase,mrc_8160,DE,dev_168708,0
txn_000822,user_0150,2024-01-11 15:10:39.897286594,77.42,purchase,mrc_1550,US,dev_139544,0
txn_000823,user_0030,2024-01-11 16:03:10.181612093,52.35,purchase,mrc_6708,IT,dev_263321,0
txn_000824,user_0178,2024-01-11 16:04:02.123666980,37.81,purchase,mrc_6571,US,dev_706543,0
txn_000825,user_0131,2024-01-11 16:17:42.779857086,80.74,purchase,mrc_4624,DE,dev_270545,0
txn_000826,user_0167,2024-01-11 16:18:06.567672301,34.51,purchase,mrc_6109,FR,dev_606400,0
txn_000827,user_0088,2024-01-11 16:22:33.700955150,40.19,purchase,mrc_3694,IT,dev_918157,0
txn_000828,user_0031,2024-01-11 16:30:47.401157161,153.8,withdrawal,mrc_8808,GB,dev_400819,0
txn_000829,user_0198,2024-01-11 17:04:21.439015266,34.54,payment,mrc_7841,IT,dev_496956,0
txn_000830,user_0090,2024-01-11 17:13:30.760617320,48.13,purchase,mrc_5232,BR,dev_704432,0
txn_000831,user_0099,2024-01-11 17:43:40.000692653,122.72,withdrawal,mrc_9268,RU,dev_104267,0
txn_000832,user_0090,2024-01-11 17:49:42.494781847,88.67,payment,mrc_2666,BR,dev_704432,0
txn_000833,user_0158,2024-01-11 19:23:55.339403431,108.58,payment,mrc_1898,IN,dev_338326,0
txn_000834,user_0172,2024-01-11 19:27:55.783499576,92.3,payment,mrc_6230,US,dev_663974,0
txn_000835,user_0136,2024-01-11 19:31:39.026274048,55.15,purchase,mrc_6689,IN,dev_862579,0
txn_000836,user_0137,2024-01-11 19:40:01.930038188,33.97,purchase,mrc_9802,IN,dev_384439,0
txn_000837,user_0036,2024-01-11 19:41:33.437975700,34.18,withdrawal,mrc_6782,GB,dev_305262,0
txn_000838,user_0031,2024-01-11 20:39:15.065874173,122.58,purchase,mrc_6427,GB,dev_400819,0
txn_000839,user_0041,2024-01-11 21:17:39.896282668,32.38,purchase,mrc_9643,FR,dev_793260,0
txn_000840,user_0138,2024-01-11 21:45:55.871181841,276.81,withdrawal,mrc_3748,IT,dev_670415,0
txn_000841,user_0121,2024-01-11 21:47:11.897926917,95.99,purchase,mrc_3997,GB,dev_581381,0
txn_000842,user_0196,2024-01-11 22:46:45.230305884,85.27,purchase,mrc_4289,GB,dev_520735,0
txn_000843,user_0199,2024-01-11 23:14:45.578668567,46.79,purchase,mrc_8528,DE,dev_506218,0
txn_000844,user_0144,2024-01-11 23:41:39.924851783,127.52,purchase,mrc_8086,US,dev_431862,0
txn_000845,user_0057,2024-01-11 23:46:48.249236977,24.51,purchase,mrc_1381,CA,dev_761158,0
txn_000846,user_0116,2024-01-11 23:50:23.503250911,48.31,purchase,mrc_9840,JP,dev_194702,0
txn_000847,user_0144,2024-01-12 00:11:28.092520383,118.87,purchase,mrc_8086,US,dev_431862,0
txn_000848,user_0046,2024-01-12 01:09:42.727818633,17.76,purchase,mrc_8604,RU,dev_565935,0
txn_000849,user_0079,2024-01-12 01:20:55.673088803,46.49,purchase,mrc_1763,FR,dev_392734,0
txn_000850,user_0018,2024-01-12 01:24:23.050833820,87.13,purchase,mrc_9439,FR,dev_534072,0
txn_000851,user_0169,2024-01-12 01:27:02.777514798,49.11,withdrawal,mrc_8902,MX,dev_169030,0
txn_000852,user_0026,2024-01-12 01:36:07.861237385,21.28,purchase,mrc_9408,FR,dev_276791,0
txn_000853,user_0144,2024-01-12 02:18:37.843488774,121.33,payment,mrc_9154,US,dev_431862,0
txn_000854,user_0131,2024-01-12 02:21:36.334563689,107.96,purchase,mrc_4080,DE,dev_270545,0
txn_000855,user_0030,2024-01-12 03:20:49.494080447,72.89,purchase,mrc_7644,IT,dev_263321,0
txn_000856,user_0100,2024-01-12 04:04:26.230357118,169.77,payment,mrc_5638,GB,dev_643081,0
txn_000857,user_0031,2024-01-12 04:29:44.239920690,164.75,transfer,mrc_8808,GB,dev_400819,0
txn_000858,user_0034,2024-01-12 04:55:36.653607914,34.65,payment,mrc_2382,GB,dev_379300,0
txn_000859,user_0041,2024-01-12 06:02:43.019030327,48.46,purchase,mrc_5144,FR,dev_793260,0
txn_000860,user_0110,2024-01-12 06:33:48.199547440,43.52,purchase,mrc_1898,JP,dev_758021,0
txn_000861,user_0155,2024-01-12 07:26:00.694147969,76.61,purchase,mrc_4060,FR,dev_681661,0
txn_000862,user_0001,2024-01-12 07:29:00.732403646,48.1,payment,mrc_9339,DE,dev_785024,0
txn_000863,user_0004,2024-01-12 07:44:44.096789917,127.72,purchase,mrc_2169,DE,dev_168708,0
txn_000864,user_0048,2024-01-12 07:46:29.561713917,4082.83,payment,mrc_1776,FR,dev_786278,1
txn_000865,user_0111,2024-01-12 07:46:51.119690267,214.31,purchase,mrc_8987,DE,dev_824486,0
txn_000866,user_0028,2024-01-12 08:06:10.631794856,16.04,purchase,mrc_4577,IN,dev_743865,0
txn_000867,user_0198,2024-01-12 08:14:14.973426462,37.01,purchase,mrc_7841,IT,dev_496956,0
txn_000868,user_0176,2024-01-12 08:24:57.875729643,43.97,payment,mrc_9431,US,dev_354405,0
txn_000869,user_0057,2024-01-12 08:36:04.166095750,34.55,payment,mrc_1490,CA,dev_761158,0
txn_000870,user_0076,2024-01-12 08:37:57.940494924,45.27,withdrawal,mrc_6609,FR,dev_986288,0
txn_000871,user_0109,2024-01-12 08:47:24.946077234,26.96,transfer,mrc_6874,CN,dev_681298,0
txn_000872,user_0125,2024-01-12 08:48:12.521517911,9.03,purchase,mrc_8457,FR,dev_268514,0
txn_000873,user_0142,2024-01-12 10:06:46.023682842,53.0,purchase,mrc_6180,US,dev_811663,0
txn_000874,user_0019,2024-01-12 10:12:14.712190355,81.12,purchase,mrc_1089,DE,dev_356102,0
txn_000875,user_0057,2024-01-12 10:20:54.264702696,296.47,withdrawal,mrc_1039,CA,dev_761158,1
txn_000876,user_0030,2024-01-12 10:52:28.599830407,58.84,purchase,mrc_1160,IT,dev_263321,0
txn_000877,user_0135,2024-01-12 11:15:42.300096893,59.86,purchase,mrc_7168,DE,dev_329595,0
txn_000878,user_0179,2024-01-12 11:49:41.405566993,17.58,purchase,mrc_4941,ES,dev_449253,0
txn_000879,user_0104,2024-01-12 11:53:03.042067979,63.46,purchase,mrc_2640,ES,dev_626174,0
txn_000880,user_0000,2024-01-12 12:21:59.300755066,46.98,purchase,mrc_7621,NL,dev_281322,0
txn_000881,user_0049,2024-01-12 12:22:07.320943543,36.55,purchase,mrc_6866,FR,dev_756716,0
txn_000882,user_0113,2024-01-12 12:32:30.794064619,65.26,purchase,mrc_3192,GB,dev_454695,0
txn_000883,user_0151,2024-01-12 13:24:26.401863422,128.55,payment,mrc_9518,MX,dev_688185,0
txn_000884,user_0019,2024-01-12 13:55:51.067447044,65.74,purchase,mrc_4272,DE,dev_356102,0
txn_000885,user_0011,2024-01-12 13:57:22.582572097,40.06,purchase,mrc_5475,FR,dev_250275,0
txn_000886,user_0111,2024-01-12 14:07:37.626928788,169.56,transfer,mrc_6658,DE,dev_824486,0
txn_000887,user_0198,2024-01-12 14:32:16.294999220,48.67,withdrawal,mrc_9176,IT,dev_496956,0
txn_000888,user_0040,2024-01-12 15:03:40.904612187,56.68,purchase,mrc_4414,DE,dev_763249,0
txn_000889,user_0183,2024-01-12 15:37:47.728244028,48.75,payment,mrc_5566,ES,dev_427912,0
txn_000890,user_0083,2024-01-12 16:14:09.949766658,31.42,purchase,mrc_5040,CN,dev_704450,0
txn_000891,user_0089,2024-01-12 16:50:52.189349259,100.82,purchase,mrc_3255,GB,dev_154564,0
txn_000892,user_0000,2024-01-12 17:04:01.786579911,82.16,payment,mrc_5737,NL,dev_281322,0
txn_000893,user_0081,2024-01-12 17:20:23.986034120,32.29,purchase,mrc_9169,PL,dev_707774,0
txn_000894,user_0058,2024-01-12 17:30:37.240995639,29.79,payment,mrc_5126,US,dev_793227,0
txn_000895,user_0034,2024-01-12 17:54:39.985855212,52.21,purchase,mrc_5100,GB,dev_379300,0
txn_000896,user_0150,2024-01-12 18:00:24.355965696,89.54,withdrawal,mrc_7291,US,dev_139544,0
txn_000897,user_0078,2024-01-12 18:24:47.921069151,17.11,purchase,mrc_1368,DE,dev_986119,0
txn_000898,user_0088,2024-01-12 18:25:38.021828191,41.21,payment,mrc_3694,IT,dev_918157,0
txn_000899,user_0079,2024-01-12 19:29:39.308397679,38.57,purchase,mrc_1763,FR,dev_392734,0
txn_000900,user_0073,2024-01-12 19:36:53.007545907,40.69,purchase,mrc_5488,CN,dev_866813,0
txn_000901,user_0044,2024-01-12 19:37:54.107693929,22.84,purchase,mrc_8155,BR,dev_176043,0
txn_000902,user_0112,2024-01-12 19:38:58.867743756,99.69,purchase,mrc_4394,IN,dev_647866,0
txn_000903,user_0187,2024-01-12 20:51:44.752088327,35.09,withdrawal,mrc_5612,FR,dev_943069,0
txn_000904,user_0052,2024-01-12 21:32:56.894207758,82.47,withdrawal,mrc_1957,CN,dev_926596,0
txn_000905,user_0176,2024-01-12 21:38:44.085973084,65.46,withdrawal,mrc_9431,US,dev_354405,0
txn_000906,user_0013,2024-01-12 21:40:17.281651441,86.39,withdrawal,mrc_3349,MX,dev_965706,0
txn_000907,user_0126,2024-01-12 22:34:54.335193110,25.43,purchase,mrc_2895,RU,dev_408162,0
txn_000908,user_0138,2024-01-12 22:56:48.505681963,346.17,payment,mrc_3320,IT,dev_670415,0
txn_000909,user_0149,2024-01-12 23:22:54.311295073,22.46,purchase,mrc_6837,DE,dev_777095,0
txn_000910,user_0112,2024-01-12 23:26:44.355718292,112.54,purchase,mrc_2770,IN,dev_647866,0
txn_000911,user_0137,2024-01-12 23:26:52.048220324,30.16,purchase,mrc_7862,IN,dev_384439,0
txn_000912,user_0160,2024-01-13 00:14:56.066888600,80.52,withdrawal,mrc_8211,BR,dev_932446,0
txn_000913,user_0102,2024-01-13 00:17:49.475233703,119.56,withdrawal,mrc_2134,JP,dev_233145,0
txn_000914,user_0028,2024-01-13 00:23:23.983187302,27.23,purchase,mrc_3708,IN,dev_743865,0
txn_000915,user_0199,2024-01-13 00:45:41.074220496,57.44,purchase,mrc_1977,DE,dev_506218,0
txn_000916,user_0182,2024-01-13 01:00:55.595170625,85.13,purchase,mrc_6066,MX,dev_978161,0
txn_000917,user_0170,2024-01-13 01:13:31.301962892,22.94,purchase,mrc_4329,ES,dev_674267,0
txn_000918,user_0046,2024-01-13 02:05:50.818690232,20.52,purchase,mrc_8604,RU,dev_565935,0
txn_000919,user_0035,2024-01-13 02:14:03.998152048,56.07,purchase,mrc_9858,NL,dev_149855,0
txn_000920,user_0063,2024-01-13 02:17:20.024310490,40.55,purchase,mrc_2772,GB,dev_321655,0
txn_000921,user_0199,2024-01-13 02:44:08.597080939,45.49,withdrawal,mrc_6782,DE,dev_506218,0
txn_000922,user_0080,2024-01-13 02:51:50.094416115,49.51,purchase,mrc_9383,US,dev_149548,0
txn_000923,user_0061,2024-01-13 04:09:51.064274389,98.75,purchase,mrc_4705,IT,dev_350267,0
txn_000924,user_0174,2024-01-13 04:30:07.011175499,733.92,purchase,mrc_4237,US,dev_624267,1
txn_000925,user_0148,2024-01-13 05:45:44.639587952,24.33,purchase,mrc_7639,US,dev_481048,0
txn_000926,user_0125,2024-01-13 05:52:38.057242702,21.32,purchase,mrc_9285,FR,dev_268514,0
txn_000927,user_0044,2024-01-13 06:17:11.756395836,17.55,purchase,mrc_8042,BR,dev_176043,0
txn_000928,user_0059,2024-01-13 06:47:48.269194778,168.68,purchase,mrc_4764,US,dev_323460,1
txn_000929,user_0190,2024-01-13 07:03:53.822247796,222.93,withdrawal,mrc_4825,NL,dev_800230,0
txn_000930,user_0139,2024-01-13 08:07:10.787702478,45.63,purchase,mrc_1067,CN,dev_613879,0
txn_000931,user_0081,2024-01-13 09:15:03.449755507,14.63,purchase,mrc_4435,PL,dev_707774,0
txn_000932,user_0100,2024-01-13 09:39:13.533905818,219.41,purchase,mrc_6406,GB,dev_643081,0
txn_000933,user_0093,2024-01-13 10:34:43.138873956,328.97,purchase,mrc_9793,NL,dev_145864,1
txn_000934,user_0030,2024-01-13 10:35:19.678409146,55.05,purchase,mrc_8062,IT,dev_263321,0
txn_000935,user_0016,2024-01-13 10:59:51.100134880,3299.99,purchase,mrc_7098,IN,dev_694538,1
txn_000936,user_0049,2024-01-13 11:07:56.132155911,18.88,purchase,mrc_4386,FR,dev_756716,0
txn_000937,user_0131,2024-01-13 11:09:30.513835501,59.88,purchase,mrc_4673,DE,dev_270545,0
txn_000938,user_0150,2024-01-13 11:54:56.953052699,65.09,purchase,mrc_9888,US,dev_139544,0
txn_000939,user_0179,2024-01-13 11:57:41.543986740,18.62,purchase,mrc_9687,ES,dev_449253,0
txn_000940,user_0148,2024-01-13 12:30:44.198229001,29.13,withdrawal,mrc_5909,US,dev_481048,0
txn_000941,user_0174,2024-01-13 12:31:16.783821816,42.6,transfer,mrc_6707,US,dev_624267,0
txn_000942,user_0041,2024-01-13 12:34:00.163737203,58.92,purchase,mrc_5144,FR,dev_793260,0
txn_000943,user_0015,2024-01-13 13:34:31.027085679,19.67,purchase,mrc_1852,DE,dev_377800,0
txn_000944,user_0165,2024-01-13 13:48:44.379148106,148.62,purchase,mrc_2633,GB,dev_450186,0
txn_000945,user_0049,2024-01-13 13:49:07.988126009,22.36,purchase,mrc_6866,FR,dev_756716,0
txn_000946,user_0030,2024-01-13 14:03:19.264619933,43.69,purchase,mrc_7644,IT,dev_263321,0
txn_000947,user_0068,2024-01-13 14:17:03.016271295,96.65,payment,mrc_9621,US,dev_109654,0
txn_000948,user_0089,2024-01-13 14:24:34.254898584,110.84,purchase,mrc_6264,GB,dev_154564,0
txn_000949,user_0118,2024-01-13 14:49:51.541490800,34.62,purchase,mrc_8516,PL,dev_765830,0
txn_000950,user_0129,2024-01-13 15:08:21.876669616,83.51,withdrawal,mrc_7716,NL,dev_987564,0
txn_000951,user_0028,2024-01-13 16:07:08.244630636,19.61,purchase,mrc_4577,IN,dev_743865,0
txn_000952,user_0074,2024-01-13 16:37:20.088684189,437.3,purchase,mrc_1076,IT,dev_767079,1
txn_000953,user_0011,2024-01-13 16:54:25.876791431,42.43,payment,mrc_5508,FR,dev_250275,0
txn_000954,user_0002,2024-01-13 16:57:06.895409352,88.79,purchase,mrc_6684,US,dev_840484,0
txn_000955,user_0061,2024-01-13 17:02:29.848200922,139.76,purchase,mrc_2958,IT,dev_350267,0
txn_000956,user_0147,2024-01-13 17:08:01.045891945,35.76,purchase,mrc_4079,IT,dev_100466,0
txn_000957,user_0197,2024-01-13 17:13:56.194876097,100.06,purchase,mrc_4284,RU,dev_494939,0
txn_000958,user_0100,2024-01-13 17:31:15.279136533,139.16,purchase,mrc_8192,GB,dev_643081,0
txn_000959,user_0195,2024-01-13 18:01:03.785672990,74.83,purchase,mrc_4056,FR,dev_495433,0
txn_000960,user_0199,2024-01-13 18:01:17.713412431,55.18,purchase,mrc_8528,DE,dev_506218,0
txn_000961,user_0109,2024-01-13 18:15:52.473355189,22.42,purchase,mrc_7674,CN,dev_681298,0
txn_000962,user_0084,2024-01-13 18:17:41.711527748,22.81,purchase,mrc_3666,PL,dev_897900,0
txn_000963,user_0165,2024-01-13 18:30:06.373698114,114.74,purchase,mrc_9734,GB,dev_450186,0
txn_000964,user_0184,2024-01-13 18:59:57.058884837,247.84,purchase,mrc_3033,DE,dev_200963,0
txn_000965,user_0135,2024-01-13 19:13:25.432209922,67.97,purchase,mrc_5899,DE,dev_329595,0
txn_000966,user_0172,2024-01-13 20:25:13.364795092,61.56,purchase,mrc_8113,US,dev_663974,0
txn_000967,user_0168,2024-01-13 20:38:07.864685332,13.37,purchase,mrc_7047,ES,dev_807983,0
txn_000968,user_0113,2024-01-13 20:40:58.049963941,49.28,purchase,mrc_7544,GB,dev_454695,0
txn_000969,user_0167,2024-01-13 20:59:53.281948378,39.39,withdrawal,mrc_6109,FR,dev_606400,0
txn_000970,user_0115,2024-01-13 21:03:34.699442098,38.47,purchase,mrc_7060,FR,dev_180856,0
txn_000971,user_0079,2024-01-13 21:35:41.039105510,41.41,withdrawal,mrc_4703,FR,dev_392734,0
txn_000972,user_0135,2024-01-13 21:39:22.605718519,58.01,purchase,mrc_5852,DE,dev_329595,0
txn_000973,user_0039,2024-01-13 21:42:32.989482436,63.01,purchase,mrc_2257,DE,dev_717548,0
txn_000974,user_0018,2024-01-13 22:25:18.562351852,65.25,payment,mrc_9439,FR,dev_534072,0
txn_000975,user_0126,2024-01-13 22:37:25.594814229,30.14,withdrawal,mrc_9313,RU,dev_408162,0
txn_000976,user_0058,2024-01-13 23:00:35.908827935,54.81,purchase,mrc_9819,US,dev_793227,0
txn_000977,user_0008,2024-01-13 23:25:40.101990506,139.43,withdrawal,mrc_1815,IT,dev_701561,0
txn_000978,user_0142,2024-01-13 23:45:16.107470091,41.27,withdrawal,mrc_5969,US,dev_811663,0
txn_000979,user_0130,2024-01-14 00:00:26.166903429,91.63,purchase,mrc_7611,GB,dev_425066,0
txn_000980,user_0003,2024-01-14 00:21:33.180625206,48.9,purchase,mrc_5918,FR,dev_973627,0
txn_000981,user_0162,2024-01-14 00:24:49.613582789,65.91,purchase,mrc_8217,DE,dev_495721,0
txn_000982,user_0045,2024-01-14 00:57:28.062388875,26.99,purchase,mrc_2541,US,dev_568492,0
txn_000983,user_0091,2024-01-14 01:40:45.643097424,36.87,transfer,mrc_9637,DE,dev_225701,0
txn_000984,user_0030,2024-01-14 01:41:08.521124579,45.59,purchase,mrc_4888,IT,dev_263321,0
txn_000985,user_0111,2024-01-14 02:00:33.555071746,223.36,payment,mrc_4551,DE,dev_824486,0
txn_000986,user_0044,2024-01-14 02:08:05.372764387,18.96,purchase,mrc_8155,BR,dev_176043,0
txn_000987,user_0142,2024-01-14 02:09:39.267728662,77.9,purchase,mrc_4811,US,dev_811663,0
txn_000988,user_0118,2024-01-14 02:10:40.996544310,46.37,payment,mrc_8630,PL,dev_765830,0
txn_000989,user_0033,2024-01-14 02:30:44.350891726,377.26,payment,mrc_2730,IT,dev_422074,1
txn_000990,user_0125,2024-01-14 03:25:18.703781443,24.28,purchase,mrc_9385,FR,dev_268514,0
txn_000991,user_0005,2024-01-14 04:11:40.605975641,12.78,purchase,mrc_3810,BR,dev_528133,0
txn_000992,user_0195,2024-01-14 04:20:14.024033032,70.3,withdrawal,mrc_4246,FR,dev_495433,0
txn_000993,user_0109,2024-01-14 04:43:16.721055984,29.91,purchase,mrc_7674,CN,dev_681298,0
txn_000994,user_0015,2024-01-14 04:47:25.989472522,17.4,purchase,mrc_6847,DE,dev_377800,0
txn_000995,user_0108,2024-01-14 05:47:11.541443681,45.58,withdrawal,mrc_9850,US,dev_423684,0
txn_000996,user_0059,2024-01-14 06:39:34.045704499,228.92,payment,mrc_6842,US,dev_323460,1
txn_000997,user_0154,2024-01-14 06:56:42.544139678,51.02,transfer,mrc_2910,NL,dev_343626,0
txn_000998,user_0042,2024-01-14 07:32:12.950387181,66.45,purchase,mrc_2821,IT,dev_165220,0
txn_000999,user_0015,2024-01-14 07:36:49.741083959,15.45,withdrawal,mrc_6658,DE,dev_377800,0
txn_001000,user_0170,2024-01-14 08:06:08.675547748,12.67,withdrawal,mrc_9189,ES,dev_674267,0
txn_001001,user_0123,2024-01-14 08:09:13.160602089,59.69,withdrawal,mrc_9637,FR,dev_491106,0
txn_001002,user_0088,2024-01-14 08:12:10.325643308,45.97,purchase,mrc_3694,IT,dev_918157,0
txn_001003,user_0134,2024-01-14 08:33:12.222890169,80.98,purchase,mrc_7311,US,dev_224788,0
txn_001004,user_0127,2024-01-14 08:45:26.398886666,97.02,purchase,mrc_2370,US,dev_457768,1
txn_001005,user_0188,2024-01-14 08:47:25.674485786,35.65,withdrawal,mrc_9831,CA,dev_530151,1
txn_001006,user_0188,2024-01-14 08:47:43.817185852,34.81,payment,mrc_1155,CA,dev_530151,1
txn_001007,user_0149,2024-01-14 08:48:05.039647262,43.19,payment,mrc_7762,DE,dev_777095,0
txn_001008,user_0121,2024-01-14 08:53:36.974845601,184.61,transfer,mrc_7478,GB,dev_581381,0
txn_001009,user_0134,2024-01-14 08:59:32.303696081,43.81,purchase,mrc_7921,US,dev_224788,0
txn_001010,user_0188,2024-01-14 09:01:46.840509447,40.61,purchase,mrc_6380,CA,dev_530151,1
txn_001011,user_0188,2024-01-14 09:04:10.578024177,33.45,purchase,mrc_1155,CA,dev_530151,1
txn_001012,user_0188,2024-01-14 09:06:58.867376563,34.68,purchase,mrc_6737,CA,dev_530151,1
txn_001013,user_0130,2024-01-14 09:08:27.372906795,89.08,purchase,mrc_7645,GB,dev_425066,0
txn_001014,user_0172,2024-01-14 09:11:35.254611939,59.51,purchase,mrc_8113,US,dev_663974,0
txn_001015,user_0188,2024-01-14 09:17:19.537553608,35.87,purchase,mrc_6380,CA,dev_530151,1
txn_001016,user_0110,2024-01-14 09:28:17.645010532,39.92,purchase,mrc_8182,JP,dev_758021,0
txn_001017,user_0054,2024-01-14 09:50:16.851648173,64.59,purchase,mrc_1048,IT,dev_228719,0
txn_001018,user_0044,2024-01-14 09:54:12.618750585,20.69,withdrawal,mrc_8042,BR,dev_176043,0
txn_001019,user_0075,2024-01-14 10:11:22.641865519,42.4,purchase,mrc_4739,GB,dev_228165,0
txn_001020,user_0111,2024-01-14 10:30:18.238331852,208.66,purchase,mrc_4551,DE,dev_824486,0
txn_001021,user_0104,2024-01-14 11:03:16.178582186,71.73,purchase,mrc_3458,ES,dev_626174,0
txn_001022,user_0042,2024-01-14 12:02:02.496285238,55.23,purchase,mrc_2821,IT,dev_165220,0
txn_001023,user_0056,2024-01-14 12:20:56.097194788,27.17,purchase,mrc_1774,PL,dev_136136,0
txn_001024,user_0147,2024-01-14 12:24:37.666581115,50.36,purchase,mrc_2321,IT,dev_100466,1
txn_001025,user_0178,2024-01-14 12:38:19.573539612,35.82,payment,mrc_8469,US,dev_706543,0
txn_001026,user_0145,2024-01-14 12:40:07.947421908,135.07,payment,mrc_2997,BR,dev_839106,0
txn_001027,user_0061,2024-01-14 12:52:38.114737880,77.13,payment,mrc_6294,IT,dev_350267,0
txn_001028,user_0183,2024-01-14 13:41:53.508869810,43.53,purchase,mrc_6633,ES,dev_427912,0
txn_001029,user_0014,2024-01-14 14:00:44.849492356,36.88,transfer,mrc_6212,FR,dev_504424,0
txn_001030,user_0048,2024-01-14 14:10:04.936731214,56.31,transfer,mrc_7636,US,dev_786278,0
txn_001031,user_0096,2024-01-14 14:37:32.704504033,308.97,purchase,mrc_8774,IN,dev_531876,1
txn_001032,user_0051,2024-01-14 14:39:06.256333493,61.03,transfer,mrc_3717,GB,dev_971478,0
txn_001033,user_0156,2024-01-14 15:20:12.637762834,35.28,purchase,mrc_4804,US,dev_275937,0
txn_001034,user_0123,2024-01-14 15:30:48.787859749,52.67,purchase,mrc_2472,FR,dev_491106,0
txn_001035,user_0094,2024-01-14 16:01:24.234173326,75.78,purchase,mrc_3473,CN,dev_246312,0
txn_001036,user_0120,2024-01-14 16:07:35.163142575,46.83,withdrawal,mrc_5048,DE,dev_190355,0
txn_001037,user_0004,2024-01-14 16:07:46.605489890,362.55,transfer,mrc_5166,DE,dev_168708,0
txn_001038,user_0145,2024-01-14 17:32:03.984209469,165.14,withdrawal,mrc_5420,BR,dev_839106,0
txn_001039,user_0068,2024-01-14 17:39:52.686012384,105.54,purchase,mrc_9901,US,dev_109654,0
txn_001040,user_0116,2024-01-14 17:52:26.929304047,39.2,purchase,mrc_1646,JP,dev_194702,0
txn_001041,user_0062,2024-01-14 18:48:48.233960722,46.39,purchase,mrc_6091,GB,dev_385336,0
txn_001042,user_0014,2024-01-14 19:07:30.524371790,54.52,transfer,mrc_2590,FR,dev_504424,0
txn_001043,user_0193,2024-01-14 19:17:57.047773800,133.61,withdrawal,mrc_8087,JP,dev_754885,0
txn_001044,user_0076,2024-01-14 19:30:15.683912079,53.01,payment,mrc_6857,FR,dev_986288,0
txn_001045,user_0114,2024-01-14 21:13:40.393629651,13.6,purchase,mrc_5697,GB,dev_530246,0
txn_001046,user_0086,2024-01-14 21:42:29.823451363,56.11,withdrawal,mrc_1159,US,dev_547224,0
txn_001047,user_0024,2024-01-14 22:11:45.108112180,125.07,payment,mrc_7628,DE,dev_897665,0
txn_001048,user_0080,2024-01-14 22:26:04.083032964,35.09,payment,mrc_1438,US,dev_149548,0
txn_001049,user_0071,2024-01-14 23:07:59.987659259,258.13,withdrawal,mrc_6737,CN,dev_743861,1
txn_001050,user_0138,2024-01-14 23:45:42.566015928,341.71,purchase,mrc_3748,IT,dev_670415,0
txn_001051,user_0175,2024-01-15 00:22:14.734513374,83.05,purchase,mrc_5698,CA,dev_530674,0
txn_001052,user_0135,2024-01-15 00:32:04.979618500,58.84,withdrawal,mrc_5852,DE,dev_329595,0
txn_001053,user_0139,2024-01-15 00:41:59.117769427,36.43,purchase,mrc_4024,CN,dev_613879,0
txn_001054,user_0064,2024-01-15 01:06:32.143924255,63.69,purchase,mrc_5681,IN,dev_424591,0
txn_001055,user_0101,2024-01-15 01:33:44.477269819,74.47,purchase,mrc_1171,DE,dev_472623,0
txn_001056,user_0144,2024-01-15 01:49:38.318601759,151.61,purchase,mrc_8488,US,dev_431862,0
txn_001057,user_0135,2024-01-15 02:09:23.988991424,57.2,payment,mrc_4600,DE,dev_329595,0
txn_001058,user_0011,2024-01-15 02:10:11.406335854,40.1,payment,mrc_2451,FR,dev_250275,0
txn_001059,user_0070,2024-01-15 02:17:47.682789969,132.94,purchase,mrc_3095,JP,dev_490400,0
txn_001060,user_0044,2024-01-15 02:19:17.706591914,17.44,purchase,mrc_6342,BR,dev_176043,0
txn_001061,user_0166,2024-01-15 02:20:35.412635112,112.47,payment,mrc_6210,IN,dev_702052,0
txn_001062,user_0178,2024-01-15 02:46:27.559685269,37.94,purchase,mrc_9782,US,dev_706543,0
txn_001063,user_0078,2024-01-15 03:30:37.760697001,73.34,purchase,mrc_3679,DE,dev_986119,0
txn_001064,user_0112,2024-01-15 03:34:58.596372857,91.92,payment,mrc_1609,IN,dev_647866,0
txn_001065,user_0111,2024-01-15 03:41:24.944213811,173.66,withdrawal,mrc_9380,DE,dev_824486,0
txn_001066,user_0010,2024-01-15 04:51:03.139625911,44.62,purchase,mrc_3890,ES,dev_554513,0
txn_001067,user_0104,2024-01-15 04:59:25.403925077,76.5,purchase,mrc_6595,ES,dev_626174,0
txn_001068,user_0114,2024-01-15 05:30:05.387999465,14.13,purchase,mrc_9779,GB,dev_530246,0
txn_001069,user_0165,2024-01-15 06:27:44.224914390,139.35,purchase,mrc_1941,GB,dev_450186,0
txn_001070,user_0042,2024-01-15 06:31:27.164897804,39.44,purchase,mrc_2821,IT,dev_165220,0
txn_001071,user_0135,2024-01-15 07:05:23.919825839,51.04,purchase,mrc_5852,DE,dev_329595,0
txn_001072,user_0001,2024-01-15 07:12:26.936212919,37.4,withdrawal,mrc_4621,DE,dev_785024,0
txn_001073,user_0124,2024-01-15 07:23:13.222922549,84.46,withdrawal,mrc_5786,GB,dev_327865,0
txn_001074,user_0130,2024-01-15 08:17:08.211723078,91.26,purchase,mrc_4627,GB,dev_425066,0
txn_001075,user_0169,2024-01-15 08:26:24.505682678,35.82,purchase,mrc_6347,MX,dev_169030,0
txn_001076,user_0131,2024-01-15 09:24:30.935941718,105.37,payment,mrc_4960,DE,dev_270545,0
txn_001077,user_0075,2024-01-15 09:29:47.440157889,65.86,purchase,mrc_1065,GB,dev_228165,0
txn_001078,user_0087,2024-01-15 09:58:21.339207363,20.55,payment,mrc_3927,ES,dev_408962,0
txn_001079,user_0062,2024-01-15 10:00:35.176447793,30.45,purchase,mrc_4157,GB,dev_385336,0
txn_001080,user_0121,2024-01-15 10:18:20.583564799,12769.99,purchase,mrc_2451,GB,dev_581381,1
txn_001081,user_0197,2024-01-15 10:27:06.266969952,103.09,purchase,mrc_5480,RU,dev_494939,0
txn_001082,user_0078,2024-01-15 10:55:57.691032081,61.45,withdrawal,mrc_2114,DE,dev_986119,0
txn_001083,user_0080,2024-01-15 10:57:26.821467418,32.76,purchase,mrc_9383,US,dev_149548,0
txn_001084,user_0106,2024-01-15 11:08:33.989925239,49.08,purchase,mrc_7457,DE,dev_776495,0
txn_001085,user_0017,2024-01-15 11:27:45.253558524,3.23,withdrawal,mrc_2363,DE,dev_628879,0
txn_001086,user_0067,2024-01-15 11:43:42.393756538,36.09,purchase,mrc_9329,GB,dev_793538,0
txn_001087,user_0154,2024-01-15 12:27:52.391773849,73.61,purchase,mrc_1084,NL,dev_343626,0
txn_001088,user_0165,2024-01-15 12:47:11.607950620,79.68,transfer,mrc_8440,GB,dev_450186,0
txn_001089,user_0079,2024-01-15 12:48:32.082484863,56.44,purchase,mrc_2997,FR,dev_392734,0
txn_001090,user_0141,2024-01-15 12:56:15.054910166,29.18,purchase,mrc_9395,IT,dev_998747,0
txn_001091,user_0038,2024-01-15 13:22:49.910436829,80.63,purchase,mrc_8433,RU,dev_665036,0
txn_001092,user_0113,2024-01-15 14:07:15.558838058,59.33,transfer,mrc_3192,GB,dev_454695,0
txn_001093,user_0091,2024-01-15 15:01:38.365202670,16.43,purchase,mrc_9637,DE,dev_225701,0
txn_001094,user_0196,2024-01-15 16:03:34.612043823,85.79,purchase,mrc_4289,GB,dev_520735,0
txn_001095,user_0154,2024-01-15 16:06:30.675196041,88.79,transfer,mrc_9049,NL,dev_343626,0
txn_001096,user_0042,2024-01-15 16:07:57.608697362,74.51,purchase,mrc_2590,IT,dev_165220,0
txn_001097,user_0174,2024-01-15 16:31:17.209482060,42.82,purchase,mrc_4860,US,dev_624267,0
txn_001098,user_0096,2024-01-15 16:36:49.421363896,27.25,purchase,mrc_5146,IN,dev_531876,0
txn_001099,user_0063,2024-01-15 16:38:13.940922428,35.21,purchase,mrc_5736,GB,dev_321655,0
txn_001100,user_0057,2024-01-15 16:46:20.773005001,22.91,withdrawal,mrc_1631,CA,dev_761158,0
txn_001101,user_0095,2024-01-15 17:12:30.653169951,15.55,transfer,mrc_6376,CN,dev_540551,0
txn_001102,user_0059,2024-01-15 17:16:22.250505510,301.21,payment,mrc_7297,US,dev_323460,1
txn_001103,user_0117,2024-01-15 17:16:37.699133132,54.48,transfer,mrc_5688,CN,dev_768665,0
txn_001104,user_0015,2024-01-15 17:18:46.877415920,30.13,withdrawal,mrc_2261,DE,dev_377800,1
txn_001105,user_0095,2024-01-15 17:34:02.031770658,21.64,purchase,mrc_9226,CN,dev_540551,0
txn_001106,user_0148,2024-01-15 17:35:25.080923641,33.77,purchase,mrc_5909,US,dev_481048,0
txn_001107,user_0131,2024-01-15 18:07:01.265642906,91.57,payment,mrc_5178,DE,dev_270545,0
txn_001108,user_0131,2024-01-15 18:08:41.236576524,94.9,transfer,mrc_7268,DE,dev_270545,0
txn_001109,user_0134,2024-01-15 18:12:35.976305933,107.92,purchase,mrc_5913,US,dev_224788,1
txn_001110,user_0196,2024-01-15 18:40:39.932762574,70.41,purchase,mrc_2177,GB,dev_520735,0
txn_001111,user_0062,2024-01-15 19:13:18.748925735,53.85,transfer,mrc_4157,GB,dev_385336,0
txn_001112,user_0098,2024-01-15 19:16:48.839357147,17.62,purchase,mrc_5445,ES,dev_128155,0
txn_001113,user_0001,2024-01-15 19:17:02.677237579,54.14,payment,mrc_9339,DE,dev_785024,0
txn_001114,user_0170,2024-01-15 19:19:34.787318061,16.64,purchase,mrc_9413,ES,dev_674267,0
txn_001115,user_0047,2024-01-15 19:19:43.826013054,19.24,payment,mrc_7643,DE,dev_207760,0
txn_001116,user_0165,2024-01-15 19:26:31.408172491,901.26,purchase,mrc_1941,GB,dev_442674,1
txn_001117,user_0057,2024-01-15 19:32:57.490452779,22.75,purchase,mrc_1631,CA,dev_761158,0
txn_001118,user_0014,2024-01-15 20:02:58.076022297,43.24,purchase,mrc_3753,FR,dev_504424,0
txn_001119,user_0010,2024-01-15 20:03:52.558683840,654.7,withdrawal,mrc_6978,ES,dev_554513,1
txn_001120,user_0145,2024-01-15 20:09:45.711622940,127.3,payment,mrc_3406,BR,dev_839106,0
txn_001121,user_0058,2024-01-15 20:39:22.755577801,34.99,purchase,mrc_6327,US,dev_793227,0
txn_001122,user_0123,2024-01-15 20:43:39.026863155,54.11,purchase,mrc_2479,FR,dev_491106,0
txn_001123,user_0024,2024-01-15 20:58:42.360084852,145.22,transfer,mrc_4419,DE,dev_897665,0
txn_001124,user_0154,2024-01-15 21:19:43.863916788,72.36,purchase,mrc_6382,NL,dev_343626,0
txn_001125,user_0122,2024-01-15 21:31:44.985286302,34.81,purchase,mrc_5063,FR,dev_353998,0
txn_001126,user_0018,2024-01-15 22:05:29.447995522,84.13,payment,mrc_5260,FR,dev_534072,0
txn_001127,user_0032,2024-01-15 22:23:12.510718604,38.26,payment,mrc_5084,IT,dev_966352,0
txn_001128,user_0115,2024-01-15 22:44:16.889540097,38.99,purchase,mrc_1996,FR,dev_180856,0
txn_001129,user_0116,2024-01-15 23:20:35.088027905,64.7,withdrawal,mrc_4690,JP,dev_194702,0
txn_001130,user_0014,2024-01-15 23:31:31.244392956,48.11,purchase,mrc_2590,FR,dev_504424,0
txn_001131,user_0168,2024-01-15 23:43:10.561771095,22.87,purchase,mrc_7047,ES,dev_807983,0
txn_001132,user_0060,2024-01-15 23:44:51.108211024,132.99,purchase,mrc_9529,DE,dev_922343,0
txn_001133,user_0179,2024-01-16 00:08:38.927357526,161.09,transfer,mrc_7342,US,dev_449253,1
txn_001134,user_0028,2024-01-16 00:14:46.737741273,19.76,withdrawal,mrc_4577,IN,dev_743865,0
txn_001135,user_0100,2024-01-16 00:24:45.698801854,251.33,purchase,mrc_5638,GB,dev_643081,0
txn_001136,user_0038,2024-01-16 00:32:32.289163243,86.2,withdrawal,mrc_8010,RU,dev_665036,0
txn_001137,user_0112,2024-01-16 01:14:43.161858283,110.59,withdrawal,mrc_2770,IN,dev_647866,0
txn_001138,user_0173,2024-01-16 01:18:12.943367650,67.03,purchase,mrc_1871,US,dev_515554,0
txn_001139,user_0068,2024-01-16 01:31:43.674529088,109.27,payment,mrc_8525,US,dev_109654,0
txn_001140,user_0162,2024-01-16 02:12:07.116709840,142.97,payment,mrc_4411,DE,dev_495721,0
txn_001141,user_0024,2024-01-16 02:27:47.966829056,211.18,transfer,mrc_7720,DE,dev_897665,0
txn_001142,user_0100,2024-01-16 03:07:14.966188809,203.42,purchase,mrc_8192,GB,dev_643081,0
txn_001143,user_0038,2024-01-16 03:14:28.072144408,58.45,purchase,mrc_5824,RU,dev_665036,0
txn_001144,user_0160,2024-01-16 03:20:14.525539029,4.14,purchase,mrc_5487,BR,dev_932446,0
txn_001145,user_0053,2024-01-16 03:31:47.325083128,44.69,transfer,mrc_5079,JP,dev_877098,0
txn_001146,user_0187,2024-01-16 03:56:49.351487514,17.72,purchase,mrc_1890,FR,dev_943069,0
txn_001147,user_0131,2024-01-16 04:37:12.441460935,81.92,purchase,mrc_7268,DE,dev_270545,0
txn_001148,user_0184,2024-01-16 04:38:31.587657653,68.52,purchase,mrc_5246,DE,dev_200963,0
txn_001149,user_0096,2024-01-16 05:47:59.732378132,24.69,withdrawal,mrc_1437,IN,dev_531876,0
txn_001150,user_0167,2024-01-16 06:04:41.427947484,58.29,withdrawal,mrc_5191,FR,dev_606400,0
txn_001151,user_0112,2024-01-16 07:29:06.298848988,95.78,purchase,mrc_4394,IN,dev_647866,0
txn_001152,user_0184,2024-01-16 08:03:37.811672943,158.38,payment,mrc_3033,DE,dev_200963,0
txn_001153,user_0081,2024-01-16 08:13:29.730672122,23.85,purchase,mrc_4435,PL,dev_707774,0
txn_001154,user_0124,2024-01-16 08:32:04.681696496,129.64,withdrawal,mrc_5757,GB,dev_327865,0
txn_001155,user_0137,2024-01-16 08:40:34.111179134,28.64,purchase,mrc_9423,IN,dev_384439,0
txn_001156,user_0026,2024-01-16 09:36:47.824864996,32.49,purchase,mrc_1125,FR,dev_276791,0
txn_001157,user_0007,2024-01-16 10:36:58.070877877,27.43,purchase,mrc_3209,ES,dev_133536,0
txn_001158,user_0066,2024-01-16 10:45:23.926496669,54.02,purchase,mrc_2076,DE,dev_768422,0
txn_001159,user_0046,2024-01-16 11:41:41.854183308,16.49,payment,mrc_2252,RU,dev_565935,0
txn_001160,user_0193,2024-01-16 11:46:54.709256549,188.5,purchase,mrc_7760,JP,dev_754885,0
txn_001161,user_0081,2024-01-16 12:06:29.190012950,20.6,withdrawal,mrc_4435,PL,dev_707774,0
txn_001162,user_0095,2024-01-16 12:13:50.168705015,20.21,purchase,mrc_3060,CN,dev_540551,0
txn_001163,user_0035,2024-01-16 12:22:09.891518509,58.76,transfer,mrc_7623,NL,dev_149855,0
txn_001164,user_0182,2024-01-16 12:32:23.132416255,81.26,payment,mrc_6066,MX,dev_978161,0
txn_001165,user_0062,2024-01-16 12:43:20.215871647,37.05,transfer,mrc_6091,GB,dev_385336,0
txn_001166,user_0006,2024-01-16 12:43:23.943438680,68.65,purchase,mrc_1066,US,dev_824287,0
txn_001167,user_0072,2024-01-16 12:44:53.640565433,27.74,withdrawal,mrc_7201,CN,dev_152297,0
txn_001168,user_0159,2024-01-16 13:12:42.773320525,27.2,payment,mrc_4983,BR,dev_722789,0
txn_001169,user_0040,2024-01-16 13:22:12.407907877,77.88,purchase,mrc_2646,DE,dev_763249,0
txn_001170,user_0081,2024-01-16 13:22:49.776502262,18.57,payment,mrc_3110,PL,dev_707774,0
txn_001171,user_0123,2024-01-16 14:02:41.420967856,54.75,purchase,mrc_9577,FR,dev_491106,0
txn_001172,user_0088,2024-01-16 14:49:04.965516896,36.91,withdrawal,mrc_3694,IT,dev_918157,0
txn_001173,user_0146,2024-01-16 14:54:07.677253128,56.9,purchase,mrc_5589,ES,dev_229517,0
txn_001174,user_0067,2024-01-16 15:08:42.228518087,52.36,withdrawal,mrc_4002,GB,dev_793538,0
txn_001175,user_0054,2024-01-16 15:13:11.336349666,66.51,withdrawal,mrc_9819,IT,dev_228719,0
txn_001176,user_0072,2024-01-16 15:14:53.347391743,31.81,purchase,mrc_7916,CN,dev_152297,0
txn_001177,user_0079,2024-01-16 15:27:35.412370808,606.12,purchase,mrc_5998,PL,dev_392734,1
txn_001178,user_0079,2024-01-16 16:12:32.926750326,49.9,payment,mrc_8142,FR,dev_392734,0
txn_001179,user_0046,2024-01-16 16:16:09.874109266,27.51,purchase,mrc_8604,RU,dev_565935,0
txn_001180,user_0185,2024-01-16 17:30:34.857449633,131.82,purchase,mrc_2670,ES,dev_494056,0
txn_001181,user_0097,2024-01-16 18:05:51.021433603,67.44,purchase,mrc_9395,JP,dev_180838,0
txn_001182,user_0063,2024-01-16 18:35:46.549915928,33.94,withdrawal,mrc_5736,GB,dev_321655,0
txn_001183,user_0009,2024-01-16 19:10:36.791217621,46.42,purchase,mrc_1524,CN,dev_127736,0
txn_001184,user_0057,2024-01-16 19:22:33.969621620,26.16,purchase,mrc_1490,CA,dev_761158,0
txn_001185,user_0070,2024-01-16 19:25:28.494615270,167.87,purchase,mrc_1401,JP,dev_490400,0
txn_001186,user_0030,2024-01-16 19:30:41.451317519,39.13,payment,mrc_5205,IT,dev_263321,0
txn_001187,user_0111,2024-01-16 20:10:46.351223328,206.71,purchase,mrc_6658,DE,dev_824486,0
txn_001188,user_0074,2024-01-16 20:36:55.452083820,24.0,transfer,mrc_1076,IT,dev_452352,0
txn_001189,user_0103,2024-01-16 21:02:52.330394708,67.3,purchase,mrc_9936,US,dev_931748,0
txn_001190,user_0000,2024-01-16 21:11:05.507851681,72.48,purchase,mrc_7621,NL,dev_281322,0
txn_001191,user_0087,2024-01-16 21:11:23.688501885,43.06,withdrawal,mrc_9072,ES,dev_408962,0
txn_001192,user_0181,2024-01-16 21:22:14.207285293,22.81,purchase,mrc_8742,US,dev_801882,0
txn_001193,user_0116,2024-01-16 21:36:06.926553193,3372.2,transfer,mrc_6525,JP,dev_194702,1
txn_001194,user_0156,2024-01-16 21:47:04.953210218,22.8,purchase,mrc_5692,US,dev_275937,0
txn_001195,user_0007,2024-01-16 21:54:26.556487542,35.96,purchase,mrc_4956,ES,dev_133536,0
txn_001196,user_0114,2024-01-16 22:05:35.972124516,20.66,payment,mrc_9779,GB,dev_530246,0
txn_001197,user_0107,2024-01-16 22:13:56.101166005,25.83,purchase,mrc_1846,RU,dev_985074,0
txn_001198,user_0148,2024-01-16 22:33:40.389502741,35.38,purchase,mrc_3316,US,dev_481048,0
txn_001199,user_0006,2024-01-16 22:45:55.998417940,51.46,purchase,mrc_8022,US,dev_824287,0
txn_001200,user_0078,2024-01-16 22:58:02.209792607,89.76,purchase,mrc_2114,DE,dev_986119,0
txn_001201,user_0056,2024-01-16 23:16:22.866399037,34.42,purchase,mrc_6669,PL,dev_136136,0
txn_001202,user_0093,2024-01-16 23:28:19.810284040,23.53,purchase,mrc_4546,NL,dev_145864,0
txn_001203,user_0083,2024-01-17 00:20:52.677126938,36.38,purchase,mrc_5946,CN,dev_704450,0
txn_001204,user_0129,2024-01-17 00:23:34.433139873,78.49,payment,mrc_6252,NL,dev_987564,0
txn_001205,user_0063,2024-01-17 00:26:21.735234562,59.6,withdrawal,mrc_4882,GB,dev_321655,0
txn_001206,user_0040,2024-01-17 00:57:32.791748055,72.91,purchase,mrc_2646,DE,dev_763249,0
txn_001207,user_0199,2024-01-17 01:15:07.922171656,39.88,purchase,mrc_5968,DE,dev_506218,0
txn_001208,user_0048,2024-01-17 01:24:51.042550274,78.43,withdrawal,mrc_2329,US,dev_786278,0
txn_001209,user_0177,2024-01-17 01:25:23.789465231,29.0,purchase,mrc_5004,DE,dev_240181,0
txn_001210,user_0124,2024-01-17 01:37:12.274121539,101.01,payment,mrc_5184,GB,dev_327865,0
txn_001211,user_0076,2024-01-17 02:02:00.408011909,77.36,purchase,mrc_3562,FR,dev_986288,0
txn_001212,user_0000,2024-01-17 02:02:33.183389736,75.38,purchase,mrc_9779,NL,dev_281322,0
txn_001213,user_0114,2024-01-17 02:03:49.915763084,26.03,transfer,mrc_5309,GB,dev_530246,0
txn_001214,user_0109,2024-01-17 02:06:11.862620410,12.94,purchase,mrc_4716,CN,dev_681298,0
txn_001215,user_0079,2024-01-17 03:06:40.302717938,34.06,purchase,mrc_1763,FR,dev_392734,0
txn_001216,user_0137,2024-01-17 03:20:36.134160405,31.95,withdrawal,mrc_9969,IN,dev_384439,0
txn_001217,user_0139,2024-01-17 04:14:16.398688474,49.47,payment,mrc_4293,CN,dev_613879,0
txn_001218,user_0144,2024-01-17 04:37:15.331325608,134.04,transfer,mrc_8086,US,dev_431862,0
txn_001219,user_0018,2024-01-17 04:39:18.199069676,65.82,purchase,mrc_9439,FR,dev_534072,0
txn_001220,user_0192,2024-01-17 04:50:21.876843994,17.49,payment,mrc_2389,US,dev_664141,0
txn_001221,user_0141,2024-01-17 05:05:17.176662057,34.14,purchase,mrc_1626,IT,dev_998747,0
txn_001222,user_0007,2024-01-17 05:17:27.591215280,15.75,purchase,mrc_2030,ES,dev_133536,0
txn_001223,user_0015,2024-01-17 05:28:36.891518770,42.18,purchase,mrc_1852,DE,dev_377800,1
txn_001224,user_0029,2024-01-17 05:52:01.606641589,121.78,purchase,mrc_5491,GB,dev_964255,0
txn_001225,user_0155,2024-01-17 05:54:21.683984415,98.53,payment,mrc_5271,FR,dev_681661,0
txn_001226,user_0067,2024-01-17 05:59:19.052172727,22.29,purchase,mrc_7347,GB,dev_793538,0
txn_001227,user_0022,2024-01-17 06:07:31.319314643,201.4,withdrawal,mrc_6712,GB,dev_282464,0
txn_001228,user_0195,2024-01-17 07:40:10.960044619,110.85,purchase,mrc_2587,FR,dev_495433,0
txn_001229,user_0039,2024-01-17 09:01:59.984241082,64.17,purchase,mrc_4902,DE,dev_717548,0
txn_001230,user_0036,2024-01-17 09:18:42.574152995,33.09,transfer,mrc_6782,GB,dev_305262,0
txn_001231,user_0063,2024-01-17 09:36:32.782883393,40.33,purchase,mrc_4882,GB,dev_321655,0
txn_001232,user_0069,2024-01-17 09:36:51.685291642,14.44,payment,mrc_1720,FR,dev_858651,0
txn_001233,user_0078,2024-01-17 10:06:42.319081302,84.99,withdrawal,mrc_3679,DE,dev_986119,0
txn_001234,user_0099,2024-01-17 10:09:58.821212804,71.1,purchase,mrc_5089,RU,dev_104267,0
txn_001235,user_0124,2024-01-17 10:17:58.654395376,87.84,purchase,mrc_6472,GB,dev_327865,0
txn_001236,user_0138,2024-01-17 10:32:53.950363147,354.24,transfer,mrc_6273,IT,dev_670415,0
txn_001237,user_0163,2024-01-17 10:42:54.253056978,40.23,payment,mrc_4153,ES,dev_939500,0
txn_001238,user_0031,2024-01-17 10:51:05.253488985,191.0,purchase,mrc_8808,GB,dev_400819,1
txn_001239,user_0041,2024-01-17 10:53:27.399271682,54.75,purchase,mrc_5818,FR,dev_793260,0
txn_001240,user_0038,2024-01-17 10:54:12.758416155,47.86,purchase,mrc_7650,RU,dev_665036,0
txn_001241,user_0151,2024-01-17 11:04:06.367668418,96.61,purchase,mrc_6553,MX,dev_688185,0
txn_001242,user_0169,2024-01-17 11:10:36.891033867,49.12,purchase,mrc_9378,MX,dev_169030,0
txn_001243,user_0154,2024-01-17 11:46:37.597843255,51.15,purchase,mrc_7961,NL,dev_343626,0
txn_001244,user_0038,2024-01-17 11:49:22.765224098,120.59,purchase,mrc_8010,RU,dev_665036,0
txn_001245,user_0186,2024-01-17 12:37:35.260577299,35.06,payment,mrc_2690,PL,dev_912390,0
txn_001246,user_0173,2024-01-17 12:39:54.219332114,67.71,transfer,mrc_2671,US,dev_515554,0
txn_001247,user_0052,2024-01-17 12:44:08.191733938,42.81,transfer,mrc_8531,CN,dev_926596,0
txn_001248,user_0180,2024-01-17 12:45:36.534047284,14.57,withdrawal,mrc_7513,DE,dev_275394,0
txn_001249,user_0007,2024-01-17 13:19:49.197139575,25.53,purchase,mrc_2030,ES,dev_133536,0
txn_001250,user_0165,2024-01-17 13:41:57.613659470,113.49,withdrawal,mrc_9346,GB,dev_450186,0
txn_001251,user_0089,2024-01-17 13:52:59.742374760,83.92,purchase,mrc_3255,GB,dev_154564,0
txn_001252,user_0133,2024-01-17 14:11:00.186971055,37.28,purchase,mrc_8839,NL,dev_254947,0
txn_001253,user_0079,2024-01-17 14:23:46.509157459,52.38,transfer,mrc_3176,FR,dev_392734,0
txn_001254,user_0074,2024-01-17 14:34:53.584764563,26.21,payment,mrc_4049,IT,dev_452352,0
txn_001255,user_0045,2024-01-17 14:35:48.241835188,25.66,withdrawal,mrc_6083,US,dev_568492,0
txn_001256,user_0047,2024-01-17 15:04:03.539177785,16.13,purchase,mrc_7643,DE,dev_207760,0
txn_001257,user_0011,2024-01-17 15:09:55.158851438,37.64,withdrawal,mrc_7266,FR,dev_250275,0
txn_001258,user_0080,2024-01-17 16:24:15.103561166,299.2,purchase,mrc_9577,US,dev_149548,1
txn_001259,user_0017,2024-01-17 16:37:57.714523683,51.32,transfer,mrc_2363,DE,dev_628879,0
txn_001260,user_0184,2024-01-17 17:23:55.925331917,141.94,purchase,mrc_4664,DE,dev_200963,0
txn_001261,user_0191,2024-01-17 17:33:00.209735066,36.0,purchase,mrc_4146,US,dev_830909,0
txn_001262,user_0034,2024-01-17 17:46:26.820898831,14.1,purchase,mrc_5862,GB,dev_379300,0
txn_001263,user_0064,2024-01-17 18:23:36.818577750,72.2,purchase,mrc_3829,IN,dev_424591,0
txn_001264,user_0006,2024-01-17 18:27:42.544587863,49.11,purchase,mrc_8243,US,dev_824287,0
txn_001265,user_0103,2024-01-17 18:53:34.831734874,82.46,purchase,mrc_9936,US,dev_931748,0
txn_001266,user_0029,2024-01-17 18:56:57.560958576,132.39,purchase,mrc_6371,GB,dev_964255,0
txn_001267,user_0062,2024-01-17 19:10:04.330217446,31.39,withdrawal,mrc_6151,GB,dev_385336,0
txn_001268,user_0171,2024-01-17 19:20:56.809184870,24.52,payment,mrc_1215,GB,dev_735490,0
txn_001269,user_0032,2024-01-17 19:31:52.884004362,37.55,withdrawal,mrc_3129,IT,dev_966352,0
txn_001270,user_0067,2024-01-17 19:37:05.597398100,22.93,purchase,mrc_7776,GB,dev_793538,0
txn_001271,user_0086,2024-01-17 19:38:49.855094130,55.38,payment,mrc_8925,US,dev_547224,0
txn_001272,user_0054,2024-01-17 20:39:29.357287923,69.23,purchase,mrc_6452,IT,dev_228719,0
txn_001273,user_0124,2024-01-17 20:44:52.928772535,109.72,purchase,mrc_5757,GB,dev_327865,0
txn_001274,user_0091,2024-01-17 21:00:18.735969145,24.15,purchase,mrc_9441,DE,dev_225701,0
txn_001275,user_0179,2024-01-17 21:18:53.072105959,20.28,payment,mrc_2939,ES,dev_449253,0
txn_001276,user_0178,2024-01-17 21:20:10.201285967,51.2,payment,mrc_8469,US,dev_706543,0
txn_001277,user_0183,2024-01-17 21:22:23.433162831,45.88,purchase,mrc_8204,ES,dev_427912,0
txn_001278,user_0094,2024-01-17 21:47:51.481581630,95.59,purchase,mrc_5572,CN,dev_246312,0
txn_001279,user_0144,2024-01-17 22:18:53.750781129,150.57,payment,mrc_7130,US,dev_431862,0
txn_001280,user_0194,2024-01-17 22:32:03.616664193,77.26,payment,mrc_5951,US,dev_530563,0
txn_001281,user_0184,2024-01-17 22:53:35.899013508,184.07,purchase,mrc_3033,DE,dev_200963,0
txn_001282,user_0081,2024-01-17 22:56:18.068564618,19.38,payment,mrc_4435,PL,dev_707774,0
txn_001283,user_0121,2024-01-17 23:04:13.220030103,109.41,purchase,mrc_2451,GB,dev_581381,0
txn_001284,user_0086,2024-01-17 23:32:52.164075634,46.56,withdrawal,mrc_5079,US,dev_547224,0
txn_001285,user_0164,2024-01-17 23:39:55.770090575,30.93,purchase,mrc_9715,US,dev_375115,0
txn_001286,user_0034,2024-01-17 23:42:52.235992857,47.19,purchase,mrc_1190,GB,dev_379300,0
txn_001287,user_0081,2024-01-18 00:03:58.111937614,16.54,purchase,mrc_8207,PL,dev_707774,0
txn_001288,user_0166,2024-01-18 00:04:49.157320207,166.08,payment,mrc_9420,IN,dev_702052,0
txn_001289,user_0159,2024-01-18 00:28:39.060433133,28.87,payment,mrc_2889,BR,dev_722789,0
txn_001290,user_0038,2024-01-18 00:36:41.968657961,56.01,purchase,mrc_6545,RU,dev_665036,0
txn_001291,user_0060,2024-01-18 01:03:19.140381369,103.03,payment,mrc_9759,DE,dev_922343,0
txn_001292,user_0022,2024-01-18 02:12:18.555261126,237.66,purchase,mrc_6712,GB,dev_282464,0
txn_001293,user_0074,2024-01-18 02:28:34.611831988,23.64,purchase,mrc_4049,IT,dev_452352,0
txn_001294,user_0141,2024-01-18 03:30:28.447701953,31.21,purchase,mrc_1626,IT,dev_998747,0
txn_001295,user_0079,2024-01-18 04:21:28.282300230,27.98,payment,mrc_6847,FR,dev_392734,0
txn_001296,user_0104,2024-01-18 04:54:40.505941050,803.55,withdrawal,mrc_2640,ES,dev_191429,1
txn_001297,user_0051,2024-01-18 05:07:37.582746715,59.04,withdrawal,mrc_3717,GB,dev_971478,0
txn_001298,user_0151,2024-01-18 05:52:57.529065679,89.31,purchase,mrc_5089,MX,dev_688185,0
txn_001299,user_0057,2024-01-18 05:59:40.761121917,18.49,withdrawal,mrc_6546,CA,dev_761158,0
txn_001300,user_0015,2024-01-18 06:26:41.933559731,57.24,purchase,mrc_1852,DE,dev_377800,1
txn_001301,user_0191,2024-01-18 06:28:33.946703516,64.36,purchase,mrc_4481,US,dev_830909,0
txn_001302,user_0001,2024-01-18 06:30:39.677433630,45.05,payment,mrc_9339,DE,dev_785024,0
txn_001303,user_0087,2024-01-18 06:46:53.831122880,34.86,withdrawal,mrc_6043,ES,dev_408962,0
txn_001304,user_0196,2024-01-18 06:51:52.555755265,65.28,withdrawal,mrc_4289,GB,dev_520735,0
txn_001305,user_0170,2024-01-18 07:01:45.093365928,24.17,purchase,mrc_4758,ES,dev_674267,0
txn_001306,user_0179,2024-01-18 09:11:13.164595366,19.32,withdrawal,mrc_9687,ES,dev_449253,0
txn_001307,user_0141,2024-01-18 09:20:32.162115967,25.28,payment,mrc_9395,IT,dev_998747,0
txn_001308,user_0073,2024-01-18 09:26:38.427021255,50.66,payment,mrc_8630,CN,dev_866813,0
txn_001309,user_0128,2024-01-18 09:32:35.362174079,669.36,purchase,mrc_6396,PL,dev_669053,1
txn_001310,user_0192,2024-01-18 09:50:24.816547812,29.63,purchase,mrc_9603,US,dev_664141,0
txn_001311,user_0171,2024-01-18 09:56:14.525617397,34.19,payment,mrc_1594,GB,dev_735490,0
txn_001312,user_0029,2024-01-18 10:02:43.186772563,127.44,purchase,mrc_5996,GB,dev_964255,0
txn_001313,user_0137,2024-01-18 10:32:41.222824511,23.17,purchase,mrc_7704,IN,dev_384439,0
txn_001314,user_0116,2024-01-18 10:59:33.868017102,47.6,purchase,mrc_4690,JP,dev_194702,0
txn_001315,user_0013,2024-01-18 11:06:45.027104169,55.89,payment,mrc_8007,MX,dev_965706,0
txn_001316,user_0044,2024-01-18 11:25:08.774647146,18.6,purchase,mrc_5006,BR,dev_176043,0
txn_001317,user_0110,2024-01-18 11:43:13.067097969,70.25,payment,mrc_8749,JP,dev_758021,0
txn_001318,user_0054,2024-01-18 12:49:06.790188365,59.75,transfer,mrc_9819,IT,dev_228719,0
txn_001319,user_0023,2024-01-18 12:58:01.369336680,79.21,purchase,mrc_9016,CA,dev_236385,0
txn_001320,user_0095,2024-01-18 13:16:00.195483008,24.89,purchase,mrc_6376,CN,dev_540551,0
txn_001321,user_0026,2024-01-18 13:20:10.353777856,28.22,withdrawal,mrc_2568,FR,dev_276791,0
txn_001322,user_0116,2024-01-18 14:05:49.528968639,64.31,payment,mrc_4690,JP,dev_194702,0
txn_001323,user_0046,2024-01-18 14:18:49.789829376,20.22,purchase,mrc_8604,RU,dev_565935,0
txn_001324,user_0122,2024-01-18 14:24:38.850254909,27.52,purchase,mrc_4539,FR,dev_353998,0
txn_001325,user_0042,2024-01-18 14:27:36.895753710,35.67,purchase,mrc_1316,IT,dev_165220,0
txn_001326,user_0095,2024-01-18 14:47:44.410833097,3024.66,transfer,mrc_3060,FR,dev_540551,1
txn_001327,user_0077,2024-01-18 15:02:37.032510127,29.83,withdrawal,mrc_6886,FR,dev_803803,0
txn_001328,user_0161,2024-01-18 15:22:53.783257738,64.22,withdrawal,mrc_1929,US,dev_689131,0
txn_001329,user_0115,2024-01-18 15:31:46.127156079,27.64,payment,mrc_6872,FR,dev_180856,0
txn_001330,user_0183,2024-01-18 16:10:25.577052349,42.97,transfer,mrc_5834,ES,dev_427912,0
txn_001331,user_0148,2024-01-18 16:27:25.160448137,29.14,purchase,mrc_7639,US,dev_481048,0
txn_001332,user_0032,2024-01-18 16:53:11.508187630,25.17,payment,mrc_7713,IT,dev_966352,0
txn_001333,user_0091,2024-01-18 16:58:53.238352177,38.73,purchase,mrc_9637,DE,dev_225701,0
txn_001334,user_0030,2024-01-18 17:16:18.154381784,50.59,purchase,mrc_1160,IT,dev_263321,0
txn_001335,user_0012,2024-01-18 17:21:45.879775865,95.48,purchase,mrc_1788,IT,dev_646476,0
txn_001336,user_0131,2024-01-18 18:00:58.565968071,52.71,purchase,mrc_5178,DE,dev_270545,0
txn_001337,user_0000,2024-01-18 18:40:17.284270866,65.89,withdrawal,mrc_5737,NL,dev_281322,0
txn_001338,user_0037,2024-01-18 18:47:52.741902976,22.63,withdrawal,mrc_8533,US,dev_183988,0
txn_001339,user_0126,2024-01-18 18:52:12.648846259,33.8,transfer,mrc_9313,RU,dev_408162,0
txn_001340,user_0171,2024-01-18 20:00:56.390490587,14.17,purchase,mrc_1215,GB,dev_735490,0
txn_001341,user_0010,2024-01-18 20:16:23.595941118,73.65,withdrawal,mrc_8325,ES,dev_554513,0
txn_001342,user_0178,2024-01-18 20:34:02.050981340,51.37,withdrawal,mrc_2142,US,dev_706543,0
txn_001343,user_0139,2024-01-18 20:48:02.541768988,55.9,purchase,mrc_1067,CN,dev_613879,0
txn_001344,user_0114,2024-01-18 21:11:20.450979873,25.89,purchase,mrc_5309,GB,dev_530246,0
txn_001345,user_0171,2024-01-18 21:19:30.225712630,22.36,purchase,mrc_1215,GB,dev_735490,0
txn_001346,user_0165,2024-01-18 21:33:22.352414949,98.79,purchase,mrc_8440,GB,dev_450186,0
txn_001347,user_0145,2024-01-18 21:53:33.538955257,140.89,withdrawal,mrc_9036,BR,dev_839106,0
txn_001348,user_0052,2024-01-18 22:09:42.753467454,66.17,purchase,mrc_9990,CN,dev_926596,0
txn_001349,user_0149,2024-01-18 22:16:37.491458388,440.34,withdrawal,mrc_2972,DE,dev_961703,1
txn_001350,user_0088,2024-01-18 22:29:57.049705701,52.32,purchase,mrc_3694,IT,dev_918157,0
txn_001351,user_0027,2024-01-18 23:09:09.189128862,63.63,purchase,mrc_6229,FR,dev_934751,0
txn_001352,user_0024,2024-01-18 23:17:52.749583764,153.22,transfer,mrc_7628,DE,dev_897665,0
txn_001353,user_0022,2024-01-18 23:53:30.711811810,317.98,purchase,mrc_6712,GB,dev_282464,0
txn_001354,user_0110,2024-01-19 01:14:06.564942764,51.41,purchase,mrc_8749,JP,dev_758021,0
txn_001355,user_0160,2024-01-19 01:23:23.318452715,99.58,purchase,mrc_3933,BR,dev_932446,0
txn_001356,user_0172,2024-01-19 01:35:18.888532041,71.22,purchase,mrc_4390,US,dev_663974,0
txn_001357,user_0126,2024-01-19 01:56:47.994880442,42.24,transfer,mrc_3584,RU,dev_408162,0
txn_001358,user_0148,2024-01-19 02:00:26.552313861,24.45,payment,mrc_7639,US,dev_481048,0
txn_001359,user_0116,2024-01-19 02:16:02.592930219,37.57,purchase,mrc_4690,JP,dev_194702,0
txn_001360,user_0045,2024-01-19 02:32:52.043525067,27.0,withdrawal,mrc_2163,US,dev_568492,0
txn_001361,user_0037,2024-01-19 02:34:15.688537250,475.48,payment,mrc_8533,US,dev_183988,1
txn_001362,user_0174,2024-01-19 02:34:59.126985750,89.05,purchase,mrc_8841,US,dev_624267,0
txn_001363,user_0137,2024-01-19 02:47:11.149597417,32.33,transfer,mrc_7704,IN,dev_384439,0
txn_001364,user_0175,2024-01-19 02:51:38.598225351,78.74,purchase,mrc_6945,CA,dev_530674,0
txn_001365,user_0161,2024-01-19 03:49:02.141352412,54.2,withdrawal,mrc_2951,US,dev_689131,0
txn_001366,user_0150,2024-01-19 06:01:14.192347640,98.31,purchase,mrc_4586,US,dev_139544,0
txn_001367,user_0198,2024-01-19 06:14:05.578948149,9.6,purchase,mrc_8122,IT,dev_496956,0
txn_001368,user_0071,2024-01-19 06:37:07.485284563,22.63,transfer,mrc_6841,CN,dev_627800,0
txn_001369,user_0174,2024-01-19 06:57:22.992802292,77.99,transfer,mrc_4237,US,dev_624267,0
txn_001370,user_0030,2024-01-19 07:04:20.413957005,65.82,purchase,mrc_7644,IT,dev_263321,0
txn_001371,user_0076,2024-01-19 07:41:53.400801767,32.16,purchase,mrc_6609,FR,dev_986288,0
txn_001372,user_0046,2024-01-19 08:33:28.493496100,15.96,withdrawal,mrc_9380,RU,dev_565935,0
txn_001373,user_0116,2024-01-19 09:15:25.887305521,44.69,purchase,mrc_4690,JP,dev_194702,0
txn_001374,user_0026,2024-01-19 09:45:16.849264231,27.58,purchase,mrc_9408,FR,dev_276791,0
txn_001375,user_0103,2024-01-19 10:07:00.395936301,73.72,purchase,mrc_6199,US,dev_931748,0
txn_001376,user_0026,2024-01-19 10:09:17.132349645,33.23,payment,mrc_2294,FR,dev_276791,0
txn_001377,user_0188,2024-01-19 10:24:39.712383194,34.56,purchase,mrc_6499,GB,dev_530151,0
txn_001378,user_0138,2024-01-19 11:14:37.604457375,15255.43,purchase,mrc_3748,PL,dev_670415,1
txn_001379,user_0171,2024-01-19 11:26:02.960438604,23.43,purchase,mrc_1594,GB,dev_735490,0
txn_001380,user_0173,2024-01-19 12:15:38.570050479,60.6,purchase,mrc_5607,US,dev_515554,0
txn_001381,user_0165,2024-01-19 12:19:06.591533851,103.15,purchase,mrc_9346,GB,dev_450186,0
txn_001382,user_0041,2024-01-19 12:24:21.936087228,47.11,withdrawal,mrc_9643,FR,dev_793260,0
txn_001383,user_0106,2024-01-19 12:29:55.096439430,81.83,payment,mrc_7825,DE,dev_776495,0
txn_001384,user_0022,2024-01-19 12:35:52.164399577,144.16,purchase,mrc_9148,GB,dev_282464,0
txn_001385,user_0137,2024-01-19 12:47:59.967171641,32.71,payment,mrc_1188,IN,dev_384439,0
txn_001386,user_0067,2024-01-19 12:54:58.107849893,28.91,purchase,mrc_7776,GB,dev_793538,0
txn_001387,user_0114,2024-01-19 13:31:12.142881328,253.84,transfer,mrc_2671,PL,dev_443033,1
txn_001388,user_0071,2024-01-19 13:33:01.115282671,17.17,purchase,mrc_8149,CN,dev_627800,0
txn_001389,user_0028,2024-01-19 13:47:00.138779391,20.29,payment,mrc_9757,IN,dev_743865,0
txn_001390,user_0031,2024-01-19 13:53:56.123660923,267.4,payment,mrc_6427,GB,dev_400819,1
txn_001391,user_0039,2024-01-19 14:24:12.607041827,43.59,purchase,mrc_5300,DE,dev_717548,0
txn_001392,user_0111,2024-01-19 14:34:22.185253099,200.09,purchase,mrc_8987,DE,dev_824486,0
txn_001393,user_0104,2024-01-19 15:41:14.116117671,55.09,purchase,mrc_2640,ES,dev_626174,0
txn_001394,user_0064,2024-01-19 16:23:52.471697512,74.55,purchase,mrc_3829,IN,dev_424591,0
txn_001395,user_0054,2024-01-19 16:38:37.389434293,61.26,purchase,mrc_1325,IT,dev_228719,0
txn_001396,user_0051,2024-01-19 16:57:03.242304721,75.28,purchase,mrc_5639,GB,dev_971478,0
txn_001397,user_0005,2024-01-19 17:35:18.790828053,24.49,purchase,mrc_7301,BR,dev_528133,0
txn_001398,user_0117,2024-01-19 17:52:56.658347083,131.22,purchase,mrc_3279,CN,dev_768665,0
txn_001399,user_0179,2024-01-19 18:09:41.064240008,22.31,payment,mrc_9687,ES,dev_449253,0
txn_001400,user_0151,2024-01-19 18:11:00.478493607,109.36,purchase,mrc_6553,MX,dev_688185,0
txn_001401,user_0085,2024-01-19 18:11:41.676145708,37.81,withdrawal,mrc_2975,CA,dev_870105,0
txn_001402,user_0145,2024-01-19 18:25:55.842295081,173.92,purchase,mrc_3406,BR,dev_839106,0
txn_001403,user_0141,2024-01-19 18:47:50.013722920,27.09,purchase,mrc_9826,IT,dev_998747,0
txn_001404,user_0090,2024-01-19 19:03:49.578929829,103.31,purchase,mrc_2540,BR,dev_704432,0
txn_001405,user_0169,2024-01-19 19:11:04.769493125,32.28,payment,mrc_8126,MX,dev_169030,0
txn_001406,user_0169,2024-01-19 19:47:47.018040526,34.38,purchase,mrc_8902,MX,dev_169030,0
txn_001407,user_0139,2024-01-19 20:01:43.297334245,44.27,withdrawal,mrc_1352,CN,dev_613879,0
txn_001408,user_0074,2024-01-19 20:16:14.739436499,36.65,purchase,mrc_3847,IT,dev_452352,0
txn_001409,user_0075,2024-01-19 20:23:59.716128925,35.04,purchase,mrc_4739,GB,dev_228165,0
txn_001410,user_0193,2024-01-19 20:25:40.318811006,172.34,purchase,mrc_8087,JP,dev_754885,0
txn_001411,user_0061,2024-01-19 20:26:39.769854294,107.67,withdrawal,mrc_6294,IT,dev_350267,0
txn_001412,user_0000,2024-01-19 20:39:39.734593426,80.94,purchase,mrc_9779,NL,dev_281322,0
txn_001413,user_0037,2024-01-19 21:09:01.883291172,33.94,transfer,mrc_1467,US,dev_183988,0
txn_001414,user_0169,2024-01-19 21:41:01.652061994,48.2,purchase,mrc_8699,MX,dev_169030,0
txn_001415,user_0121,2024-01-19 21:54:01.850803030,102.04,purchase,mrc_3235,GB,dev_581381,0
txn_001416,user_0120,2024-01-19 21:55:38.044527127,81.28,withdrawal,mrc_5048,DE,dev_190355,0
txn_001417,user_0196,2024-01-19 22:30:06.753309878,61.26,withdrawal,mrc_2177,GB,dev_520735,0
txn_001418,user_0094,2024-01-19 22:33:42.768798086,78.39,purchase,mrc_1999,CN,dev_246312,0
txn_001419,user_0041,2024-01-19 22:47:50.418698683,51.58,purchase,mrc_5818,FR,dev_793260,0
txn_001420,user_0196,2024-01-19 22:56:20.351020583,81.09,purchase,mrc_3454,GB,dev_520735,0
txn_001421,user_0004,2024-01-19 23:33:37.794833531,268.71,purchase,mrc_5166,DE,dev_168708,0
txn_001422,user_0040,2024-01-19 23:42:09.378280639,61.1,purchase,mrc_4904,DE,dev_763249,0
txn_001423,user_0152,2024-01-19 23:54:53.655122795,29.84,purchase,mrc_1239,BR,dev_360174,0
txn_001424,user_0043,2024-01-20 00:32:23.462122604,1394.17,payment,mrc_6596,GB,dev_672596,1
txn_001425,user_0157,2024-01-20 01:39:42.135891691,66.65,purchase,mrc_4079,DE,dev_319870,0
txn_001426,user_0057,2024-01-20 01:41:22.734877827,36.4,purchase,mrc_1490,CA,dev_761158,0
txn_001427,user_0109,2024-01-20 01:47:21.078993817,23.52,purchase,mrc_5652,CN,dev_681298,0
txn_001428,user_0043,2024-01-20 02:16:50.875141802,46.92,purchase,mrc_6226,IT,dev_672596,0
txn_001429,user_0194,2024-01-20 02:38:42.510132612,79.97,purchase,mrc_5951,US,dev_530563,0
txn_001430,user_0177,2024-01-20 02:46:46.803350784,53.09,withdrawal,mrc_1567,DE,dev_240181,0
txn_001431,user_0146,2024-01-20 03:07:04.175968872,58.08,purchase,mrc_3040,ES,dev_229517,0
txn_001432,user_0105,2024-01-20 03:10:08.373171459,18.64,purchase,mrc_1467,NL,dev_979037,0
txn_001433,user_0041,2024-01-20 03:12:49.921669084,31.45,purchase,mrc_5818,FR,dev_793260,0
txn_001434,user_0045,2024-01-20 03:18:58.367948416,30.37,payment,mrc_2541,US,dev_568492,0
txn_001435,user_0168,2024-01-20 03:47:25.829416326,17.14,purchase,mrc_3432,ES,dev_807983,0
txn_001436,user_0172,2024-01-20 03:47:57.627771163,91.08,purchase,mrc_2022,US,dev_663974,0
txn_001437,user_0130,2024-01-20 04:13:18.924685140,53.1,purchase,mrc_4296,GB,dev_425066,0
txn_001438,user_0187,2024-01-20 04:16:53.535078219,34.42,purchase,mrc_5612,FR,dev_943069,0
txn_001439,user_0077,2024-01-20 04:38:06.902225169,22.39,purchase,mrc_4751,FR,dev_803803,0
txn_001440,user_0184,2024-01-20 04:52:05.170916336,394.77,withdrawal,mrc_3033,DE,dev_200963,0
txn_001441,user_0179,2024-01-20 05:09:41.849855502,19.51,purchase,mrc_9089,ES,dev_449253,0
txn_001442,user_0004,2024-01-20 06:01:26.783964299,301.2,purchase,mrc_8160,DE,dev_168708,0
txn_001443,user_0166,2024-01-20 06:02:34.110961045,274.99,purchase,mrc_7123,IN,dev_702052,0
txn_001444,user_0157,2024-01-20 06:19:49.150049398,72.66,payment,mrc_4215,DE,dev_319870,1
txn_001445,user_0114,2024-01-20 06:33:52.637201157,16.36,withdrawal,mrc_5309,GB,dev_530246,0
txn_001446,user_0124,2024-01-20 06:35:32.826328379,102.64,purchase,mrc_9737,GB,dev_327865,0
txn_001447,user_0083,2024-01-20 06:52:25.649392019,1315.13,payment,mrc_3690,IN,dev_704450,1
txn_001448,user_0022,2024-01-20 07:47:45.863038651,316.85,payment,mrc_5634,GB,dev_282464,0
txn_001449,user_0044,2024-01-20 07:49:57.509532689,19.57,withdrawal,mrc_8155,BR,dev_176043,0
txn_001450,user_0178,2024-01-20 08:00:04.144463102,50.37,payment,mrc_6571,US,dev_706543,1
txn_001451,user_0026,2024-01-20 08:08:25.418855499,37.24,purchase,mrc_2568,FR,dev_276791,0
txn_001452,user_0024,2024-01-20 08:10:04.198236901,116.23,withdrawal,mrc_7720,DE,dev_897665,0
txn_001453,user_0178,2024-01-20 08:11:12.088407008,41.42,purchase,mrc_2147,US,dev_706543,1
txn_001454,user_0175,2024-01-20 08:17:17.396034004,70.52,purchase,mrc_3715,CA,dev_530674,0
txn_001455,user_0178,2024-01-20 08:18:30.700993867,42.91,purchase,mrc_8469,US,dev_706543,1
txn_001456,user_0178,2024-01-20 08:22:48.358930752,41.53,purchase,mrc_2147,US,dev_706543,1
txn_001457,user_0125,2024-01-20 08:26:11.233744248,16.89,purchase,mrc_9285,FR,dev_268514,0
txn_001458,user_0052,2024-01-20 08:27:08.811331042,75.98,purchase,mrc_1388,CN,dev_926596,0
txn_001459,user_0195,2024-01-20 08:27:30.852774685,119.63,payment,mrc_4246,FR,dev_495433,0
txn_001460,user_0178,2024-01-20 08:28:09.056782648,46.97,purchase,mrc_8578,US,dev_706543,1
txn_001461,user_0178,2024-01-20 08:32:02.311521351,58.57,purchase,mrc_6571,US,dev_706543,1
txn_001462,user_0178,2024-01-20 08:35:07.894977443,45.53,transfer,mrc_2147,US,dev_706543,1
txn_001463,user_0137,2024-01-20 08:47:55.693153239,40.3,withdrawal,mrc_3098,IN,dev_384439,0
txn_001464,user_0178,2024-01-20 08:48:21.888063763,46.26,purchase,mrc_8578,US,dev_706543,1
txn_001465,user_0178,2024-01-20 08:48:48.317885643,52.72,withdrawal,mrc_9782,US,dev_706543,1
txn_001466,user_0178,2024-01-20 08:50:08.247170803,45.93,transfer,mrc_2147,US,dev_706543,1
txn_001467,user_0166,2024-01-20 09:31:36.920771919,74.74,transfer,mrc_9420,IN,dev_702052,0
txn_001468,user_0081,2024-01-20 09:47:14.392167820,13.83,payment,mrc_1440,PL,dev_707774,0
txn_001469,user_0006,2024-01-20 10:25:04.145936791,60.29,purchase,mrc_8243,US,dev_824287,0
txn_001470,user_0149,2024-01-20 10:46:12.938674528,36.14,payment,mrc_2875,DE,dev_777095,0
txn_001471,user_0153,2024-01-20 11:23:57.532971872,11.11,withdrawal,mrc_2419,DE,dev_332714,0
txn_001472,user_0045,2024-01-20 11:38:34.971629150,3102.91,payment,mrc_2509,NL,dev_568492,1
txn_001473,user_0174,2024-01-20 11:58:59.790666687,53.07,purchase,mrc_8956,US,dev_624267,0
txn_001474,user_0072,2024-01-20 12:08:02.957412657,36.39,withdrawal,mrc_7201,CN,dev_152297,0
txn_001475,user_0176,2024-01-20 12:14:07.868101742,36.84,purchase,mrc_8511,US,dev_354405,0
txn_001476,user_0132,2024-01-20 12:16:31.768809525,57.59,purchase,mrc_3938,IT,dev_759758,0
txn_001477,user_0138,2024-01-20 12:23:39.384443273,379.0,withdrawal,mrc_5155,IT,dev_670415,0
txn_001478,user_0196,2024-01-20 12:30:43.822693851,72.98,purchase,mrc_1129,GB,dev_520735,0
txn_001479,user_0194,2024-01-20 12:50:13.996059210,79.85,purchase,mrc_5329,US,dev_530563,0
txn_001480,user_0157,2024-01-20 13:02:09.391417412,101.73,purchase,mrc_4215,DE,dev_319870,1
txn_001481,user_0139,2024-01-20 13:22:39.428058170,37.87,purchase,mrc_1352,CN,dev_613879,0
txn_001482,user_0050,2024-01-20 13:25:37.579434598,92.75,withdrawal,mrc_5303,CN,dev_890140,0
txn_001483,user_0160,2024-01-20 13:56:37.692924345,31.98,payment,mrc_5487,BR,dev_932446,0
txn_001484,user_0057,2024-01-20 13:57:19.938316713,27.84,purchase,mrc_1490,CA,dev_761158,0
txn_001485,user_0193,2024-01-20 14:10:35.419916383,1505.96,transfer,mrc_2576,JP,dev_754885,1
txn_001486,user_0148,2024-01-20 14:18:07.801879543,23.97,purchase,mrc_7639,US,dev_481048,0
txn_001487,user_0009,2024-01-20 14:44:01.056130312,42.64,payment,mrc_8394,CN,dev_127736,0
txn_001488,user_0065,2024-01-20 14:56:03.396641527,72.56,purchase,mrc_1598,GB,dev_853643,0
txn_001489,user_0153,2024-01-20 14:56:40.041826483,22.29,purchase,mrc_4136,DE,dev_332714,0
txn_001490,user_0171,2024-01-20 14:57:58.004196248,254.83,payment,mrc_1594,GB,dev_735490,1
txn_001491,user_0120,2024-01-20 15:06:42.975101824,48.8,payment,mrc_2666,DE,dev_190355,0
txn_001492,user_0037,2024-01-20 15:07:33.730339095,36.47,purchase,mrc_1960,US,dev_183988,0
txn_001493,user_0079,2024-01-20 15:10:35.120969949,42.13,purchase,mrc_8142,FR,dev_392734,0
txn_001494,user_0007,2024-01-20 16:02:35.224077623,20.75,purchase,mrc_3209,ES,dev_133536,0
txn_001495,user_0029,2024-01-20 16:05:33.129416241,137.23,transfer,mrc_2333,GB,dev_964255,0
txn_001496,user_0026,2024-01-20 16:25:20.803035919,22.19,withdrawal,mrc_1125,FR,dev_276791,0
txn_001497,user_0047,2024-01-20 16:31:35.987124373,18.47,withdrawal,mrc_7040,DE,dev_207760,0
txn_001498,user_0119,2024-01-20 16:47:01.814972608,51.78,withdrawal,mrc_9064,IN,dev_467629,0
txn_001499,user_0024,2024-01-20 17:27:04.539047575,93.36,payment,mrc_7628,DE,dev_897665,0
txn_001500,user_0023,2024-01-20 17:40:43.884070138,79.76,purchase,mrc_8609,CA,dev_236385,0
txn_001501,user_0057,2024-01-20 18:02:19.990802173,31.99,purchase,mrc_1039,CA,dev_761158,0
txn_001502,user_0091,2024-01-20 18:41:53.232246026,41.72,purchase,mrc_9441,DE,dev_225701,0
txn_001503,user_0010,2024-01-20 18:53:27.407594988,56.77,purchase,mrc_3890,ES,dev_554513,0
txn_001504,user_0171,2024-01-20 19:14:34.237672531,9.91,purchase,mrc_7573,GB,dev_735490,0
txn_001505,user_0182,2024-01-20 19:32:04.474187199,63.03,payment,mrc_3127,MX,dev_978161,0
txn_001506,user_0192,2024-01-20 19:45:26.828102765,21.76,purchase,mrc_2389,US,dev_664141,0
txn_001507,user_0004,2024-01-20 20:10:29.552169891,264.17,purchase,mrc_7177,DE,dev_168708,0
txn_001508,user_0148,2024-01-20 20:22:14.545618925,57.02,withdrawal,mrc_3945,US,dev_481048,1
txn_001509,user_0150,2024-01-20 20:30:11.328728166,101.77,purchase,mrc_1550,US,dev_139544,0
txn_001510,user_0080,2024-01-20 20:40:18.798799208,39.55,transfer,mrc_9383,US,dev_149548,0
txn_001511,user_0045,2024-01-20 20:53:48.021883694,17.56,withdrawal,mrc_2541,US,dev_568492,0
txn_001512,user_0048,2024-01-20 20:55:37.724883398,88.71,withdrawal,mrc_9424,US,dev_786278,0
txn_001513,user_0019,2024-01-20 21:00:05.496653925,78.47,purchase,mrc_8435,DE,dev_356102,0
txn_001514,user_0108,2024-01-20 22:16:50.986826006,70.79,withdrawal,mrc_3388,US,dev_423684,0
txn_001515,user_0162,2024-01-20 22:25:01.838590090,181.61,withdrawal,mrc_8217,DE,dev_495721,0
txn_001516,user_0131,2024-01-20 22:25:50.601390731,67.68,purchase,mrc_4080,DE,dev_270545,0
txn_001517,user_0056,2024-01-20 22:40:40.054177950,25.66,transfer,mrc_5038,PL,dev_136136,0
txn_001518,user_0199,2024-01-20 22:48:50.081818014,47.72,purchase,mrc_7870,DE,dev_506218,0
txn_001519,user_0155,2024-01-20 23:21:52.565298676,115.16,purchase,mrc_1535,FR,dev_681661,0
txn_001520,user_0125,2024-01-20 23:57:52.279089322,24.41,purchase,mrc_7136,FR,dev_268514,0
txn_001521,user_0004,2024-01-21 00:18:42.818863794,192.98,purchase,mrc_2169,DE,dev_168708,0
txn_001522,user_0076,2024-01-21 00:26:04.032462920,60.03,purchase,mrc_6609,FR,dev_986288,0
txn_001523,user_0067,2024-01-21 00:44:37.628466176,47.01,purchase,mrc_7347,GB,dev_793538,0
txn_001524,user_0159,2024-01-21 00:56:57.855501627,29.11,withdrawal,mrc_2889,BR,dev_722789,0
txn_001525,user_0125,2024-01-21 01:11:19.897546572,25.42,purchase,mrc_9385,FR,dev_268514,0
txn_001526,user_0037,2024-01-21 01:21:13.366327355,30.25,payment,mrc_1467,US,dev_183988,0
txn_001527,user_0078,2024-01-21 01:31:15.172253585,32.08,purchase,mrc_2114,DE,dev_986119,0
txn_001528,user_0033,2024-01-21 01:37:35.633191854,512.0,withdrawal,mrc_8421,IT,dev_422074,1
txn_001529,user_0123,2024-01-21 02:15:30.363986935,53.49,purchase,mrc_4352,FR,dev_491106,0
txn_001530,user_0070,2024-01-21 03:01:39.571479350,181.53,purchase,mrc_9959,JP,dev_490400,0
txn_001531,user_0106,2024-01-21 03:10:24.725945706,70.78,withdrawal,mrc_7457,DE,dev_776495,1
txn_001532,user_0093,2024-01-21 03:15:39.251471303,30.28,withdrawal,mrc_3718,NL,dev_145864,0
txn_001533,user_0114,2024-01-21 03:24:10.464966524,23.58,payment,mrc_5309,GB,dev_530246,0
txn_001534,user_0113,2024-01-21 04:12:38.299332143,61.63,purchase,mrc_3192,GB,dev_454695,0
txn_001535,user_0006,2024-01-21 04:15:05.744935443,67.06,purchase,mrc_8170,US,dev_824287,0
txn_001536,user_0182,2024-01-21 04:24:05.208868418,62.46,purchase,mrc_6066,MX,dev_978161,0
txn_001537,user_0040,2024-01-21 04:42:50.862003639,957.12,payment,mrc_7171,DE,dev_763249,1
txn_001538,user_0124,2024-01-21 05:04:44.897978730,93.94,purchase,mrc_5757,GB,dev_327865,0
txn_001539,user_0096,2024-01-21 05:09:44.205142785,30.48,purchase,mrc_8774,IN,dev_531876,0
txn_001540,user_0181,2024-01-21 05:10:01.468714582,34.9,transfer,mrc_2852,US,dev_801882,0
txn_001541,user_0060,2024-01-21 05:12:17.040467273,121.36,purchase,mrc_9759,DE,dev_922343,0
txn_001542,user_0079,2024-01-21 06:03:59.742861481,37.69,payment,mrc_2997,FR,dev_392734,0
txn_001543,user_0081,2024-01-21 06:44:28.889906202,20.2,purchase,mrc_9169,PL,dev_707774,0
txn_001544,user_0101,2024-01-21 06:53:33.601822417,106.7,withdrawal,mrc_7525,DE,dev_472623,1
txn_001545,user_0101,2024-01-21 06:55:16.309503186,95.9,withdrawal,mrc_1171,DE,dev_472623,1
txn_001546,user_0101,2024-01-21 06:56:53.509141999,93.92,withdrawal,mrc_7318,DE,dev_472623,1
txn_001547,user_0101,2024-01-21 07:01:36.684661800,96.4,transfer,mrc_6931,DE,dev_472623,1
txn_001548,user_0011,2024-01-21 07:09:35.839541765,31.81,withdrawal,mrc_9441,FR,dev_250275,0
txn_001549,user_0101,2024-01-21 07:09:47.797806799,99.06,purchase,mrc_7525,DE,dev_472623,1
txn_001550,user_0101,2024-01-21 07:13:04.013148376,92.36,purchase,mrc_7318,DE,dev_472623,1
txn_001551,user_0101,2024-01-21 07:20:18.479599416,72.15,purchase,mrc_7318,DE,dev_472623,1
txn_001552,user_0167,2024-01-21 07:35:05.952507059,64.95,withdrawal,mrc_1049,FR,dev_606400,0
txn_001553,user_0145,2024-01-21 08:01:28.334797921,101.92,purchase,mrc_2997,BR,dev_839106,0
txn_001554,user_0080,2024-01-21 08:18:50.958698218,42.25,purchase,mrc_4320,US,dev_149548,0
txn_001555,user_0066,2024-01-21 08:31:17.823712836,67.28,purchase,mrc_3154,DE,dev_768422,0
txn_001556,user_0158,2024-01-21 08:41:44.583521457,111.51,withdrawal,mrc_2037,IN,dev_338326,0
txn_001557,user_0070,2024-01-21 08:49:30.855438460,195.64,withdrawal,mrc_9959,JP,dev_490400,0
txn_001558,user_0137,2024-01-21 08:59:03.757171866,40.76,payment,mrc_3098,IN,dev_384439,0
txn_001559,user_0047,2024-01-21 09:08:40.432833940,17.85,purchase,mrc_9084,DE,dev_207760,0
txn_001560,user_0074,2024-01-21 09:19:57.518048431,23.39,payment,mrc_1076,IT,dev_452352,0
txn_001561,user_0139,2024-01-21 09:23:59.920044290,62.04,payment,mrc_1352,CN,dev_613879,0
txn_001562,user_0155,2024-01-21 09:33:43.429890438,110.64,purchase,mrc_6271,FR,dev_681661,0
txn_001563,user_0023,2024-01-21 09:48:00.335921077,70.95,purchase,mrc_3010,CA,dev_236385,0
txn_001564,user_0189,2024-01-21 09:48:27.371481283,34.93,purchase,mrc_9129,BR,dev_747681,0
txn_001565,user_0034,2024-01-21 09:58:18.570451612,81.76,purchase,mrc_2382,GB,dev_379300,0
txn_001566,user_0042,2024-01-21 10:01:58.536767283,90.63,purchase,mrc_2821,IT,dev_165220,0
txn_001567,user_0128,2024-01-21 10:07:35.700607434,46.32,payment,mrc_5254,PL,dev_669053,0
txn_001568,user_0123,2024-01-21 10:38:49.354990903,59.26,purchase,mrc_2869,FR,dev_491106,0
txn_001569,user_0143,2024-01-21 11:14:12.208042414,43.77,transfer,mrc_5647,CA,dev_121390,0
txn_001570,user_0061,2024-01-21 11:23:01.963329983,81.24,purchase,mrc_2958,IT,dev_350267,0
txn_001571,user_0197,2024-01-21 11:27:14.468296910,94.6,purchase,mrc_5480,RU,dev_494939,0
txn_001572,user_0057,2024-01-21 12:03:15.066787381,33.05,withdrawal,mrc_6503,CA,dev_761158,0
txn_001573,user_0098,2024-01-21 12:50:15.840246642,15.19,purchase,mrc_7186,ES,dev_128155,0
txn_001574,user_0024,2024-01-21 12:52:02.881109110,104.45,purchase,mrc_4419,DE,dev_897665,0
txn_001575,user_0159,2024-01-21 13:09:07.112599784,33.25,purchase,mrc_4983,BR,dev_722789,0
txn_001576,user_0194,2024-01-21 13:13:03.322556944,78.76,purchase,mrc_5951,US,dev_530563,0
txn_001577,user_0187,2024-01-21 13:14:40.723851310,35.1,purchase,mrc_1890,FR,dev_943069,0
txn_001578,user_0096,2024-01-21 13:16:43.587694823,24.92,withdrawal,mrc_1437,IN,dev_531876,0
txn_001579,user_0030,2024-01-21 13:28:15.527078678,55.42,purchase,mrc_8238,IT,dev_263321,0
txn_001580,user_0064,2024-01-21 13:48:20.423715134,882.5,purchase,mrc_5673,MX,dev_424591,1
txn_001581,user_0088,2024-01-21 14:02:15.447502797,45.53,payment,mrc_8690,IT,dev_918157,0
txn_001582,user_0139,2024-01-21 14:05:36.825161780,42.47,payment,mrc_4024,CN,dev_613879,0
txn_001583,user_0134,2024-01-21 14:14:46.709342101,151.09,purchase,mrc_7311,US,dev_224788,1
txn_001584,user_0149,2024-01-21 14:27:15.054036718,47.98,payment,mrc_2875,DE,dev_777095,0
txn_001585,user_0089,2024-01-21 14:53:10.885380232,96.25,purchase,mrc_8053,GB,dev_154564,0
txn_001586,user_0139,2024-01-21 14:54:42.901433301,55.19,withdrawal,mrc_1067,CN,dev_613879,0
txn_001587,user_0047,2024-01-21 15:04:52.627436921,19.55,payment,mrc_8353,DE,dev_207760,0
txn_001588,user_0000,2024-01-21 16:16:58.355676226,61.12,purchase,mrc_7621,NL,dev_281322,0
txn_001589,user_0040,2024-01-21 16:27:47.949519507,55.9,purchase,mrc_4904,DE,dev_763249,0
txn_001590,user_0008,2024-01-21 17:21:07.510190646,71.37,purchase,mrc_8153,IT,dev_701561,0
txn_001591,user_0022,2024-01-21 17:34:23.765439450,248.6,purchase,mrc_9921,GB,dev_282464,0
txn_001592,user_0030,2024-01-21 18:14:28.495761866,87.31,purchase,mrc_8238,IT,dev_263321,0
txn_001593,user_0002,2024-01-21 18:19:54.857938144,102.67,withdrawal,mrc_7822,US,dev_840484,0
txn_001594,user_0111,2024-01-21 18:47:55.594335435,217.19,withdrawal,mrc_3871,DE,dev_824486,0
txn_001595,user_0179,2024-01-21 20:18:40.279756710,18.6,payment,mrc_4941,ES,dev_449253,0
txn_001596,user_0192,2024-01-21 20:51:18.311351699,283.93,purchase,mrc_2389,US,dev_897246,1
txn_001597,user_0179,2024-01-21 21:13:21.074430420,21.73,purchase,mrc_2939,ES,dev_449253,0
txn_001598,user_0148,2024-01-21 21:23:16.291562850,79.83,purchase,mrc_3945,US,dev_481048,1
txn_001599,user_0178,2024-01-21 21:34:55.650146788,38.74,purchase,mrc_8469,US,dev_706543,0
txn_001600,user_0198,2024-01-21 21:36:33.438384958,39.02,purchase,mrc_7841,IT,dev_496956,0
txn_001601,user_0163,2024-01-21 21:58:48.178460154,39.9,purchase,mrc_4153,ES,dev_939500,0
txn_001602,user_0123,2024-01-21 22:08:26.361639371,69.01,purchase,mrc_9577,FR,dev_491106,0
txn_001603,user_0074,2024-01-21 22:56:52.667426097,34.26,purchase,mrc_3847,IT,dev_452352,0
txn_001604,user_0083,2024-01-21 22:59:56.183965008,27.18,withdrawal,mrc_5040,CN,dev_704450,0
txn_001605,user_0067,2024-01-21 23:01:23.564423711,41.95,purchase,mrc_7347,GB,dev_793538,0
txn_001606,user_0162,2024-01-21 23:36:53.214117393,1767.53,transfer,mrc_6697,DE,dev_495721,1
txn_001607,user_0141,2024-01-22 00:00:56.932471956,339.12,purchase,mrc_9826,IT,dev_998747,1
txn_001608,user_0191,2024-01-22 00:06:55.643843035,74.74,purchase,mrc_2180,US,dev_830909,1
txn_001609,user_0089,2024-01-22 00:15:28.029456464,13463.71,payment,mrc_3255,BR,dev_154564,1
txn_001610,user_0049,2024-01-22 00:31:43.019002290,17.03,purchase,mrc_6866,FR,dev_756716,0
txn_001611,user_0137,2024-01-22 00:32:32.469866891,29.99,purchase,mrc_7704,IN,dev_384439,0
txn_001612,user_0091,2024-01-22 00:51:49.619952502,45.3,transfer,mrc_9637,DE,dev_225701,0
txn_001613,user_0123,2024-01-22 02:01:20.599066710,56.44,purchase,mrc_4352,FR,dev_491106,0
txn_001614,user_0130,2024-01-22 02:07:13.019831020,81.57,payment,mrc_4547,GB,dev_425066,0
txn_001615,user_0021,2024-01-22 02:27:05.194167765,166.34,purchase,mrc_2271,JP,dev_977638,0
txn_001616,user_0076,2024-01-22 02:35:22.188351020,70.59,purchase,mrc_6857,FR,dev_986288,0
txn_001617,user_0007,2024-01-22 02:46:44.824631056,15.0,payment,mrc_2030,ES,dev_133536,0
txn_001618,user_0172,2024-01-22 02:53:45.972123378,69.44,withdrawal,mrc_2022,US,dev_663974,0
txn_001619,user_0095,2024-01-22 03:16:55.526385077,15.88,withdrawal,mrc_3060,CN,dev_540551,0
txn_001620,user_0166,2024-01-22 03:20:11.300630929,178.5,purchase,mrc_9219,IN,dev_702052,0
txn_001621,user_0044,2024-01-22 04:35:25.709273461,23.72,purchase,mrc_5006,BR,dev_176043,0
txn_001622,user_0171,2024-01-22 04:46:45.056503400,19.5,payment,mrc_8868,GB,dev_735490,0
txn_001623,user_0193,2024-01-22 04:48:54.549192577,207.84,purchase,mrc_2576,JP,dev_754885,0
txn_001624,user_0199,2024-01-22 04:52:02.992637028,59.32,purchase,mrc_1977,DE,dev_506218,0
txn_001625,user_0144,2024-01-22 05:04:08.568896385,101.29,purchase,mrc_7130,US,dev_431862,0
txn_001626,user_0168,2024-01-22 05:24:09.290209228,28.18,transfer,mrc_2445,ES,dev_807983,0
txn_001627,user_0110,2024-01-22 05:59:19.871828383,72.38,transfer,mrc_8182,JP,dev_758021,0
txn_001628,user_0121,2024-01-22 06:10:48.430382184,108.99,payment,mrc_3664,GB,dev_581381,0
txn_001629,user_0048,2024-01-22 06:42:14.506276194,62.05,withdrawal,mrc_9424,US,dev_786278,0
txn_001630,user_0142,2024-01-22 06:43:20.326954608,22.66,purchase,mrc_8491,US,dev_811663,0
txn_001631,user_0084,2024-01-22 06:54:10.059928957,26.11,transfer,mrc_8266,PL,dev_897900,0
txn_001632,user_0116,2024-01-22 07:16:02.158764784,54.97,withdrawal,mrc_9840,JP,dev_194702,0
txn_001633,user_0022,2024-01-22 07:29:39.213521704,261.24,payment,mrc_5634,GB,dev_282464,0
txn_001634,user_0155,2024-01-22 07:30:25.235344231,135.7,payment,mrc_5271,FR,dev_681661,0
txn_001635,user_0014,2024-01-22 07:36:19.501041595,54.84,withdrawal,mrc_2821,FR,dev_504424,0
txn_001636,user_0044,2024-01-22 07:43:05.567925496,22.27,purchase,mrc_8042,BR,dev_176043,0
txn_001637,user_0038,2024-01-22 07:56:50.592605117,39.51,payment,mrc_7650,RU,dev_665036,0
txn_001638,user_0081,2024-01-22 08:53:19.647121164,21.02,purchase,mrc_1440,PL,dev_707774,0
txn_001639,user_0023,2024-01-22 09:05:49.835277573,79.17,purchase,mrc_8609,CA,dev_236385,0
txn_001640,user_0098,2024-01-22 09:06:19.293658957,17.74,purchase,mrc_8644,ES,dev_128155,0
txn_001641,user_0072,2024-01-22 09:49:54.655058935,25.29,purchase,mrc_5781,CN,dev_152297,0
txn_001642,user_0059,2024-01-22 10:06:17.678019119,91.86,transfer,mrc_3711,US,dev_323460,0
txn_001643,user_0172,2024-01-22 10:59:38.845084792,82.32,transfer,mrc_8113,US,dev_663974,0
txn_001644,user_0075,2024-01-22 11:09:49.280956081,34.93,purchase,mrc_3501,GB,dev_228165,0
txn_001645,user_0047,2024-01-22 11:14:47.208041207,18.3,transfer,mrc_7968,DE,dev_207760,0
txn_001646,user_0163,2024-01-22 11:47:24.377085181,47.89,payment,mrc_3620,ES,dev_939500,0
txn_001647,user_0132,2024-01-22 11:50:12.837788529,53.44,withdrawal,mrc_1177,IT,dev_759758,0
txn_001648,user_0072,2024-01-22 12:05:28.670641275,25.81,withdrawal,mrc_7916,CN,dev_152297,0
txn_001649,user_0089,2024-01-22 12:14:53.171658910,100.9,purchase,mrc_8053,GB,dev_154564,0
txn_001650,user_0185,2024-01-22 12:39:44.838319623,7725.89,purchase,mrc_3886,ES,dev_494056,1
txn_001651,user_0152,2024-01-22 12:47:12.892864720,24.34,payment,mrc_1239,BR,dev_360174,0
txn_001652,user_0193,2024-01-22 13:14:35.285300762,182.17,purchase,mrc_2525,JP,dev_754885,0
txn_001653,user_0089,2024-01-22 13:16:08.932299405,85.82,withdrawal,mrc_6264,GB,dev_154564,0
txn_001654,user_0036,2024-01-22 13:26:53.552066207,34.3,purchase,mrc_6140,GB,dev_305262,0
txn_001655,user_0111,2024-01-22 13:30:14.972358557,188.35,transfer,mrc_9380,DE,dev_824486,0
txn_001656,user_0161,2024-01-22 13:50:21.121105103,52.32,payment,mrc_2738,US,dev_689131,0
txn_001657,user_0100,2024-01-22 15:14:45.844488238,170.57,withdrawal,mrc_2016,GB,dev_643081,0
txn_001658,user_0093,2024-01-22 15:17:21.070165248,29.57,purchase,mrc_5414,NL,dev_145864,0
txn_001659,user_0147,2024-01-22 15:41:20.154128262,70.51,payment,mrc_4079,IT,dev_100466,1
txn_001660,user_0074,2024-01-22 16:05:22.441205306,29.74,payment,mrc_4049,IT,dev_452352,0
txn_001661,user_0145,2024-01-22 16:07:27.359943191,140.32,withdrawal,mrc_3406,BR,dev_839106,0
txn_001662,user_0080,2024-01-22 16:26:50.572624017,59.49,payment,mrc_1438,US,dev_149548,0
txn_001663,user_0121,2024-01-22 16:58:10.074753911,80.87,purchase,mrc_3664,GB,dev_581381,0
txn_001664,user_0140,2024-01-22 18:00:49.499554535,811.39,purchase,mrc_2037,RU,dev_796789,1
txn_001665,user_0198,2024-01-22 18:16:24.966411788,52.15,purchase,mrc_8490,IT,dev_496956,0
txn_001666,user_0154,2024-01-22 18:29:13.441352441,50.76,transfer,mrc_6382,NL,dev_343626,0
txn_001667,user_0121,2024-01-22 18:47:40.022087820,103.35,withdrawal,mrc_7478,GB,dev_581381,0
txn_001668,user_0173,2024-01-22 19:11:09.490319562,92.08,withdrawal,mrc_1871,US,dev_515554,0
txn_001669,user_0042,2024-01-22 19:23:37.177480421,54.55,transfer,mrc_2821,IT,dev_165220,0
txn_001670,user_0143,2024-01-22 19:25:06.456728685,44.63,purchase,mrc_2064,CA,dev_121390,0
txn_001671,user_0118,2024-01-22 19:31:05.465696274,57.83,purchase,mrc_8630,PL,dev_765830,0
txn_001672,user_0126,2024-01-22 20:40:00.145910364,50.34,purchase,mrc_2907,RU,dev_408162,0
txn_001673,user_0082,2024-01-22 20:56:50.863974136,160.98,purchase,mrc_4611,FR,dev_336679,0
txn_001674,user_0016,2024-01-22 21:51:57.500461212,64.61,purchase,mrc_7098,GB,dev_694538,0
txn_001675,user_0132,2024-01-22 22:03:55.499025259,52.84,withdrawal,mrc_3938,IT,dev_759758,0
txn_001676,user_0087,2024-01-22 22:35:01.726358232,19.81,withdrawal,mrc_6043,ES,dev_408962,0
txn_001677,user_0130,2024-01-22 23:06:57.594669971,8624.88,purchase,mrc_7429,JP,dev_425066,1
txn_001678,user_0038,2024-01-22 23:11:31.752930073,19.34,withdrawal,mrc_7650,RU,dev_665036,0
txn_001679,user_0049,2024-01-22 23:15:54.610687744,25.52,withdrawal,mrc_4386,FR,dev_756716,0
txn_001680,user_0045,2024-01-22 23:34:33.251050798,32.2,withdrawal,mrc_1070,US,dev_568492,0
txn_001681,user_0009,2024-01-22 23:52:36.233179077,54.92,purchase,mrc_8394,CN,dev_127736,1
txn_001682,user_0168,2024-01-22 23:54:10.389717509,24.4,payment,mrc_2445,ES,dev_807983,0
txn_001683,user_0083,2024-01-23 00:03:57.684453631,21.09,withdrawal,mrc_3690,CN,dev_704450,0
txn_001684,user_0156,2024-01-23 00:28:29.610251400,32.64,payment,mrc_5692,US,dev_275937,0
txn_001685,user_0124,2024-01-23 00:53:59.727645591,74.38,purchase,mrc_9737,GB,dev_327865,0
txn_001686,user_0011,2024-01-23 02:15:16.690311555,40.89,payment,mrc_2370,FR,dev_250275,0
txn_001687,user_0096,2024-01-23 02:30:16.333716951,25.71,purchase,mrc_7403,IN,dev_531876,0
txn_001688,user_0166,2024-01-23 03:14:33.077555686,190.88,transfer,mrc_6210,IN,dev_702052,0
txn_001689,user_0005,2024-01-23 03:20:36.660308988,23.51,purchase,mrc_8489,BR,dev_528133,0
txn_001690,user_0075,2024-01-23 03:58:15.492167229,45.18,payment,mrc_3501,GB,dev_228165,0
txn_001691,user_0031,2024-01-23 04:02:17.903403614,362.9,payment,mrc_6453,GB,dev_400819,1
txn_001692,user_0179,2024-01-23 04:40:47.386693429,24.08,payment,mrc_4941,ES,dev_449253,0
txn_001693,user_0148,2024-01-23 04:51:18.983390473,108.34,purchase,mrc_3316,US,dev_481048,1
txn_001694,user_0043,2024-01-23 05:26:50.680770162,114.24,purchase,mrc_6596,IT,dev_672596,0
txn_001695,user_0111,2024-01-23 06:07:35.382601864,185.12,withdrawal,mrc_3871,DE,dev_824486,0
txn_001696,user_0151,2024-01-23 06:27:04.169152676,62.87,purchase,mrc_2730,MX,dev_688185,0
txn_001697,user_0103,2024-01-23 06:35:10.907216397,66.05,transfer,mrc_9936,US,dev_931748,0
txn_001698,user_0083,2024-01-23 06:55:09.241831085,26.22,purchase,mrc_6312,CN,dev_704450,0
txn_001699,user_0015,2024-01-23 07:15:51.170956304,75.32,purchase,mrc_1852,DE,dev_377800,1
txn_001700,user_0091,2024-01-23 07:53:48.245147112,62.23,payment,mrc_7652,DE,dev_225701,0
txn_001701,user_0158,2024-01-23 08:11:43.057037423,158.41,purchase,mrc_7777,IN,dev_338326,1
txn_001702,user_0077,2024-01-23 09:01:56.491849380,23.88,purchase,mrc_6886,FR,dev_803803,0
txn_001703,user_0193,2024-01-23 09:10:36.307161130,216.19,purchase,mrc_4218,JP,dev_754885,0
txn_001704,user_0011,2024-01-23 09:40:20.288252969,37.77,transfer,mrc_9104,FR,dev_250275,0
txn_001705,user_0065,2024-01-23 11:42:59.378317646,77.33,withdrawal,mrc_4006,GB,dev_853643,0
txn_001706,user_0109,2024-01-23 12:07:36.325050186,24.1,purchase,mrc_4716,CN,dev_681298,0
txn_001707,user_0091,2024-01-23 12:20:11.197991785,18.59,purchase,mrc_9637,DE,dev_225701,0
txn_001708,user_0137,2024-01-23 12:35:33.453990765,38.32,payment,mrc_9802,IN,dev_384439,0
txn_001709,user_0184,2024-01-23 12:41:50.999616552,285.46,payment,mrc_5246,DE,dev_200963,0
txn_001710,user_0177,2024-01-23 13:04:31.987695832,53.78,withdrawal,mrc_3795,DE,dev_240181,0
txn_001711,user_0195,2024-01-23 13:21:30.424028013,87.28,purchase,mrc_4056,FR,dev_495433,0
txn_001712,user_0155,2024-01-23 13:43:06.941230850,146.9,purchase,mrc_4060,FR,dev_681661,0
txn_001713,user_0081,2024-01-23 13:49:57.426340657,19.75,purchase,mrc_4435,PL,dev_707774,0
txn_001714,user_0069,2024-01-23 14:32:47.755202275,21.86,transfer,mrc_3957,FR,dev_858651,0
txn_001715,user_0137,2024-01-23 14:35:41.300065077,28.56,purchase,mrc_7862,IN,dev_384439,0
txn_001716,user_0130,2024-01-23 14:41:57.607530988,77.51,purchase,mrc_7645,GB,dev_425066,0
txn_001717,user_0118,2024-01-23 14:42:34.627761878,46.08,payment,mrc_8516,PL,dev_765830,0
txn_001718,user_0127,2024-01-23 14:59:01.407923221,135.83,purchase,mrc_2161,US,dev_457768,1
txn_001719,user_0154,2024-01-23 15:14:34.405927380,72.4,withdrawal,mrc_4260,NL,dev_343626,0
txn_001720,user_0008,2024-01-23 17:34:11.485707810,91.43,withdrawal,mrc_1815,IT,dev_701561,0
txn_001721,user_0060,2024-01-23 17:49:40.015192604,121.5,purchase,mrc_2072,DE,dev_922343,0
txn_001722,user_0142,2024-01-23 18:30:34.712265198,88.54,purchase,mrc_2587,US,dev_811663,0
txn_001723,user_0018,2024-01-23 18:47:44.988480955,76.7,purchase,mrc_5879,FR,dev_534072,0
txn_001724,user_0146,2024-01-23 19:25:07.348770690,55.6,purchase,mrc_1607,ES,dev_229517,0
txn_001725,user_0052,2024-01-23 20:17:03.420816955,71.19,purchase,mrc_8531,CN,dev_926596,0
txn_001726,user_0095,2024-01-23 20:21:57.514100073,22.33,transfer,mrc_3060,CN,dev_540551,0
txn_001727,user_0062,2024-01-23 20:37:04.082947492,54.92,purchase,mrc_6151,GB,dev_385336,0
txn_001728,user_0014,2024-01-23 21:04:58.279358156,39.78,purchase,mrc_8277,FR,dev_504424,0
txn_001729,user_0154,2024-01-23 21:07:10.485775858,54.51,purchase,mrc_4260,NL,dev_343626,0
txn_001730,user_0037,2024-01-23 21:08:32.705830321,41.89,purchase,mrc_8591,US,dev_183988,0
txn_001731,user_0139,2024-01-23 21:22:55.460158520,53.14,purchase,mrc_4024,CN,dev_613879,0
txn_001732,user_0104,2024-01-23 21:26:40.683935260,54.98,purchase,mrc_2640,ES,dev_626174,0
txn_001733,user_0143,2024-01-23 21:27:15.459584196,54.97,purchase,mrc_5647,CA,dev_121390,0
txn_001734,user_0076,2024-01-23 23:25:55.700385029,9.77,purchase,mrc_9129,FR,dev_986288,0
txn_001735,user_0011,2024-01-24 00:00:49.041040073,41.83,purchase,mrc_5508,FR,dev_250275,0
txn_001736,user_0118,2024-01-24 00:09:17.528544261,50.19,withdrawal,mrc_4340,PL,dev_765830,0
txn_001737,user_0076,2024-01-24 00:18:53.033705978,81.91,purchase,mrc_6609,FR,dev_986288,0
txn_001738,user_0112,2024-01-24 00:48:05.284244302,84.05,withdrawal,mrc_5208,IN,dev_647866,0
txn_001739,user_0090,2024-01-24 01:14:01.011426875,73.71,purchase,mrc_2666,BR,dev_704432,0
txn_001740,user_0195,2024-01-24 02:03:14.907206352,54.61,transfer,mrc_3166,FR,dev_495433,0
txn_001741,user_0191,2024-01-24 02:49:02.016169381,104.64,transfer,mrc_7706,US,dev_830909,1
txn_001742,user_0190,2024-01-24 03:02:12.397228811,277.95,payment,mrc_9644,NL,dev_800230,0
txn_001743,user_0121,2024-01-24 03:13:36.373879638,96.24,purchase,mrc_3997,GB,dev_581381,0
txn_001744,user_0199,2024-01-24 03:17:45.003065642,3563.71,purchase,mrc_7870,DE,dev_506218,1
txn_001745,user_0142,2024-01-24 03:18:01.217513162,91.24,purchase,mrc_8491,US,dev_811663,0
txn_001746,user_0085,2024-01-24 03:37:40.719991978,43.12,withdrawal,mrc_5461,CA,dev_870105,0
txn_001747,user_0174,2024-01-24 05:05:25.917506201,59.94,purchase,mrc_4860,US,dev_624267,0
txn_001748,user_0026,2024-01-24 05:18:16.727395767,32.21,payment,mrc_9408,FR,dev_276791,0
txn_001749,user_0042,2024-01-24 06:00:02.776232974,93.15,payment,mrc_2590,IT,dev_165220,0
txn_001750,user_0126,2024-01-24 06:26:05.748495712,43.96,purchase,mrc_2907,RU,dev_408162,0
txn_001751,user_0111,2024-01-24 06:30:30.333535535,201.39,purchase,mrc_6639,DE,dev_824486,0
txn_001752,user_0014,2024-01-24 06:31:27.106028305,45.14,payment,mrc_2590,FR,dev_504424,0
txn_001753,user_0108,2024-01-24 06:50:18.902989484,42.41,withdrawal,mrc_9850,US,dev_423684,0
txn_001754,user_0198,2024-01-24 07:20:35.365674640,31.13,purchase,mrc_5147,IT,dev_496956,0
txn_001755,user_0061,2024-01-24 07:29:28.189885366,117.85,purchase,mrc_4705,IT,dev_350267,0
txn_001756,user_0132,2024-01-24 07:37:49.097631615,63.14,purchase,mrc_3744,IT,dev_759758,0
txn_001757,user_0116,2024-01-24 07:58:27.993384017,49.79,purchase,mrc_1646,JP,dev_194702,0
txn_001758,user_0181,2024-01-24 08:06:44.400941112,55.55,purchase,mrc_3543,US,dev_801882,0
txn_001759,user_0118,2024-01-24 08:12:12.865449437,54.77,purchase,mrc_4340,PL,dev_765830,0
txn_001760,user_0074,2024-01-24 08:13:40.678720015,24.54,purchase,mrc_1076,IT,dev_452352,0
txn_001761,user_0006,2024-01-24 09:26:27.006635605,88.38,withdrawal,mrc_2798,US,dev_824287,0
txn_001762,user_0142,2024-01-24 09:34:14.598054202,56.36,purchase,mrc_5557,US,dev_811663,0
txn_001763,user_0090,2024-01-24 09:45:28.749370449,102.33,purchase,mrc_2666,BR,dev_704432,0
txn_001764,user_0143,2024-01-24 09:47:26.199156832,51.59,payment,mrc_5647,CA,dev_121390,0
txn_001765,user_0029,2024-01-24 09:58:20.732462261,137.31,withdrawal,mrc_5996,GB,dev_964255,0
txn_001766,user_0176,2024-01-24 10:10:32.802834415,24.95,payment,mrc_1042,US,dev_354405,0
txn_001767,user_0026,2024-01-24 10:14:34.709897840,26.9,purchase,mrc_2568,FR,dev_276791,0
txn_001768,user_0137,2024-01-24 10:24:07.390773228,32.1,withdrawal,mrc_7704,IN,dev_384439,0
txn_001769,user_0147,2024-01-24 11:21:56.365095365,95.69,purchase,mrc_4079,IT,dev_100466,1
txn_001770,user_0076,2024-01-24 11:26:31.636662345,66.32,payment,mrc_5635,FR,dev_986288,0
txn_001771,user_0111,2024-01-24 11:53:23.688059992,182.84,payment,mrc_6639,DE,dev_824486,0
txn_001772,user_0167,2024-01-24 11:59:17.498575477,32.14,purchase,mrc_1049,FR,dev_606400,0
txn_001773,user_0188,2024-01-24 12:58:02.822417924,33.83,purchase,mrc_1155,GB,dev_530151,0
txn_001774,user_0132,2024-01-24 13:08:03.315500253,60.37,purchase,mrc_3744,IT,dev_759758,0
txn_001775,user_0023,2024-01-24 13:30:08.943579828,82.71,payment,mrc_5669,CA,dev_236385,0
txn_001776,user_0007,2024-01-24 13:32:18.302735487,21.32,purchase,mrc_3209,ES,dev_133536,0
txn_001777,user_0031,2024-01-24 13:42:55.035308448,477.5,payment,mrc_9398,GB,dev_400819,1
txn_001778,user_0074,2024-01-24 13:45:00.265425764,25.25,purchase,mrc_2724,IT,dev_452352,0
txn_001779,user_0078,2024-01-24 14:10:27.947503354,56.56,withdrawal,mrc_1368,DE,dev_986119,0
txn_001780,user_0014,2024-01-24 14:21:16.965097212,52.89,withdrawal,mrc_8277,FR,dev_504424,0
txn_001781,user_0190,2024-01-24 14:42:45.995800289,271.1,purchase,mrc_4337,NL,dev_800230,0
txn_001782,user_0042,2024-01-24 15:07:19.376063155,74.8,purchase,mrc_7613,IT,dev_165220,0
txn_001783,user_0087,2024-01-24 15:24:05.196473099,31.05,withdrawal,mrc_4120,ES,dev_408962,0
txn_001784,user_0113,2024-01-24 15:26:06.558074169,462.92,purchase,mrc_9593,DE,dev_223163,1
txn_001785,user_0113,2024-01-24 15:29:38.145165918,54.5,purchase,mrc_9593,GB,dev_454695,0
txn_001786,user_0142,2024-01-24 15:59:51.157583181,827.41,withdrawal,mrc_4811,US,dev_862752,1
txn_001787,user_0155,2024-01-24 16:44:24.848691637,101.09,purchase,mrc_2936,FR,dev_681661,0
txn_001788,user_0061,2024-01-24 16:47:40.871934566,158.24,purchase,mrc_9541,IT,dev_350267,0
txn_001789,user_0056,2024-01-24 16:53:26.110351699,25.41,transfer,mrc_1774,PL,dev_647409,1
txn_001790,user_0056,2024-01-24 16:56:15.150628376,25.56,purchase,mrc_6669,PL,dev_647409,1
txn_001791,user_0001,2024-01-24 16:56:47.925848266,45.38,transfer,mrc_6794,DE,dev_785024,0
txn_001792,user_0149,2024-01-24 17:21:46.975128992,63.35,purchase,mrc_2875,DE,dev_777095,0
txn_001793,user_0056,2024-01-24 17:24:59.522782058,29.38,purchase,mrc_1774,PL,dev_647409,1
txn_001794,user_0056,2024-01-24 17:31:52.777612965,29.85,purchase,mrc_5038,PL,dev_647409,1
txn_001795,user_0056,2024-01-24 17:34:51.437262659,31.9,purchase,mrc_8319,PL,dev_647409,1
txn_001796,user_0056,2024-01-24 17:38:31.223033037,35.99,purchase,mrc_8319,PL,dev_647409,1
txn_001797,user_0030,2024-01-24 18:06:51.328147000,45.77,purchase,mrc_8238,IT,dev_263321,0
txn_001798,user_0112,2024-01-24 18:19:10.170684480,110.44,transfer,mrc_2770,IN,dev_647866,0
txn_001799,user_0032,2024-01-24 18:45:29.379261186,54.3,purchase,mrc_9950,IT,dev_966352,0
txn_001800,user_0108,2024-01-24 18:47:40.604591996,76.5,purchase,mrc_3388,US,dev_423684,0
txn_001801,user_0140,2024-01-24 19:11:17.934615846,129.97,payment,mrc_2037,RU,dev_644420,0
txn_001802,user_0100,2024-01-24 19:12:30.752827600,196.11,purchase,mrc_5638,GB,dev_643081,0
txn_001803,user_0078,2024-01-24 19:12:37.743650273,43.16,payment,mrc_3679,DE,dev_986119,0
txn_001804,user_0035,2024-01-24 19:36:53.139769058,64.04,purchase,mrc_9858,NL,dev_149855,0
txn_001805,user_0081,2024-01-24 19:52:50.890135518,20.98,payment,mrc_8207,PL,dev_707774,0
txn_001806,user_0112,2024-01-24 20:38:40.608518507,107.67,purchase,mrc_4041,IN,dev_647866,0
txn_001807,user_0148,2024-01-24 21:34:22.341737092,142.55,withdrawal,mrc_3316,US,dev_481048,1
txn_001808,user_0080,2024-01-24 21:37:17.112571864,26.37,purchase,mrc_4320,US,dev_149548,0
txn_001809,user_0170,2024-01-24 22:13:18.954600073,266.75,purchase,mrc_9189,ES,dev_674267,1
txn_001810,user_0078,2024-01-24 22:52:50.607449729,47.37,withdrawal,mrc_2114,DE,dev_986119,0
txn_001811,user_0104,2024-01-24 23:21:29.879996867,35.19,purchase,mrc_3458,ES,dev_626174,0
txn_001812,user_0090,2024-01-25 00:04:44.943160187,7.73,transfer,mrc_2666,BR,dev_704432,0
txn_001813,user_0198,2024-01-25 00:17:13.146377119,35.6,purchase,mrc_9176,IT,dev_496956,0
txn_001814,user_0084,2024-01-25 00:23:12.174338302,19.75,payment,mrc_6743,PL,dev_897900,0
txn_001815,user_0185,2024-01-25 00:23:34.358874411,72.02,withdrawal,mrc_6547,ES,dev_494056,0
txn_001816,user_0066,2024-01-25 01:02:12.519127096,48.98,purchase,mrc_2382,DE,dev_768422,0
txn_001817,user_0171,2024-01-25 01:13:21.091871339,15.43,transfer,mrc_8868,GB,dev_735490,0
txn_001818,user_0056,2024-01-25 02:02:32.671674995,36.98,purchase,mrc_8659,PL,dev_136136,0
txn_001819,user_0098,2024-01-25 02:22:49.911759338,16.63,withdrawal,mrc_7186,ES,dev_128155,0
txn_001820,user_0000,2024-01-25 02:23:33.910704607,65.12,withdrawal,mrc_7621,NL,dev_281322,0
txn_001821,user_0026,2024-01-25 02:26:46.452204866,42.98,payment,mrc_1125,FR,dev_276791,0
txn_001822,user_0172,2024-01-25 02:32:14.584307874,76.54,payment,mrc_6567,US,dev_663974,0
txn_001823,user_0011,2024-01-25 03:04:43.780300023,42.9,purchase,mrc_9441,FR,dev_250275,0
txn_001824,user_0012,2024-01-25 03:24:50.658364601,79.62,purchase,mrc_4050,IT,dev_646476,0
txn_001825,user_0024,2024-01-25 03:45:45.956350682,160.2,purchase,mrc_7720,DE,dev_897665,0
txn_001826,user_0072,2024-01-25 04:01:29.759231750,24.38,withdrawal,mrc_7916,CN,dev_152297,0
txn_001827,user_0160,2024-01-25 04:05:18.641638434,150.96,withdrawal,mrc_3933,BR,dev_932446,0
txn_001828,user_0044,2024-01-25 04:05:19.138525621,17.77,purchase,mrc_8042,BR,dev_176043,0
txn_001829,user_0000,2024-01-25 04:08:47.890503551,72.94,purchase,mrc_9779,NL,dev_281322,0
txn_001830,user_0117,2024-01-25 04:18:05.723230697,187.7,purchase,mrc_2487,CN,dev_768665,0
txn_001831,user_0056,2024-01-25 04:31:34.620705431,35.39,purchase,mrc_6669,PL,dev_136136,0
txn_001832,user_0158,2024-01-25 05:02:54.003781600,221.78,payment,mrc_5138,IN,dev_338326,1
txn_001833,user_0104,2024-01-25 05:16:07.065230885,55.24,transfer,mrc_6595,ES,dev_626174,0
txn_001834,user_0123,2024-01-25 05:22:28.995317891,62.0,purchase,mrc_9637,FR,dev_491106,0
txn_001835,user_0148,2024-01-25 05:54:44.963266809,23.33,transfer,mrc_6287,US,dev_481048,0
txn_001836,user_0032,2024-01-25 05:58:57.112619223,32.11,purchase,mrc_5084,IT,dev_966352,0
txn_001837,user_0103,2024-01-25 06:05:29.527523938,82.54,payment,mrc_9936,US,dev_931748,0
txn_001838,user_0126,2024-01-25 06:12:34.007341275,46.74,purchase,mrc_3584,RU,dev_408162,0
txn_001839,user_0046,2024-01-25 07:14:18.550181069,22.28,purchase,mrc_8604,RU,dev_565935,0
txn_001840,user_0139,2024-01-25 07:48:05.228731542,36.91,payment,mrc_4293,CN,dev_613879,0
txn_001841,user_0046,2024-01-25 08:33:35.756577635,19.75,purchase,mrc_8604,RU,dev_565935,0
txn_001842,user_0139,2024-01-25 08:57:58.766833449,40.59,purchase,mrc_4024,CN,dev_613879,0
txn_001843,user_0031,2024-01-25 09:30:04.776950976,79.2,purchase,mrc_9398,GB,dev_400819,0
txn_001844,user_0145,2024-01-25 09:31:56.157985136,144.0,payment,mrc_9036,BR,dev_839106,0
txn_001845,user_0069,2024-01-25 09:33:26.923703127,20.8,transfer,mrc_1371,FR,dev_858651,0
txn_001846,user_0012,2024-01-25 09:52:20.671402044,93.6,purchase,mrc_9636,IT,dev_646476,0
txn_001847,user_0174,2024-01-25 09:52:27.536583849,59.09,withdrawal,mrc_6707,US,dev_624267,0
txn_001848,user_0047,2024-01-25 09:54:56.816198601,22.57,purchase,mrc_9084,DE,dev_207760,0
txn_001849,user_0159,2024-01-25 10:35:44.022436454,23.82,purchase,mrc_4610,BR,dev_722789,0
txn_001850,user_0167,2024-01-25 10:57:58.113447316,54.35,transfer,mrc_1049,FR,dev_606400,0
txn_001851,user_0004,2024-01-25 11:59:06.549329414,155.51,purchase,mrc_5166,DE,dev_168708,0
txn_001852,user_0085,2024-01-25 13:09:43.479892433,37.3,transfer,mrc_1542,CA,dev_870105,0
txn_001853,user_0137,2024-01-25 13:31:23.583288770,27.08,transfer,mrc_7862,IN,dev_384439,0
txn_001854,user_0128,2024-01-25 13:32:13.356047790,85.12,payment,mrc_6923,PL,dev_669053,0
txn_001855,user_0040,2024-01-25 14:26:34.035874256,55.66,purchase,mrc_7171,DE,dev_763249,0
txn_001856,user_0014,2024-01-25 14:53:29.604532631,49.59,payment,mrc_8277,FR,dev_504424,0
txn_001857,user_0088,2024-01-25 15:06:56.772627203,52.96,purchase,mrc_3694,IT,dev_918157,0
txn_001858,user_0061,2024-01-25 16:03:37.866871554,103.2,payment,mrc_6294,IT,dev_350267,0
txn_001859,user_0012,2024-01-25 16:07:57.269821458,101.25,payment,mrc_4082,IT,dev_646476,0
txn_001860,user_0143,2024-01-25 16:42:04.198331825,57.54,purchase,mrc_5647,CA,dev_121390,0
txn_001861,user_0108,2024-01-25 18:12:32.185675886,41.22,payment,mrc_9850,US,dev_423684,0
txn_001862,user_0182,2024-01-25 18:57:38.377694637,79.22,purchase,mrc_3127,MX,dev_978161,0
txn_001863,user_0148,2024-01-25 19:28:56.476227722,35.1,payment,mrc_5909,US,dev_481048,0
txn_001864,user_0182,2024-01-25 19:39:21.283869838,89.59,purchase,mrc_6066,MX,dev_978161,0
txn_001865,user_0029,2024-01-25 19:47:20.212725645,70.82,purchase,mrc_5491,GB,dev_964255,0
txn_001866,user_0007,2024-01-25 20:24:56.271936404,37.18,withdrawal,mrc_3209,ES,dev_133536,1
txn_001867,user_0164,2024-01-25 20:46:10.453888502,34.65,payment,mrc_9715,US,dev_375115,0
txn_001868,user_0052,2024-01-25 20:56:56.956884213,72.1,payment,mrc_6991,CN,dev_926596,0
txn_001869,user_0037,2024-01-25 21:14:45.898055677,39.93,purchase,mrc_1960,US,dev_183988,0
txn_001870,user_0153,2024-01-25 21:35:19.440894718,17.34,purchase,mrc_4467,DE,dev_332714,0
txn_001871,user_0045,2024-01-25 21:45:16.899849476,26.64,payment,mrc_1070,US,dev_568492,0
txn_001872,user_0143,2024-01-25 22:00:29.793971483,69.73,transfer,mrc_1856,CA,dev_121390,0
txn_001873,user_0087,2024-01-25 22:11:21.195073960,38.59,withdrawal,mrc_3927,ES,dev_408962,0
txn_001874,user_0095,2024-01-25 23:37:24.322697285,17.87,payment,mrc_3060,CN,dev_540551,0
txn_001875,user_0138,2024-01-25 23:55:37.964651696,235.68,purchase,mrc_3748,IT,dev_670415,0
txn_001876,user_0039,2024-01-26 00:05:40.004186727,88.57,withdrawal,mrc_4902,DE,dev_717548,1
txn_001877,user_0175,2024-01-26 00:06:07.980636170,66.62,transfer,mrc_6945,CA,dev_530674,0
txn_001878,user_0010,2024-01-26 00:21:14.590349971,69.09,purchase,mrc_4761,ES,dev_554513,0
txn_001879,user_0126,2024-01-26 00:50:31.431182650,16.1,purchase,mrc_4941,RU,dev_408162,0
txn_001880,user_0005,2024-01-26 00:50:42.713507429,32.67,purchase,mrc_8489,BR,dev_528133,0
txn_001881,user_0077,2024-01-26 00:57:50.032258913,25.36,purchase,mrc_4751,FR,dev_803803,0
txn_001882,user_0111,2024-01-26 01:02:22.254308152,213.62,withdrawal,mrc_6639,DE,dev_824486,0
txn_001883,user_0007,2024-01-26 01:33:01.196504960,52.06,purchase,mrc_4956,ES,dev_133536,1
txn_001884,user_0165,2024-01-26 02:01:16.500719151,99.84,withdrawal,mrc_9346,GB,dev_450186,0
txn_001885,user_0075,2024-01-26 02:28:51.451375592,49.98,transfer,mrc_3501,GB,dev_228165,0
txn_001886,user_0009,2024-01-26 02:44:51.718417779,76.88,purchase,mrc_1524,CN,dev_127736,1
txn_001887,user_0176,2024-01-26 03:07:16.492657586,65.63,purchase,mrc_1042,US,dev_354405,0
txn_001888,user_0088,2024-01-26 03:15:54.713523397,59.6,purchase,mrc_8690,IT,dev_918157,0
txn_001889,user_0081,2024-01-26 03:53:58.740686723,35.87,withdrawal,mrc_1440,PL,dev_707774,0
txn_001890,user_0081,2024-01-26 03:56:26.962758953,1641.55,payment,mrc_3110,PL,dev_707774,1
txn_001891,user_0192,2024-01-26 04:03:45.412423678,26.58,purchase,mrc_2389,US,dev_664141,0
txn_001892,user_0031,2024-01-26 04:18:30.145124454,149.91,purchase,mrc_8808,GB,dev_400819,0
txn_001893,user_0135,2024-01-26 04:25:24.800610006,57.24,purchase,mrc_4600,DE,dev_329595,0
txn_001894,user_0094,2024-01-26 04:32:25.991438257,845.42,purchase,mrc_1999,CN,dev_246312,1
txn_001895,user_0089,2024-01-26 04:50:34.167925459,84.85,purchase,mrc_6713,GB,dev_154564,0
txn_001896,user_0067,2024-01-26 04:58:45.423495612,30.79,purchase,mrc_4490,GB,dev_793538,0
txn_001897,user_0013,2024-01-26 05:02:04.237855726,34.23,purchase,mrc_3349,MX,dev_965706,0
txn_001898,user_0151,2024-01-26 05:16:28.109907501,99.17,purchase,mrc_9518,MX,dev_688185,0
txn_001899,user_0037,2024-01-26 06:06:46.250055670,24.81,transfer,mrc_9322,US,dev_183988,0
txn_001900,user_0151,2024-01-26 06:44:12.372552461,70.96,withdrawal,mrc_6904,MX,dev_688185,0
txn_001901,user_0071,2024-01-26 08:11:04.311297864,23.5,payment,mrc_7865,CN,dev_627800,0
txn_001902,user_0083,2024-01-26 08:22:31.492680418,36.65,purchase,mrc_5946,CN,dev_704450,0
txn_001903,user_0149,2024-01-26 08:52:49.540899327,33.97,purchase,mrc_6837,DE,dev_777095,0
txn_001904,user_0085,2024-01-26 09:04:22.355996187,45.48,payment,mrc_6356,CA,dev_870105,0
txn_001905,user_0159,2024-01-26 09:18:45.251037983,20.91,purchase,mrc_2889,BR,dev_722789,0
txn_001906,user_0161,2024-01-26 09:20:59.805799995,55.64,payment,mrc_2738,US,dev_689131,0
txn_001907,user_0157,2024-01-26 09:36:38.964259035,138.06,purchase,mrc_4215,DE,dev_319870,1
txn_001908,user_0027,2024-01-26 09:57:46.445560172,48.34,withdrawal,mrc_8777,FR,dev_934751,0
txn_001909,user_0179,2024-01-26 10:01:24.958413203,21.47,payment,mrc_9089,ES,dev_449253,0
txn_001910,user_0006,2024-01-26 10:03:48.144934336,59.79,transfer,mrc_6982,US,dev_824287,0
txn_001911,user_0142,2024-01-26 10:31:58.172131388,29.72,payment,mrc_2587,US,dev_811663,0
txn_001912,user_0110,2024-01-26 11:04:01.083989486,50.24,purchase,mrc_5525,JP,dev_758021,0
txn_001913,user_0121,2024-01-26 12:05:41.469421413,128.34,payment,mrc_3664,GB,dev_581381,0
txn_001914,user_0007,2024-01-26 12:08:52.044248116,70.65,purchase,mrc_3209,ES,dev_133536,1
txn_001915,user_0187,2024-01-26 12:12:39.639978710,23.93,purchase,mrc_5612,FR,dev_943069,0
txn_001916,user_0152,2024-01-26 12:22:13.358603940,18.85,withdrawal,mrc_1445,BR,dev_360174,0
txn_001917,user_0142,2024-01-26 12:36:19.500740254,28.42,purchase,mrc_5969,US,dev_811663,0
txn_001918,user_0030,2024-01-26 12:36:30.913058086,74.28,purchase,mrc_4888,IT,dev_263321,0
txn_001919,user_0178,2024-01-26 12:43:23.819800948,36.96,purchase,mrc_6571,US,dev_706543,0
txn_001920,user_0102,2024-01-26 12:54:38.586052588,203.96,payment,mrc_7237,JP,dev_233145,0
txn_001921,user_0151,2024-01-26 13:19:55.587258115,116.96,purchase,mrc_2986,MX,dev_688185,0
txn_001922,user_0007,2024-01-26 13:23:53.481589810,92.96,purchase,mrc_4956,ES,dev_133536,1
txn_001923,user_0074,2024-01-26 13:56:55.220651067,27.55,purchase,mrc_2724,IT,dev_452352,0
txn_001924,user_0019,2024-01-26 14:35:08.502708136,52.5,purchase,mrc_1089,DE,dev_356102,0
txn_001925,user_0088,2024-01-26 14:45:22.184997148,67.81,purchase,mrc_3172,IT,dev_918157,1
txn_001926,user_0193,2024-01-26 15:27:24.005342919,173.28,purchase,mrc_8525,JP,dev_754885,0
txn_001927,user_0060,2024-01-26 15:29:25.756182036,118.1,payment,mrc_9529,DE,dev_922343,0
txn_001928,user_0157,2024-01-26 15:37:02.223346878,181.66,purchase,mrc_4079,DE,dev_319870,1
txn_001929,user_0029,2024-01-26 16:03:06.787737489,126.14,purchase,mrc_1223,GB,dev_964255,0
txn_001930,user_0063,2024-01-26 16:11:44.727019900,32.8,payment,mrc_4882,GB,dev_321655,0
txn_001931,user_0177,2024-01-26 16:12:11.806448589,40.36,purchase,mrc_9901,DE,dev_240181,0
txn_001932,user_0139,2024-01-26 16:14:49.248398718,48.15,purchase,mrc_1352,CN,dev_613879,0
txn_001933,user_0158,2024-01-26 16:26:54.806156237,300.99,purchase,mrc_1966,IN,dev_338326,1
txn_001934,user_0108,2024-01-26 16:45:35.765266541,51.66,transfer,mrc_9850,US,dev_423684,0
txn_001935,user_0135,2024-01-26 16:51:13.574325453,58.39,payment,mrc_5852,DE,dev_329595,0
txn_001936,user_0134,2024-01-26 16:55:16.121125642,205.05,payment,mrc_5878,US,dev_224788,1
txn_001937,user_0155,2024-01-26 17:04:57.536133248,90.69,withdrawal,mrc_6271,FR,dev_681661,0
txn_001938,user_0121,2024-01-26 17:14:50.042364984,67.76,purchase,mrc_3664,GB,dev_581381,0
txn_001939,user_0102,2024-01-26 17:15:06.066080764,148.73,payment,mrc_2293,JP,dev_233145,0
txn_001940,user_0074,2024-01-26 17:24:40.970477708,26.88,purchase,mrc_4049,IT,dev_452352,0
txn_001941,user_0176,2024-01-26 17:37:02.640409551,16.27,payment,mrc_9431,US,dev_354405,0
txn_001942,user_0008,2024-01-26 17:54:08.549696627,88.21,purchase,mrc_6424,IT,dev_701561,0
txn_001943,user_0051,2024-01-26 17:58:42.878733578,53.76,purchase,mrc_3838,GB,dev_971478,0
txn_001944,user_0179,2024-01-26 18:00:56.121565158,18.72,purchase,mrc_7342,ES,dev_449253,0
txn_001945,user_0085,2024-01-26 18:18:33.799268112,524.08,purchase,mrc_1542,IT,dev_160689,1
txn_001946,user_0059,2024-01-26 18:19:29.825395471,63.84,purchase,mrc_6201,US,dev_323460,0
txn_001947,user_0115,2024-01-26 18:35:30.563755509,30.27,withdrawal,mrc_6872,FR,dev_180856,0
txn_001948,user_0132,2024-01-26 19:02:03.616166071,39.94,purchase,mrc_2780,IT,dev_759758,0
txn_001949,user_0027,2024-01-26 19:14:17.737042382,74.66,transfer,mrc_1225,FR,dev_934751,0
txn_001950,user_0030,2024-01-26 19:55:23.975608013,42.44,purchase,mrc_6708,IT,dev_263321,0
txn_001951,user_0174,2024-01-26 19:57:27.951104968,31.09,purchase,mrc_4860,US,dev_624267,0
txn_001952,user_0029,2024-01-26 20:28:27.308177861,83.63,purchase,mrc_1952,GB,dev_964255,0
txn_001953,user_0125,2024-01-26 20:48:07.458590460,9.99,purchase,mrc_9285,FR,dev_268514,0
txn_001954,user_0131,2024-01-26 21:11:47.459531591,72.47,purchase,mrc_4960,DE,dev_270545,0
txn_001955,user_0137,2024-01-26 21:12:01.034024761,30.15,purchase,mrc_7862,IN,dev_384439,0
txn_001956,user_0056,2024-01-26 21:51:40.037882271,45.27,withdrawal,mrc_6669,PL,dev_136136,0
txn_001957,user_0003,2024-01-26 22:00:06.306626498,42.33,payment,mrc_1394,FR,dev_973627,0
txn_001958,user_0125,2024-01-26 22:02:08.936071661,27.3,withdrawal,mrc_2375,FR,dev_268514,0
txn_001959,user_0166,2024-01-26 22:24:59.949641191,192.49,purchase,mrc_7123,IN,dev_702052,0
txn_001960,user_0199,2024-01-26 22:49:39.885387985,62.83,purchase,mrc_9904,DE,dev_506218,0
txn_001961,user_0121,2024-01-26 22:54:00.373903358,78.72,payment,mrc_3997,GB,dev_581381,0
txn_001962,user_0015,2024-01-26 23:31:02.747440314,14.31,payment,mrc_6256,DE,dev_377800,0
txn_001963,user_0042,2024-01-27 00:07:28.012556098,73.92,purchase,mrc_2590,IT,dev_165220,0
txn_001964,user_0112,2024-01-27 00:38:43.176915152,109.71,purchase,mrc_2770,IN,dev_647866,0
txn_001965,user_0159,2024-01-27 00:42:41.969929677,337.97,withdrawal,mrc_1397,FR,dev_942484,1
txn_001966,user_0061,2024-01-27 00:58:00.243758228,139.43,payment,mrc_9541,IT,dev_350267,0
txn_001967,user_0075,2024-01-27 01:10:27.298124172,39.12,transfer,mrc_4739,GB,dev_228165,0
txn_001968,user_0151,2024-01-27 01:24:37.258471213,88.36,purchase,mrc_2986,MX,dev_688185,0
txn_001969,user_0187,2024-01-27 01:49:35.748263570,40.94,withdrawal,mrc_5612,FR,dev_943069,0
txn_001970,user_0015,2024-01-27 01:49:48.046730124,30.0,purchase,mrc_2261,DE,dev_377800,0
txn_001971,user_0044,2024-01-27 02:13:59.456520829,23.02,purchase,mrc_8155,BR,dev_176043,0
txn_001972,user_0085,2024-01-27 02:19:58.753697438,35.86,withdrawal,mrc_5461,CA,dev_870105,0
txn_001973,user_0094,2024-01-27 03:01:03.635308000,95.84,payment,mrc_1999,CN,dev_246312,0
txn_001974,user_0169,2024-01-27 03:31:11.738097660,37.91,payment,mrc_9658,MX,dev_169030,0
txn_001975,user_0132,2024-01-27 03:54:59.887639139,52.5,purchase,mrc_3938,IT,dev_759758,0
txn_001976,user_0162,2024-01-27 04:09:30.835996793,118.66,transfer,mrc_9339,DE,dev_495721,0
txn_001977,user_0100,2024-01-27 04:12:48.379168408,120.28,withdrawal,mrc_5638,GB,dev_643081,0
txn_001978,user_0058,2024-01-27 04:21:24.783490413,59.64,transfer,mrc_9819,US,dev_793227,0
txn_001979,user_0072,2024-01-27 04:26:22.066489154,19.27,transfer,mrc_7201,CN,dev_152297,0
txn_001980,user_0060,2024-01-27 05:03:22.920599065,106.48,purchase,mrc_2072,DE,dev_922343,0
txn_001981,user_0041,2024-01-27 05:04:00.807075822,49.41,payment,mrc_5144,FR,dev_793260,0
txn_001982,user_0091,2024-01-27 05:39:24.008626343,53.19,purchase,mrc_9637,DE,dev_225701,0
txn_001983,user_0044,2024-01-27 05:55:12.808991569,20.22,purchase,mrc_8155,BR,dev_176043,0
txn_001984,user_0136,2024-01-27 05:59:08.648033980,50.68,payment,mrc_4984,IN,dev_862579,0
txn_001985,user_0046,2024-01-27 06:09:40.041155783,27.46,transfer,mrc_9380,RU,dev_565935,0
txn_001986,user_0047,2024-01-27 06:23:11.214867601,27.9,purchase,mrc_7968,DE,dev_207760,0
txn_001987,user_0101,2024-01-27 06:24:31.417670159,80.29,withdrawal,mrc_7318,DE,dev_472623,0
txn_001988,user_0078,2024-01-27 06:25:00.593498635,57.26,purchase,mrc_1368,DE,dev_986119,0
txn_001989,user_0078,2024-01-27 06:57:11.451336890,41.03,purchase,mrc_1368,DE,dev_986119,0
txn_001990,user_0131,2024-01-27 07:03:27.529747619,12963.64,payment,mrc_4624,DE,dev_270545,1
txn_001991,user_0015,2024-01-27 07:03:47.643141981,21.61,purchase,mrc_1759,DE,dev_377800,0
txn_001992,user_0196,2024-01-27 07:06:39.631930141,70.66,purchase,mrc_2177,GB,dev_520735,0
txn_001993,user_0122,2024-01-27 07:57:15.544111613,30.57,purchase,mrc_5063,FR,dev_353998,0
txn_001994,user_0132,2024-01-27 07:57:23.683216571,43.88,purchase,mrc_3938,IT,dev_759758,0
txn_001995,user_0036,2024-01-27 08:18:01.757791517,292.71,purchase,mrc_6782,DE,dev_305262,1
txn_001996,user_0044,2024-01-27 09:00:20.953562140,17.57,purchase,mrc_9968,BR,dev_176043,0
txn_001997,user_0165,2024-01-27 09:14:24.409361685,82.29,purchase,mrc_9346,GB,dev_450186,0
txn_001998,user_0081,2024-01-27 09:46:21.234692705,12.35,payment,mrc_3110,PL,dev_707774,0
txn_001999,user_0152,2024-01-27 09:56:56.947429167,21.79,payment,mrc_7394,BR,dev_360174,0
txn_002000,user_0078,2024-01-27 10:06:41.318632201,57.71,transfer,mrc_1368,DE,dev_986119,0
txn_002001,user_0051,2024-01-27 10:15:04.957601126,59.82,purchase,mrc_3717,GB,dev_971478,0
txn_002002,user_0165,2024-01-27 10:18:29.328058485,88.24,purchase,mrc_9346,GB,dev_450186,0
txn_002003,user_0078,2024-01-27 10:19:42.975267078,69.68,purchase,mrc_3679,DE,dev_986119,0
txn_002004,user_0114,2024-01-27 10:37:28.458520289,10.05,payment,mrc_5309,GB,dev_530246,0
txn_002005,user_0104,2024-01-27 10:42:14.617908198,45.05,purchase,mrc_6595,ES,dev_626174,0
txn_002006,user_0129,2024-01-27 11:20:38.443734965,74.93,purchase,mrc_5046,NL,dev_987564,0
txn_002007,user_0028,2024-01-27 11:21:01.175905399,22.34,transfer,mrc_9757,IN,dev_743865,0
txn_002008,user_0001,2024-01-27 11:21:38.728123213,34.52,payment,mrc_8033,DE,dev_785024,0
txn_002009,user_0125,2024-01-27 11:43:03.654333773,14.64,purchase,mrc_7136,FR,dev_268514,0
txn_002010,user_0126,2024-01-27 11:46:17.238511957,52.68,purchase,mrc_3584,RU,dev_408162,0
txn_002011,user_0061,2024-01-27 11:56:12.524499729,118.44,withdrawal,mrc_6413,IT,dev_350267,0
txn_002012,user_0125,2024-01-27 12:36:08.692031167,11.64,purchase,mrc_8457,FR,dev_268514,0
txn_002013,user_0151,2024-01-27 12:51:04.148280309,91.28,withdrawal,mrc_6904,MX,dev_688185,0
txn_002014,user_0042,2024-01-27 13:14:23.013979912,44.55,purchase,mrc_7613,IT,dev_165220,0
txn_002015,user_0051,2024-01-27 13:47:19.381567181,46.46,purchase,mrc_1108,GB,dev_971478,0
txn_002016,user_0121,2024-01-27 13:51:53.320224020,133.98,purchase,mrc_2451,GB,dev_581381,0
txn_002017,user_0131,2024-01-27 14:09:49.961171372,64.54,payment,mrc_5178,DE,dev_270545,0
txn_002018,user_0114,2024-01-27 15:58:31.779055889,21.16,purchase,mrc_5697,GB,dev_530246,0
txn_002019,user_0058,2024-01-27 16:18:11.365990595,40.34,withdrawal,mrc_4387,US,dev_793227,0
txn_002020,user_0138,2024-01-27 16:27:36.251650742,190.82,purchase,mrc_6273,IT,dev_670415,0
txn_002021,user_0057,2024-01-27 16:51:02.973590662,22.71,withdrawal,mrc_5583,CA,dev_761158,0
txn_002022,user_0026,2024-01-27 17:51:18.126856855,34.07,purchase,mrc_1125,FR,dev_276791,0
txn_002023,user_0184,2024-01-27 18:03:22.373550942,142.05,purchase,mrc_4664,DE,dev_200963,0
txn_002024,user_0148,2024-01-27 18:24:35.742291474,40.02,purchase,mrc_5909,US,dev_481048,0
txn_002025,user_0004,2024-01-27 18:38:47.643201009,395.68,purchase,mrc_2705,DE,dev_168708,0
txn_002026,user_0106,2024-01-27 18:44:43.559293213,99.09,transfer,mrc_5793,DE,dev_776495,1
txn_002027,user_0152,2024-01-27 18:48:09.208240604,19.4,purchase,mrc_5176,BR,dev_360174,0
txn_002028,user_0040,2024-01-27 19:23:12.250875909,63.56,purchase,mrc_7171,DE,dev_763249,0
txn_002029,user_0095,2024-01-27 19:35:59.330996670,19.23,purchase,mrc_3902,CN,dev_540551,0
txn_002030,user_0018,2024-01-27 20:13:59.033416558,74.07,purchase,mrc_2449,FR,dev_534072,0
txn_002031,user_0002,2024-01-27 20:14:44.025290295,76.57,withdrawal,mrc_7822,US,dev_840484,0
txn_002032,user_0085,2024-01-27 20:42:07.625246967,53.39,purchase,mrc_2975,CA,dev_870105,0
txn_002033,user_0007,2024-01-27 21:25:52.197968925,9.91,payment,mrc_3209,ES,dev_133536,0
txn_002034,user_0006,2024-01-27 21:29:00.206006608,40.79,withdrawal,mrc_6982,US,dev_824287,0
txn_002035,user_0135,2024-01-27 21:30:19.452043099,51.73,withdrawal,mrc_4600,DE,dev_329595,0
txn_002036,user_0073,2024-01-27 21:33:22.076828361,65.36,payment,mrc_6245,CN,dev_866813,0
txn_002037,user_0091,2024-01-27 22:01:31.743065386,58.12,purchase,mrc_9441,DE,dev_225701,0
txn_002038,user_0086,2024-01-27 22:58:55.215117857,1803.51,purchase,mrc_1159,US,dev_547224,1
txn_002039,user_0061,2024-01-27 23:40:30.706277088,122.69,payment,mrc_4678,IT,dev_350267,0
txn_002040,user_0121,2024-01-28 00:10:28.283907045,75.36,payment,mrc_7478,GB,dev_581381,0
txn_002041,user_0174,2024-01-28 00:16:24.913739335,62.13,purchase,mrc_4860,US,dev_624267,0
txn_002042,user_0160,2024-01-28 00:37:39.086573393,116.66,withdrawal,mrc_5487,BR,dev_932446,0
txn_002043,user_0071,2024-01-28 00:46:40.834264800,21.29,withdrawal,mrc_7031,CN,dev_627800,0
txn_002044,user_0158,2024-01-28 00:54:54.899149478,396.03,transfer,mrc_7777,IN,dev_338326,1
txn_002045,user_0031,2024-01-28 00:59:54.813008532,133.3,withdrawal,mrc_7779,GB,dev_400819,0
txn_002046,user_0028,2024-01-28 01:03:43.655250001,29.1,withdrawal,mrc_3708,IN,dev_743865,0
txn_002047,user_0049,2024-01-28 01:22:02.979811393,39.17,purchase,mrc_4386,FR,dev_756716,0
txn_002048,user_0183,2024-01-28 01:32:04.276330233,54.08,purchase,mrc_2816,ES,dev_427912,0
txn_002049,user_0064,2024-01-28 01:32:13.357299912,51.04,purchase,mrc_8198,IN,dev_424591,0
txn_002050,user_0146,2024-01-28 01:33:27.090505796,59.32,purchase,mrc_1475,ES,dev_229517,0
txn_002051,user_0012,2024-01-28 01:34:11.393607450,112.3,payment,mrc_1788,IT,dev_646476,0
txn_002052,user_0015,2024-01-28 01:45:00.084911265,16.33,purchase,mrc_2261,DE,dev_377800,0
txn_002053,user_0060,2024-01-28 02:34:07.231838555,108.98,withdrawal,mrc_9759,DE,dev_922343,0
txn_002054,user_0169,2024-01-28 02:35:31.175970290,61.03,purchase,mrc_8699,MX,dev_169030,0
txn_002055,user_0126,2024-01-28 02:37:26.717314268,45.93,purchase,mrc_3584,RU,dev_408162,0
txn_002056,user_0152,2024-01-28 03:35:55.059365329,20.2,purchase,mrc_7394,BR,dev_360174,0
txn_002057,user_0006,2024-01-28 03:36:41.117022407,48.1,payment,mrc_8170,US,dev_824287,0
txn_002058,user_0059,2024-01-28 04:43:55.012634904,98.23,purchase,mrc_6842,US,dev_323460,0
txn_002059,user_0148,2024-01-28 05:26:41.918847646,26.37,purchase,mrc_3316,US,dev_481048,0
txn_002060,user_0019,2024-01-28 06:01:03.996664563,60.18,purchase,mrc_4272,DE,dev_356102,0
txn_002061,user_0191,2024-01-28 06:21:34.670301986,142.01,purchase,mrc_4146,US,dev_830909,1
txn_002062,user_0179,2024-01-28 06:25:25.337473687,16.13,withdrawal,mrc_9089,ES,dev_449253,0
txn_002063,user_0118,2024-01-28 06:38:58.799947412,49.61,purchase,mrc_8630,PL,dev_765830,0
txn_002064,user_0154,2024-01-28 06:43:22.353430287,90.52,payment,mrc_9049,NL,dev_343626,0
txn_002065,user_0039,2024-01-28 06:52:04.012193477,124.0,purchase,mrc_5300,DE,dev_717548,1
txn_002066,user_0131,2024-01-28 07:09:33.814871130,80.77,payment,mrc_4673,DE,dev_270545,0
txn_002067,user_0045,2024-01-28 07:31:54.122223600,32.29,transfer,mrc_2163,US,dev_568492,0
txn_002068,user_0178,2024-01-28 07:51:47.065175394,35.32,transfer,mrc_2147,US,dev_706543,0
txn_002069,user_0119,2024-01-28 08:13:40.989891469,60.21,purchase,mrc_7539,IN,dev_467629,0
txn_002070,user_0125,2024-01-28 08:36:12.217678642,21.95,payment,mrc_8457,FR,dev_268514,0
txn_002071,user_0151,2024-01-28 08:52:46.853078721,63.21,withdrawal,mrc_2730,MX,dev_688185,0
txn_002072,user_0064,2024-01-28 09:00:05.934269263,90.81,purchase,mrc_5681,IN,dev_424591,0
txn_002073,user_0126,2024-01-28 09:03:54.453193161,19.06,purchase,mrc_5778,RU,dev_408162,0
txn_002074,user_0146,2024-01-28 09:04:18.425416099,56.13,purchase,mrc_3040,ES,dev_229517,0
txn_002075,user_0102,2024-01-28 11:04:02.044432889,200.42,purchase,mrc_7237,JP,dev_233145,0
txn_002076,user_0078,2024-01-28 11:17:33.931069665,64.87,purchase,mrc_1368,DE,dev_986119,0
txn_002077,user_0139,2024-01-28 11:19:31.518966293,50.97,withdrawal,mrc_4024,CN,dev_613879,0
txn_002078,user_0037,2024-01-28 11:36:15.479749948,32.41,purchase,mrc_8533,US,dev_183988,0
txn_002079,user_0008,2024-01-28 12:03:42.693381281,80.63,transfer,mrc_3735,IT,dev_701561,0
txn_002080,user_0064,2024-01-28 12:13:06.295081699,62.44,purchase,mrc_5532,IN,dev_424591,0
txn_002081,user_0032,2024-01-28 13:44:52.432140913,24.82,purchase,mrc_3466,IT,dev_966352,0
txn_002082,user_0106,2024-01-28 13:54:12.782273077,134.48,purchase,mrc_7867,DE,dev_776495,1
txn_002083,user_0162,2024-01-28 14:20:59.818648393,96.87,purchase,mrc_9339,DE,dev_495721,0
txn_002084,user_0181,2024-01-28 14:52:27.658263627,34.31,purchase,mrc_8742,US,dev_801882,0
txn_002085,user_0184,2024-01-28 15:07:27.633749932,294.32,purchase,mrc_3033,DE,dev_200963,0
txn_002086,user_0186,2024-01-28 15:16:58.098407274,34.56,purchase,mrc_7866,PL,dev_912390,0
txn_002087,user_0046,2024-01-28 15:29:46.404456645,16.78,withdrawal,mrc_2252,RU,dev_565935,0
txn_002088,user_0018,2024-01-28 15:48:44.595252423,64.54,transfer,mrc_5879,FR,dev_534072,0
txn_002089,user_0059,2024-01-28 16:17:40.856973658,67.96,purchase,mrc_4764,US,dev_323460,0
txn_002090,user_0155,2024-01-28 16:32:51.762071340,76.65,purchase,mrc_5271,FR,dev_681661,0
txn_002091,user_0173,2024-01-28 16:35:10.431794343,63.18,purchase,mrc_5607,US,dev_515554,0
txn_002092,user_0187,2024-01-28 16:50:36.655703244,23.96,payment,mrc_3491,FR,dev_943069,0
txn_002093,user_0135,2024-01-28 16:53:52.356794668,55.81,purchase,mrc_4600,DE,dev_329595,0
txn_002094,user_0076,2024-01-28 17:25:54.005829971,827.92,purchase,mrc_6857,FR,dev_155490,1
txn_002095,user_0009,2024-01-28 17:36:29.589864775,104.34,purchase,mrc_3105,CN,dev_127736,1
txn_002096,user_0118,2024-01-28 17:51:53.454769371,37.92,purchase,mrc_4340,PL,dev_765830,0
txn_002097,user_0185,2024-01-28 18:07:59.129337213,114.02,payment,mrc_3886,ES,dev_494056,0
txn_002098,user_0015,2024-01-28 18:25:49.693642213,17.56,purchase,mrc_6847,DE,dev_377800,0
txn_002099,user_0144,2024-01-28 19:16:00.575442461,149.85,withdrawal,mrc_3913,US,dev_431862,0
txn_002100,user_0039,2024-01-28 19:44:04.554480171,168.29,payment,mrc_4902,DE,dev_717548,1
txn_002101,user_0098,2024-01-28 20:02:49.805833703,12.8,purchase,mrc_5445,ES,dev_128155,0
txn_002102,user_0095,2024-01-28 20:15:18.299011493,21.74,withdrawal,mrc_9226,CN,dev_540551,0
txn_002103,user_0079,2024-01-28 20:18:18.879970412,38.62,purchase,mrc_2997,FR,dev_392734,0
txn_002104,user_0188,2024-01-28 20:55:50.022210807,38.73,purchase,mrc_6380,GB,dev_530151,0
txn_002105,user_0028,2024-01-28 21:01:39.812008701,23.63,transfer,mrc_4577,IN,dev_743865,0
txn_002106,user_0054,2024-01-28 21:24:51.906079306,53.19,purchase,mrc_6452,IT,dev_228719,0
txn_002107,user_0145,2024-01-28 21:27:30.444171147,139.53,withdrawal,mrc_9036,BR,dev_839106,0
txn_002108,user_0163,2024-01-28 21:29:01.394831804,51.88,purchase,mrc_5989,ES,dev_939500,0
txn_002109,user_0034,2024-01-28 21:50:31.616178195,52.05,payment,mrc_7380,GB,dev_379300,0
txn_002110,user_0015,2024-01-28 21:54:21.452585563,16.9,purchase,mrc_2261,DE,dev_377800,0
txn_002111,user_0096,2024-01-28 22:10:21.469980458,23.99,purchase,mrc_1437,IN,dev_531876,0
txn_002112,user_0073,2024-01-28 22:14:04.364664395,56.93,purchase,mrc_5782,CN,dev_866813,0
txn_002113,user_0167,2024-01-28 23:22:52.093202175,58.44,transfer,mrc_6109,FR,dev_606400,0
txn_002114,user_0147,2024-01-28 23:23:15.118438496,125.91,transfer,mrc_1237,IT,dev_100466,1
txn_002115,user_0133,2024-01-28 23:27:36.383079278,16.7,withdrawal,mrc_8839,NL,dev_254947,0
txn_002116,user_0154,2024-01-28 23:40:24.684571166,100.63,purchase,mrc_1009,NL,dev_343626,0
txn_002117,user_0061,2024-01-29 00:03:27.066665565,105.52,transfer,mrc_4678,IT,dev_350267,0
txn_002118,user_0093,2024-01-29 00:03:51.150619177,31.17,transfer,mrc_4546,NL,dev_145864,0
txn_002119,user_0149,2024-01-29 00:28:17.328579098,53.91,payment,mrc_2875,DE,dev_777095,0
txn_002120,user_0002,2024-01-29 01:25:10.313501901,68.25,purchase,mrc_7304,US,dev_840484,0
txn_002121,user_0112,2024-01-29 01:50:38.214869055,111.76,purchase,mrc_4394,IN,dev_647866,0
txn_002122,user_0036,2024-01-29 02:24:22.858632762,30.97,withdrawal,mrc_6782,GB,dev_305262,0
txn_002123,user_0014,2024-01-29 02:30:13.176887650,52.32,purchase,mrc_2821,FR,dev_504424,0
txn_002124,user_0048,2024-01-29 02:42:17.432799471,53.59,purchase,mrc_2329,US,dev_786278,0
txn_002125,user_0182,2024-01-29 02:46:12.654549254,77.43,payment,mrc_6066,MX,dev_978161,0
txn_002126,user_0178,2024-01-29 02:47:28.028659586,51.46,purchase,mrc_6571,US,dev_706543,0
txn_002127,user_0180,2024-01-29 03:15:34.193460175,12.23,purchase,mrc_2026,DE,dev_275394,0
txn_002128,user_0110,2024-01-29 03:33:00.275472947,97.01,purchase,mrc_1898,JP,dev_758021,1
txn_002129,user_0060,2024-01-29 04:03:53.732332075,108.91,payment,mrc_9529,DE,dev_922343,0
txn_002130,user_0172,2024-01-29 04:07:43.585534283,80.33,purchase,mrc_6230,US,dev_663974,0
txn_002131,user_0160,2024-01-29 04:24:03.327726456,84.34,payment,mrc_8211,BR,dev_932446,0
txn_002132,user_0029,2024-01-29 05:03:44.904284436,108.08,withdrawal,mrc_6705,GB,dev_964255,0
txn_002133,user_0194,2024-01-29 05:13:35.670628764,69.21,purchase,mrc_2341,US,dev_530563,0
txn_002134,user_0044,2024-01-29 06:27:17.116559139,21.68,purchase,mrc_8155,BR,dev_176043,0
txn_002135,user_0108,2024-01-29 06:38:47.703921760,71.02,purchase,mrc_9850,US,dev_423684,0
txn_002136,user_0137,2024-01-29 06:40:45.900455535,35.36,purchase,mrc_9802,IN,dev_384439,0
txn_002137,user_0111,2024-01-29 07:09:17.587223328,219.2,purchase,mrc_6658,DE,dev_824486,0
txn_002138,user_0005,2024-01-29 08:21:17.624494306,25.29,purchase,mrc_1874,BR,dev_528133,0
txn_002139,user_0022,2024-01-29 08:30:21.080542260,174.13,purchase,mrc_9921,GB,dev_282464,0
txn_002140,user_0075,2024-01-29 08:40:07.678802135,48.1,purchase,mrc_1065,GB,dev_228165,0
txn_002141,user_0136,2024-01-29 08:44:36.447126025,685.56,purchase,mrc_6689,IN,dev_862579,1
txn_002142,user_0162,2024-01-29 09:13:45.397206434,123.12,purchase,mrc_8217,DE,dev_495721,0
txn_002143,user_0110,2024-01-29 09:18:26.158197210,135.82,purchase,mrc_8749,JP,dev_758021,1
txn_002144,user_0025,2024-01-29 09:48:16.483938589,25.0,payment,mrc_7719,BR,dev_336214,0
txn_002145,user_0167,2024-01-29 10:20:10.615770502,43.46,purchase,mrc_5191,FR,dev_606400,0
txn_002146,user_0045,2024-01-29 10:27:54.965854970,28.68,purchase,mrc_1070,US,dev_568492,0
txn_002147,user_0142,2024-01-29 10:45:30.147536134,43.64,payment,mrc_6180,US,dev_811663,0
txn_002148,user_0118,2024-01-29 11:09:14.194400714,42.21,withdrawal,mrc_4643,PL,dev_765830,0
txn_002149,user_0091,2024-01-29 11:37:41.189010121,55.14,withdrawal,mrc_9637,DE,dev_225701,0
txn_002150,user_0165,2024-01-29 11:38:25.127199135,66.71,purchase,mrc_6375,GB,dev_450186,0
txn_002151,user_0126,2024-01-29 11:44:45.734015918,30.32,purchase,mrc_6750,RU,dev_408162,0
txn_002152,user_0006,2024-01-29 11:49:21.520290049,62.03,purchase,mrc_1066,US,dev_824287,0
txn_002153,user_0051,2024-01-29 11:59:46.784503314,66.93,payment,mrc_3717,GB,dev_971478,0
txn_002154,user_0188,2024-01-29 12:22:42.184968839,34.88,transfer,mrc_6737,GB,dev_530151,0
txn_002155,user_0064,2024-01-29 12:42:11.543128478,31.91,withdrawal,mrc_5532,IN,dev_424591,0
txn_002156,user_0029,2024-01-29 13:18:50.061264626,55.94,purchase,mrc_5996,GB,dev_964255,0
txn_002157,user_0106,2024-01-29 14:17:44.522486565,176.95,payment,mrc_7531,DE,dev_776495,1
txn_002158,user_0074,2024-01-29 14:29:50.379883999,20.65,payment,mrc_2724,IT,dev_452352,0
txn_002159,user_0117,2024-01-29 14:54:10.377556006,109.19,purchase,mrc_5688,CN,dev_768665,0
txn_002160,user_0153,2024-01-29 15:23:36.069267047,21.92,purchase,mrc_8438,DE,dev_332714,0
txn_002161,user_0171,2024-01-29 15:25:59.762995049,34.28,purchase,mrc_1594,GB,dev_735490,0
txn_002162,user_0089,2024-01-29 16:13:13.702430287,83.51,transfer,mrc_8126,GB,dev_154564,0
txn_002163,user_0070,2024-01-29 17:35:16.506478746,146.94,transfer,mrc_3628,JP,dev_490400,0
txn_002164,user_0080,2024-01-29 17:57:16.319327736,35.12,payment,mrc_1983,US,dev_149548,0
txn_002165,user_0041,2024-01-29 18:04:01.563903863,30.34,withdrawal,mrc_9643,FR,dev_793260,0
txn_002166,user_0046,2024-01-29 18:11:55.475209001,14.93,purchase,mrc_2252,RU,dev_565935,0
txn_002167,user_0006,2024-01-29 18:54:35.438282715,56.09,purchase,mrc_8170,US,dev_824287,0
txn_002168,user_0180,2024-01-29 20:13:42.045721102,14.84,purchase,mrc_7513,DE,dev_275394,0
txn_002169,user_0176,2024-01-29 20:27:46.988448302,43.12,transfer,mrc_8511,US,dev_354405,0
txn_002170,user_0191,2024-01-29 21:38:53.439876911,186.86,payment,mrc_4146,US,dev_830909,1
txn_002171,user_0148,2024-01-29 21:58:56.083220931,27.1,purchase,mrc_3945,US,dev_481048,0
txn_002172,user_0196,2024-01-29 22:03:49.560270676,1145.92,transfer,mrc_4289,GB,dev_520735,1
txn_002173,user_0103,2024-01-29 22:06:30.470605125,70.8,payment,mrc_6199,US,dev_931748,0
txn_002174,user_0073,2024-01-29 22:09:58.512680344,50.61,purchase,mrc_8630,CN,dev_866813,0
txn_002175,user_0059,2024-01-29 22:21:27.421588640,51.14,withdrawal,mrc_7297,US,dev_323460,0
txn_002176,user_0162,2024-01-29 23:04:11.431454108,130.96,purchase,mrc_9339,DE,dev_495721,0
txn_002177,user_0142,2024-01-29 23:04:29.056782914,28.33,withdrawal,mrc_5557,US,dev_811663,0
txn_002178,user_0026,2024-01-29 23:23:14.203011633,19.01,transfer,mrc_2294,FR,dev_276791,0
txn_002179,user_0164,2024-01-29 23:51:31.576755229,2666.77,purchase,mrc_7507,US,dev_375115,1
txn_002180,user_0045,2024-01-30 00:00:08.708512452,23.85,purchase,mrc_2541,US,dev_568492,0
txn_002181,user_0175,2024-01-30 00:03:47.282179751,74.87,purchase,mrc_7351,CA,dev_530674,0
txn_002182,user_0079,2024-01-30 00:09:50.345835267,30.8,withdrawal,mrc_5998,FR,dev_392734,0
txn_002183,user_0112,2024-01-30 00:55:26.392045428,90.4,purchase,mrc_4394,IN,dev_647866,0
txn_002184,user_0108,2024-01-30 01:04:02.788282128,79.04,payment,mrc_7137,US,dev_423684,0
txn_002185,user_0026,2024-01-30 01:16:02.858027854,37.15,purchase,mrc_9408,FR,dev_276791,0
txn_002186,user_0184,2024-01-30 01:18:59.576406943,255.37,purchase,mrc_5246,DE,dev_200963,0
txn_002187,user_0025,2024-01-30 01:30:47.999700322,16.13,payment,mrc_2379,BR,dev_336214,0
txn_002188,user_0179,2024-01-30 02:53:36.963706414,16.71,purchase,mrc_9687,ES,dev_449253,0
txn_002189,user_0146,2024-01-30 04:18:26.630926549,62.58,payment,mrc_1475,ES,dev_229517,0
txn_002190,user_0106,2024-01-30 04:31:07.066980560,66.36,withdrawal,mrc_7825,DE,dev_776495,0
txn_002191,user_0095,2024-01-30 04:48:50.179956081,14.61,purchase,mrc_3060,CN,dev_540551,0
txn_002192,user_0044,2024-01-30 04:51:44.298599878,18.25,transfer,mrc_8155,BR,dev_176043,0
txn_002193,user_0056,2024-01-30 04:52:33.252496588,34.77,purchase,mrc_8659,PL,dev_136136,0
txn_002194,user_0010,2024-01-30 05:26:46.336846730,86.29,purchase,mrc_4761,ES,dev_554513,0
txn_002195,user_0083,2024-01-30 06:01:29.997172205,37.39,transfer,mrc_7386,CN,dev_704450,0
txn_002196,user_0103,2024-01-30 06:25:24.795412408,903.17,purchase,mrc_6199,DE,dev_931748,1
txn_002197,user_0074,2024-01-30 07:04:57.799218256,28.81,purchase,mrc_2724,IT,dev_452352,0
txn_002198,user_0022,2024-01-30 08:07:29.071544719,145.57,purchase,mrc_9423,GB,dev_282464,0
txn_002199,user_0131,2024-01-30 08:07:32.255711490,91.66,purchase,mrc_4624,DE,dev_270545,0
txn_002200,user_0075,2024-01-30 08:22:30.428625737,54.07,payment,mrc_4739,GB,dev_228165,0
txn_002201,user_0037,2024-01-30 08:40:38.075295643,24.16,purchase,mrc_7203,US,dev_183988,0
txn_002202,user_0128,2024-01-30 08:45:02.794256784,89.49,withdrawal,mrc_3725,PL,dev_669053,0
txn_002203,user_0135,2024-01-30 08:48:38.306569112,55.43,purchase,mrc_4600,DE,dev_329595,0
txn_002204,user_0156,2024-01-30 09:25:28.014603734,41.28,purchase,mrc_4804,US,dev_275937,1
txn_002205,user_0066,2024-01-30 09:26:18.313692914,36.57,purchase,mrc_6406,DE,dev_768422,0
txn_002206,user_0098,2024-01-30 09:34:19.234966015,12.74,purchase,mrc_5445,ES,dev_128155,0
txn_002207,user_0150,2024-01-30 09:49:09.644043083,99.95,purchase,mrc_1550,US,dev_139544,0
txn_002208,user_0159,2024-01-30 11:05:06.395914768,19.32,payment,mrc_4983,BR,dev_722789,0
txn_002209,user_0041,2024-01-30 11:09:28.188547905,67.04,purchase,mrc_9643,FR,dev_793260,0
txn_002210,user_0186,2024-01-30 11:27:20.371676680,31.0,purchase,mrc_7866,PL,dev_912390,0
txn_002211,user_0118,2024-01-30 12:18:26.306990111,15.06,payment,mrc_8630,PL,dev_765830,0
txn_002212,user_0187,2024-01-30 12:22:16.739274404,44.55,purchase,mrc_5612,FR,dev_943069,0
txn_002213,user_0111,2024-01-30 12:49:39.345949896,195.19,transfer,mrc_6658,DE,dev_824486,0
txn_002214,user_0143,2024-01-30 13:03:36.666132771,66.33,payment,mrc_1856,CA,dev_121390,0
txn_002215,user_0054,2024-01-30 13:11:59.215547232,68.03,purchase,mrc_8379,IT,dev_228719,0
txn_002216,user_0089,2024-01-30 13:51:55.365415082,84.24,purchase,mrc_4945,GB,dev_154564,0
txn_002217,user_0038,2024-01-30 14:35:56.299060298,36.53,payment,mrc_8433,RU,dev_665036,0
txn_002218,user_0047,2024-01-30 14:38:25.780003632,18.22,purchase,mrc_7040,DE,dev_207760,1
txn_002219,user_0047,2024-01-30 14:46:39.191252982,20.75,purchase,mrc_7643,DE,dev_207760,1
txn_002220,user_0047,2024-01-30 14:46:49.724795050,19.76,purchase,mrc_2874,DE,dev_207760,1
txn_002221,user_0047,2024-01-30 14:48:15.133277055,20.83,payment,mrc_8353,DE,dev_207760,1
txn_002222,user_0047,2024-01-30 15:10:53.248238723,19.93,purchase,mrc_2874,DE,dev_207760,1
txn_002223,user_0047,2024-01-30 15:13:24.659346917,17.92,purchase,mrc_7643,DE,dev_207760,1
txn_002224,user_0066,2024-01-30 15:14:47.014320555,39.34,purchase,mrc_7015,DE,dev_768422,0
txn_002225,user_0047,2024-01-30 15:17:33.646310738,20.19,purchase,mrc_9084,DE,dev_207760,1
txn_002226,user_0067,2024-01-30 15:28:02.871425891,32.78,transfer,mrc_4002,GB,dev_793538,0
txn_002227,user_0064,2024-01-30 15:35:19.327660305,28.47,withdrawal,mrc_8198,IN,dev_424591,0
txn_002228,user_0047,2024-01-30 15:38:25.340683392,18.06,purchase,mrc_7574,DE,dev_207760,1
txn_002229,user_0047,2024-01-30 15:41:43.756957852,18.43,purchase,mrc_4002,DE,dev_207760,1
txn_002230,user_0155,2024-01-30 16:15:22.580071542,74.96,purchase,mrc_1535,FR,dev_681661,0
txn_002231,user_0181,2024-01-30 16:25:00.794351387,30.6,payment,mrc_2417,US,dev_801882,0
txn_002232,user_0060,2024-01-30 16:34:54.943283371,135.36,purchase,mrc_2206,DE,dev_922343,0
txn_002233,user_0125,2024-01-30 16:35:07.856624246,17.92,purchase,mrc_9285,FR,dev_268514,0
txn_002234,user_0061,2024-01-30 16:38:59.901816129,121.73,transfer,mrc_4705,IT,dev_350267,0
txn_002235,user_0023,2024-01-30 17:30:27.113136849,78.89,purchase,mrc_3010,CA,dev_236385,0
txn_002236,user_0018,2024-01-30 17:34:12.424726783,76.1,purchase,mrc_6144,FR,dev_534072,0
txn_002237,user_0094,2024-01-30 18:13:39.179837102,74.25,purchase,mrc_3473,CN,dev_246312,0
txn_002238,user_0155,2024-01-30 18:49:34.507487257,91.16,payment,mrc_6271,FR,dev_681661,0
txn_002239,user_0114,2024-01-30 19:09:36.695575156,24.42,transfer,mrc_5309,GB,dev_530246,0
txn_002240,user_0085,2024-01-30 19:14:12.025015514,40.68,purchase,mrc_4530,CA,dev_870105,0
txn_002241,user_0182,2024-01-30 19:29:59.100607770,90.14,withdrawal,mrc_3127,MX,dev_978161,0
txn_002242,user_0077,2024-01-30 19:34:01.223191499,24.48,payment,mrc_1965,FR,dev_803803,0
txn_002243,user_0155,2024-01-30 19:40:39.798757672,39.0,payment,mrc_1535,FR,dev_681661,0
txn_002244,user_0030,2024-01-30 19:48:37.990805404,55.26,purchase,mrc_8238,IT,dev_263321,0
txn_002245,user_0030,2024-01-30 20:41:01.919193765,60.81,purchase,mrc_6708,IT,dev_263321,0
txn_002246,user_0102,2024-01-30 20:50:44.073384629,282.17,purchase,mrc_2134,JP,dev_233145,0
txn_002247,user_0114,2024-01-30 21:00:56.746147278,24.13,withdrawal,mrc_9779,GB,dev_530246,0
txn_002248,user_0121,2024-01-30 21:23:49.160224222,130.52,purchase,mrc_3235,GB,dev_581381,0
txn_002249,user_0164,2024-01-30 21:36:57.386389760,36.0,payment,mrc_7507,US,dev_375115,0
txn_002250,user_0148,2024-01-30 21:53:10.573757806,34.31,purchase,mrc_3945,US,dev_481048,0
txn_002251,user_0011,2024-01-30 21:59:02.599024783,42.33,payment,mrc_5508,FR,dev_250275,0
txn_002252,user_0055,2024-01-30 22:04:54.048495215,221.5,transfer,mrc_2081,BR,dev_828134,1
txn_002253,user_0095,2024-01-30 22:36:01.886999901,21.94,payment,mrc_3182,CN,dev_540551,0
txn_002254,user_0187,2024-01-30 23:00:07.954596592,37.16,withdrawal,mrc_3491,FR,dev_943069,0
txn_002255,user_0108,2024-01-30 23:14:09.898085176,53.83,purchase,mrc_2795,US,dev_423684,0
txn_002256,user_0026,2024-01-30 23:35:05.685102767,38.72,payment,mrc_2568,FR,dev_276791,1
txn_002257,user_0026,2024-01-30 23:39:00.525865669,30.96,purchase,mrc_3066,FR,dev_276791,1
txn_002258,user_0148,2024-01-30 23:40:30.157392288,38.14,transfer,mrc_5909,US,dev_481048,0
txn_002259,user_0155,2024-01-30 23:49:12.503900424,98.24,payment,mrc_9418,FR,dev_681661,0
txn_002260,user_0079,2024-01-30 23:56:19.473612568,39.43,transfer,mrc_5998,FR,dev_392734,0
txn_002261,user_0142,2024-01-30 23:59:53.234580364,82.69,purchase,mrc_8491,US,dev_811663,0
txn_002262,user_0026,2024-01-31 00:10:32.111584991,30.55,purchase,mrc_9408,FR,dev_276791,1
txn_002263,user_0026,2024-01-31 00:10:38.243953438,36.48,payment,mrc_1125,FR,dev_276791,1
txn_002264,user_0123,2024-01-31 00:15:18.357404034,62.28,withdrawal,mrc_5989,FR,dev_491106,0
txn_002265,user_0026,2024-01-31 00:16:17.669764881,17.57,purchase,mrc_3066,FR,dev_276791,1
txn_002266,user_0134,2024-01-31 00:17:55.824155165,269.8,purchase,mrc_5913,US,dev_224788,1
txn_002267,user_0026,2024-01-31 00:22:59.671301673,41.08,purchase,mrc_3066,FR,dev_276791,1
txn_002268,user_0144,2024-01-31 00:25:34.754567634,63.84,purchase,mrc_7130,US,dev_431862,0
txn_002269,user_0122,2024-01-31 00:47:11.200794324,36.19,purchase,mrc_5767,FR,dev_353998,0
txn_002270,user_0087,2024-01-31 00:54:40.731485847,401.6,purchase,mrc_9016,DE,dev_408962,1
txn_002271,user_0102,2024-01-31 00:57:10.566823036,211.06,purchase,mrc_7031,JP,dev_233145,0
txn_002272,user_0182,2024-01-31 01:13:44.570006203,89.29,purchase,mrc_1442,MX,dev_978161,0
txn_002273,user_0169,2024-01-31 01:28:41.953791497,24.38,purchase,mrc_8126,MX,dev_169030,0
txn_002274,user_0169,2024-01-31 01:37:19.821067535,35.75,purchase,mrc_8662,MX,dev_169030,0
txn_002275,user_0091,2024-01-31 01:39:05.218212469,49.89,withdrawal,mrc_9441,DE,dev_225701,0
txn_002276,user_0050,2024-01-31 01:46:32.854504216,193.02,payment,mrc_2097,CN,dev_890140,1
txn_002277,user_0105,2024-01-31 02:00:30.646224703,15.93,payment,mrc_6360,NL,dev_979037,0
txn_002278,user_0056,2024-01-31 03:04:16.376281928,33.65,withdrawal,mrc_6669,PL,dev_136136,0
txn_002279,user_0006,2024-01-31 03:28:28.958982785,58.92,payment,mrc_8081,US,dev_824287,0
txn_002280,user_0007,2024-01-31 03:37:02.463753397,16.36,purchase,mrc_4956,ES,dev_133536,0
txn_002281,user_0161,2024-01-31 03:37:24.703803795,63.26,purchase,mrc_2951,US,dev_689131,0
txn_002282,user_0007,2024-01-31 03:51:29.619742810,18.23,purchase,mrc_2030,ES,dev_133536,0
txn_002283,user_0184,2024-01-31 04:01:36.000492145,302.21,purchase,mrc_3033,DE,dev_200963,0
txn_002284,user_0001,2024-01-31 04:08:23.673306151,46.36,transfer,mrc_9339,DE,dev_785024,0
txn_002285,user_0023,2024-01-31 04:18:47.392783727,66.24,purchase,mrc_7736,CA,dev_236385,0
txn_002286,user_0014,2024-01-31 04:34:37.482541818,54.25,purchase,mrc_2821,FR,dev_504424,0
txn_002287,user_0135,2024-01-31 04:44:42.420118618,56.47,purchase,mrc_5899,DE,dev_329595,0
txn_002288,user_0109,2024-01-31 05:21:33.671333948,30.64,withdrawal,mrc_7674,CN,dev_681298,0
txn_002289,user_0072,2024-01-31 05:24:02.940017974,33.9,withdrawal,mrc_5342,CN,dev_152297,0
txn_002290,user_0085,2024-01-31 05:27:20.167980026,39.22,purchase,mrc_2975,CA,dev_870105,0
txn_002291,user_0026,2024-01-31 05:39:48.487606334,27.37,purchase,mrc_2294,FR,dev_276791,0
txn_002292,user_0006,2024-01-31 05:51:07.291630632,569.68,purchase,mrc_6982,US,dev_824287,1
txn_002293,user_0006,2024-01-31 06:32:42.522625210,39.08,purchase,mrc_2798,US,dev_824287,0
txn_002294,user_0163,2024-01-31 07:11:19.881119917,52.62,purchase,mrc_5989,ES,dev_939500,0
txn_002295,user_0011,2024-01-31 07:25:15.198947753,38.7,purchase,mrc_7266,FR,dev_250275,0
txn_002296,user_0001,2024-01-31 07:35:55.565167409,49.47,withdrawal,mrc_8033,DE,dev_785024,0
txn_002297,user_0004,2024-01-31 07:55:26.615547035,108.57,purchase,mrc_8160,DE,dev_168708,0
txn_002298,user_0137,2024-01-31 08:08:16.234063685,27.77,purchase,mrc_3098,IN,dev_384439,0
txn_002299,user_0017,2024-01-31 08:14:36.841970183,53.88,purchase,mrc_2363,DE,dev_628879,0
txn_002300,user_0024,2024-01-31 08:36:17.012275311,125.82,transfer,mrc_7720,DE,dev_897665,0
txn_002301,user_0195,2024-01-31 09:22:37.533238783,63.25,payment,mrc_3491,FR,dev_495433,0
txn_002302,user_0044,2024-01-31 09:25:28.130826459,18.9,payment,mrc_8155,BR,dev_176043,0
txn_002303,user_0040,2024-01-31 09:31:12.148515080,85.2,purchase,mrc_7171,DE,dev_763249,0
txn_002304,user_0089,2024-01-31 09:44:24.263250486,103.71,payment,mrc_3255,GB,dev_154564,0
txn_002305,user_0061,2024-01-31 09:56:46.839119919,110.01,purchase,mrc_4705,IT,dev_350267,0
txn_002306,user_0195,2024-01-31 10:08:43.664300154,52.94,purchase,mrc_3491,FR,dev_495433,0
txn_002307,user_0126,2024-01-31 10:08:47.568020502,28.98,purchase,mrc_9313,RU,dev_408162,0
txn_002308,user_0079,2024-01-31 10:20:54.261563102,54.19,purchase,mrc_6847,FR,dev_392734,0
txn_002309,user_0163,2024-01-31 10:27:59.209198830,48.73,purchase,mrc_5155,ES,dev_939500,0
txn_002310,user_0179,2024-01-31 10:35:05.010818815,22.97,purchase,mrc_9089,ES,dev_449253,0
txn_002311,user_0168,2024-01-31 10:35:45.021042902,29.43,purchase,mrc_2445,ES,dev_807983,0
txn_002312,user_0076,2024-01-31 10:48:23.927322440,56.47,transfer,mrc_5635,FR,dev_986288,0
txn_002313,user_0141,2024-01-31 10:52:21.761515189,27.77,withdrawal,mrc_9445,IT,dev_998747,0
txn_002314,user_0008,2024-01-31 11:03:17.554841856,125.05,purchase,mrc_6424,IT,dev_701561,0
txn_002315,user_0078,2024-01-31 11:04:13.450150200,78.75,withdrawal,mrc_2114,DE,dev_986119,0
txn_002316,user_0152,2024-01-31 11:36:36.569055236,28.87,purchase,mrc_1239,BR,dev_360174,0
txn_002317,user_0173,2024-01-31 12:14:11.633730445,50.15,withdrawal,mrc_2671,US,dev_515554,0
txn_002318,user_0067,2024-01-31 12:33:25.637075849,57.11,payment,mrc_7776,GB,dev_793538,0
txn_002319,user_0077,2024-01-31 12:46:43.718482691,27.32,purchase,mrc_5977,FR,dev_803803,0
txn_002320,user_0111,2024-01-31 12:50:13.714494551,178.69,purchase,mrc_6639,DE,dev_824486,0
txn_002321,user_0124,2024-01-31 13:02:38.922877328,101.31,purchase,mrc_9737,GB,dev_327865,0
txn_002322,user_0132,2024-01-31 13:10:15.357163801,52.79,withdrawal,mrc_8985,IT,dev_759758,0
txn_002323,user_0060,2024-01-31 13:15:40.958030929,114.42,payment,mrc_2072,DE,dev_922343,0
txn_002324,user_0046,2024-01-31 13:31:17.156665304,23.35,transfer,mrc_8604,RU,dev_565935,0
txn_002325,user_0134,2024-01-31 14:07:21.592333717,58.76,purchase,mrc_5913,US,dev_224788,0
txn_002326,user_0005,2024-01-31 14:09:20.617639743,38.1,payment,mrc_4916,BR,dev_528133,0
txn_002327,user_0146,2024-01-31 14:21:23.987375966,54.24,withdrawal,mrc_1607,ES,dev_229517,0
txn_002328,user_0191,2024-01-31 14:25:52.974762756,56.19,purchase,mrc_4365,US,dev_830909,0
txn_002329,user_0030,2024-01-31 14:38:22.064455624,62.02,purchase,mrc_5205,IT,dev_263321,0
txn_002330,user_0174,2024-01-31 15:00:50.122220110,70.13,purchase,mrc_6707,US,dev_624267,0
txn_002331,user_0151,2024-01-31 15:14:30.841395771,84.71,purchase,mrc_8854,MX,dev_688185,0
txn_002332,user_0028,2024-01-31 15:29:21.627304300,17.79,transfer,mrc_3708,IN,dev_743865,0
txn_002333,user_0130,2024-01-31 15:31:53.400546195,47.12,transfer,mrc_4627,GB,dev_425066,0
txn_002334,user_0100,2024-01-31 15:50:56.407581016,158.61,purchase,mrc_8192,GB,dev_643081,0
txn_002335,user_0014,2024-01-31 16:02:49.269620825,46.25,transfer,mrc_5921,FR,dev_504424,0
txn_002336,user_0024,2024-01-31 16:05:20.637603748,152.13,purchase,mrc_4419,DE,dev_897665,0
txn_002337,user_0028,2024-01-31 16:36:17.412329565,1789.03,purchase,mrc_9757,IN,dev_743865,1
txn_002338,user_0167,2024-01-31 16:37:14.901840006,52.51,purchase,mrc_5191,FR,dev_606400,0
txn_002339,user_0123,2024-01-31 17:02:05.687754257,67.11,purchase,mrc_2869,FR,dev_491106,0
txn_002340,user_0014,2024-01-31 17:41:46.397382439,49.06,transfer,mrc_2590,FR,dev_504424,0
txn_002341,user_0199,2024-01-31 17:46:26.348703461,46.32,payment,mrc_6782,DE,dev_506218,0
txn_002342,user_0162,2024-01-31 17:59:33.208340399,98.18,purchase,mrc_8205,DE,dev_495721,0
txn_002343,user_0081,2024-01-31 18:27:53.608785608,22.13,withdrawal,mrc_3110,PL,dev_707774,0
txn_002344,user_0134,2024-01-31 18:50:54.265746071,74.8,withdrawal,mrc_7921,US,dev_224788,0
txn_002345,user_0053,2024-01-31 19:45:16.917410007,14.89,purchase,mrc_3213,JP,dev_877098,0
txn_002346,user_0073,2024-01-31 20:04:17.632828482,57.76,withdrawal,mrc_5488,CN,dev_866813,0
txn_002347,user_0124,2024-01-31 20:50:29.802150549,91.82,withdrawal,mrc_5786,GB,dev_327865,0
txn_002348,user_0135,2024-01-31 21:56:21.773019732,52.99,purchase,mrc_5852,DE,dev_329595,0
txn_002349,user_0187,2024-01-31 22:42:16.386550861,34.4,payment,mrc_5612,FR,dev_943069,0
txn_002350,user_0134,2024-01-31 22:47:26.747900205,81.33,purchase,mrc_9575,US,dev_224788,0
txn_002351,user_0187,2024-02-01 00:02:22.944719731,27.79,purchase,mrc_5376,FR,dev_943069,0
txn_002352,user_0161,2024-02-01 00:10:59.551334675,62.95,purchase,mrc_9835,US,dev_689131,0
txn_002353,user_0167,2024-02-01 00:44:34.232538101,66.65,transfer,mrc_1049,FR,dev_606400,0
txn_002354,user_0054,2024-02-01 01:32:43.056192462,69.89,purchase,mrc_1464,IT,dev_228719,0
txn_002355,user_0062,2024-02-01 01:54:29.348920431,39.31,payment,mrc_6091,GB,dev_385336,0
txn_002356,user_0131,2024-02-01 02:19:23.588438999,145.87,payment,mrc_4673,DE,dev_270545,0
txn_002357,user_0022,2024-02-01 02:21:29.365981337,482.64,purchase,mrc_5634,GB,dev_282464,1
txn_002358,user_0049,2024-02-01 02:28:05.275483806,45.18,purchase,mrc_6866,FR,dev_756716,0
txn_002359,user_0119,2024-02-01 02:35:41.807058898,1581.5,purchase,mrc_7539,DE,dev_467629,1
txn_002360,user_0113,2024-02-01 02:46:27.592995737,51.41,withdrawal,mrc_7544,GB,dev_454695,0
txn_002361,user_0133,2024-02-01 02:46:57.601556036,35.35,purchase,mrc_7892,NL,dev_254947,0
txn_002362,user_0030,2024-02-01 02:55:49.759479293,66.1,purchase,mrc_6708,IT,dev_263321,0
txn_002363,user_0042,2024-02-01 03:48:43.296042947,60.72,purchase,mrc_1316,IT,dev_165220,0
txn_002364,user_0151,2024-02-01 04:10:47.656394660,111.43,purchase,mrc_5257,MX,dev_688185,0
txn_002365,user_0182,2024-02-01 04:37:12.274177514,77.05,purchase,mrc_3127,MX,dev_978161,0
txn_002366,user_0121,2024-02-01 04:44:30.703388367,110.27,purchase,mrc_2451,GB,dev_581381,0
txn_002367,user_0120,2024-02-01 04:51:37.128483442,49.71,purchase,mrc_2666,DE,dev_190355,0
txn_002368,user_0095,2024-02-01 05:03:23.059589295,18.07,payment,mrc_3060,CN,dev_540551,0
txn_002369,user_0035,2024-02-01 05:18:41.284044985,113.99,purchase,mrc_7623,NL,dev_149855,1
txn_002370,user_0023,2024-02-01 05:54:34.831660331,70.41,purchase,mrc_7736,CA,dev_236385,0
txn_002371,user_0009,2024-02-01 06:52:41.601459042,137.29,payment,mrc_3105,CN,dev_127736,1
txn_002372,user_0008,2024-02-01 07:39:04.911587974,76.85,purchase,mrc_6032,IT,dev_701561,0
txn_002373,user_0002,2024-02-01 07:51:36.481609934,63.24,purchase,mrc_2486,US,dev_840484,0
txn_002374,user_0011,2024-02-01 07:53:01.262331465,48.0,purchase,mrc_5508,FR,dev_250275,0
txn_002375,user_0068,2024-02-01 07:56:04.821461137,963.53,purchase,mrc_9282,IN,dev_735398,1
txn_002376,user_0108,2024-02-01 08:49:10.261626716,88.25,payment,mrc_7137,US,dev_423684,0
txn_002377,user_0134,2024-02-01 08:49:23.285840665,63.12,payment,mrc_9575,US,dev_224788,0
txn_002378,user_0001,2024-02-01 09:15:01.148263968,39.56,purchase,mrc_8033,DE,dev_785024,0
txn_002379,user_0131,2024-02-01 09:35:59.512387054,129.81,purchase,mrc_4673,DE,dev_270545,0
txn_002380,user_0151,2024-02-01 09:39:59.711376163,75.49,purchase,mrc_6904,MX,dev_688185,0
txn_002381,user_0174,2024-02-01 11:01:59.996149796,76.05,transfer,mrc_8956,US,dev_624267,0
txn_002382,user_0172,2024-02-01 11:17:02.567747487,74.96,purchase,mrc_6230,US,dev_663974,0
txn_002383,user_0108,2024-02-01 11:39:27.950247538,71.06,purchase,mrc_8729,US,dev_423684,0
txn_002384,user_0044,2024-02-01 11:42:18.059328439,20.91,transfer,mrc_5006,BR,dev_176043,0
txn_002385,user_0152,2024-02-01 11:47:48.417909589,10.78,withdrawal,mrc_1239,BR,dev_360174,0
txn_002386,user_0129,2024-02-01 12:12:45.631916856,628.17,transfer,mrc_5046,NL,dev_987564,1
txn_002387,user_0098,2024-02-01 12:14:14.037647467,17.43,purchase,mrc_5445,ES,dev_128155,0
txn_002388,user_0187,2024-02-01 13:04:12.387999414,24.25,payment,mrc_5612,FR,dev_943069,0
txn_002389,user_0111,2024-02-01 13:25:27.586387467,161.19,purchase,mrc_4551,DE,dev_824486,0
txn_002390,user_0001,2024-02-01 15:32:20.354296145,37.83,purchase,mrc_9339,DE,dev_785024,0
txn_002391,user_0010,2024-02-01 15:47:46.893373635,51.03,purchase,mrc_8325,ES,dev_554513,0
txn_002392,user_0161,2024-02-01 15:51:45.202411172,78.76,payment,mrc_9835,US,dev_689131,0
txn_002393,user_0061,2024-02-01 16:03:40.553432216,77.09,purchase,mrc_9541,IT,dev_350267,0
txn_002394,user_0037,2024-02-01 16:17:27.582994392,29.12,purchase,mrc_8533,US,dev_183988,0
txn_002395,user_0134,2024-02-01 16:40:42.008915859,85.61,purchase,mrc_7311,US,dev_224788,0
txn_002396,user_0024,2024-02-01 17:16:25.977831164,107.75,withdrawal,mrc_7628,DE,dev_897665,0
txn_002397,user_0087,2024-02-01 17:29:34.321086561,68.84,purchase,mrc_3927,ES,dev_408962,0
txn_002398,user_0054,2024-02-01 18:00:49.520529076,60.14,purchase,mrc_2406,IT,dev_228719,0
txn_002399,user_0186,2024-02-01 19:33:05.819311596,30.09,payment,mrc_2690,PL,dev_912390,0
txn_002400,user_0189,2024-02-01 19:41:56.403334839,34.67,transfer,mrc_6740,BR,dev_747681,0
txn_002401,user_0119,2024-02-01 20:10:34.085918598,90.68,payment,mrc_3095,IN,dev_467629,0
txn_002402,user_0006,2024-02-01 20:14:29.540856253,59.82,purchase,mrc_6982,US,dev_824287,0
txn_002403,user_0034,2024-02-01 20:17:21.187636584,34.94,payment,mrc_7380,GB,dev_379300,0
txn_002404,user_0089,2024-02-01 21:08:02.657721266,120.32,purchase,mrc_8126,GB,dev_154564,0
txn_002405,user_0135,2024-02-01 21:11:09.371513670,595.01,payment,mrc_7168,CA,dev_685463,1
txn_002406,user_0030,2024-02-01 21:15:23.644540012,68.75,purchase,mrc_4888,IT,dev_263321,0
txn_002407,user_0064,2024-02-01 21:28:31.813810080,66.77,purchase,mrc_5532,IN,dev_424591,0
txn_002408,user_0051,2024-02-01 21:35:06.925182702,56.86,withdrawal,mrc_3717,GB,dev_971478,0
txn_002409,user_0044,2024-02-01 21:45:41.523587415,16.2,purchase,mrc_6342,BR,dev_176043,0
txn_002410,user_0130,2024-02-01 22:15:49.125354881,76.43,withdrawal,mrc_7611,GB,dev_425066,0
txn_002411,user_0158,2024-02-01 22:29:52.080587216,92.81,purchase,mrc_1457,IN,dev_338326,0
txn_002412,user_0172,2024-02-01 22:47:06.816551927,74.63,purchase,mrc_2022,US,dev_663974,0
txn_002413,user_0014,2024-02-01 23:08:46.375319560,7020.18,purchase,mrc_7493,CA,dev_504424,1
txn_002414,user_0113,2024-02-01 23:14:40.655685894,44.25,purchase,mrc_3192,GB,dev_454695,0
txn_002415,user_0058,2024-02-02 00:04:43.396328367,45.18,transfer,mrc_4387,US,dev_793227,0
txn_002416,user_0008,2024-02-02 00:49:26.800032781,113.93,purchase,mrc_8153,IT,dev_701561,0
txn_002417,user_0137,2024-02-02 01:10:35.716111636,33.32,payment,mrc_7704,IN,dev_384439,0
txn_002418,user_0061,2024-02-02 01:22:18.013031414,83.27,purchase,mrc_6413,IT,dev_350267,0
txn_002419,user_0072,2024-02-02 01:45:17.305453850,27.76,purchase,mrc_5781,CN,dev_152297,0
txn_002420,user_0148,2024-02-02 01:49:59.686264200,36.1,purchase,mrc_3945,US,dev_481048,0
txn_002421,user_0057,2024-02-02 02:06:53.117927203,33.14,purchase,mrc_1381,CA,dev_761158,0
txn_002422,user_0073,2024-02-02 02:07:41.767835815,60.95,purchase,mrc_8630,CN,dev_866813,0
txn_002423,user_0181,2024-02-02 02:12:15.212087163,21.05,purchase,mrc_8742,US,dev_801882,0
txn_002424,user_0159,2024-02-02 02:13:30.378079123,16.63,purchase,mrc_9969,BR,dev_722789,0
txn_002425,user_0182,2024-02-02 02:21:17.896927457,51.41,payment,mrc_1442,MX,dev_978161,0
txn_002426,user_0179,2024-02-02 03:06:49.642761781,21.39,purchase,mrc_7342,ES,dev_449253,0
txn_002427,user_0143,2024-02-02 03:19:13.796268134,72.3,purchase,mrc_1856,CA,dev_121390,0
txn_002428,user_0108,2024-02-02 04:14:28.178842568,74.29,purchase,mrc_9212,US,dev_423684,0
txn_002429,user_0052,2024-02-02 04:17:14.264058982,75.8,purchase,mrc_3554,CN,dev_926596,0
txn_002430,user_0088,2024-02-02 04:19:39.491031985,94.94,purchase,mrc_8690,IT,dev_918157,1
txn_002431,user_0178,2024-02-02 04:24:42.653696475,32.41,purchase,mrc_9782,US,dev_706543,0
txn_002432,user_0032,2024-02-02 04:32:25.961870176,43.65,purchase,mrc_7713,IT,dev_966352,0
txn_002433,user_0030,2024-02-02 04:43:32.644856680,41.08,purchase,mrc_8062,IT,dev_263321,0
txn_002434,user_0166,2024-02-02 04:57:31.072519005,204.18,payment,mrc_9809,IN,dev_702052,0
txn_002435,user_0074,2024-02-02 05:01:58.431831933,33.11,purchase,mrc_1076,IT,dev_452352,0
txn_002436,user_0198,2024-02-02 05:05:58.891424114,23.84,purchase,mrc_8490,IT,dev_496956,0
txn_002437,user_0150,2024-02-02 05:39:22.449253130,116.78,purchase,mrc_2234,US,dev_139544,0
txn_002438,user_0010,2024-02-02 05:54:36.380267014,55.07,purchase,mrc_4682,ES,dev_554513,0
txn_002439,user_0073,2024-02-02 06:17:47.826518555,48.23,purchase,mrc_4064,CN,dev_866813,0
txn_002440,user_0190,2024-02-02 06:34:44.085961968,331.27,purchase,mrc_4337,NL,dev_800230,0
txn_002441,user_0184,2024-02-02 06:54:29.181603211,307.23,purchase,mrc_4664,DE,dev_200963,0
txn_002442,user_0029,2024-02-02 07:12:59.439742340,149.72,purchase,mrc_2333,GB,dev_964255,0
txn_002443,user_0158,2024-02-02 07:14:25.409214293,62.2,withdrawal,mrc_6575,IN,dev_338326,0
txn_002444,user_0075,2024-02-02 07:25:04.215746703,51.16,purchase,mrc_7326,GB,dev_228165,0
txn_002445,user_0109,2024-02-02 08:27:48.799100238,24.21,purchase,mrc_4716,CN,dev_681298,0
txn_002446,user_0175,2024-02-02 08:29:26.638936336,72.33,purchase,mrc_5905,CA,dev_530674,0
txn_002447,user_0031,2024-02-02 08:33:26.692002571,126.3,purchase,mrc_7885,GB,dev_400819,0
txn_002448,user_0078,2024-02-02 09:28:59.114155118,99.04,payment,mrc_1368,DE,dev_986119,0
txn_002449,user_0124,2024-02-02 09:29:32.465382196,101.34,purchase,mrc_6943,GB,dev_327865,0
txn_002450,user_0131,2024-02-02 09:32:25.551401019,126.71,purchase,mrc_5178,DE,dev_270545,0
txn_002451,user_0085,2024-02-02 09:42:57.666006776,45.73,payment,mrc_4530,CA,dev_870105,0
txn_002452,user_0031,2024-02-02 09:48:15.880894423,130.59,purchase,mrc_8808,GB,dev_400819,0
txn_002453,user_0186,2024-02-02 11:14:25.425682410,38.19,transfer,mrc_7866,PL,dev_912390,0
txn_002454,user_0019,2024-02-02 12:06:12.755502176,726.44,payment,mrc_1089,PL,dev_356102,1
txn_002455,user_0191,2024-02-02 12:11:20.143022759,61.02,purchase,mrc_4481,US,dev_830909,0
txn_002456,user_0185,2024-02-02 12:13:29.509248160,110.21,purchase,mrc_6547,ES,dev_494056,0
txn_002457,user_0169,2024-02-02 12:31:21.144610382,44.87,purchase,mrc_8662,MX,dev_169030,0
txn_002458,user_0137,2024-02-02 12:32:53.849828832,35.6,transfer,mrc_7704,IN,dev_384439,0
txn_002459,user_0198,2024-02-02 12:33:26.203797869,43.35,withdrawal,mrc_7841,IT,dev_496956,0
txn_002460,user_0135,2024-02-02 12:56:24.800642139,34.73,purchase,mrc_7168,DE,dev_329595,0
txn_002461,user_0165,2024-02-02 13:00:57.942560320,86.98,purchase,mrc_8440,GB,dev_450186,0
txn_002462,user_0027,2024-02-02 13:15:48.464310376,494.48,payment,mrc_1225,FR,dev_185016,1
txn_002463,user_0040,2024-02-02 14:00:57.746414727,68.48,purchase,mrc_7171,DE,dev_763249,0
txn_002464,user_0124,2024-02-02 14:11:28.590642243,106.3,payment,mrc_4603,GB,dev_327865,0
txn_002465,user_0156,2024-02-02 14:44:14.276755484,57.79,transfer,mrc_5692,US,dev_275937,1
txn_002466,user_0151,2024-02-02 14:51:39.272225993,78.5,purchase,mrc_5089,MX,dev_688185,0
txn_002467,user_0196,2024-02-02 15:08:44.165590306,71.65,purchase,mrc_3454,GB,dev_520735,0
txn_002468,user_0125,2024-02-02 15:10:20.990749079,18.25,purchase,mrc_8457,FR,dev_268514,0
txn_002469,user_0142,2024-02-02 16:01:53.462623982,40.43,purchase,mrc_6180,US,dev_811663,0
txn_002470,user_0111,2024-02-02 16:23:11.768058099,177.46,withdrawal,mrc_4551,DE,dev_824486,0
txn_002471,user_0163,2024-02-02 16:33:10.217234352,66.64,purchase,mrc_6928,ES,dev_939500,0
txn_002472,user_0030,2024-02-02 16:35:02.574646164,45.59,payment,mrc_8062,IT,dev_263321,0
txn_002473,user_0029,2024-02-02 16:46:31.558774930,100.52,purchase,mrc_1952,GB,dev_964255,0
txn_002474,user_0056,2024-02-02 16:51:00.121932283,32.4,purchase,mrc_2396,PL,dev_136136,0
txn_002475,user_0072,2024-02-02 17:17:04.204106591,39.73,purchase,mrc_5342,CN,dev_152297,0
txn_002476,user_0080,2024-02-02 17:30:28.691175020,22.21,purchase,mrc_1983,US,dev_149548,0
txn_002477,user_0137,2024-02-02 17:47:18.311636676,34.84,payment,mrc_3098,IN,dev_384439,0
txn_002478,user_0186,2024-02-02 17:51:41.893910075,24.32,withdrawal,mrc_7866,PL,dev_912390,0
txn_002479,user_0130,2024-02-02 17:52:05.588172595,105.92,payment,mrc_6055,GB,dev_425066,0
txn_002480,user_0074,2024-02-02 19:24:58.645120860,28.24,purchase,mrc_4049,IT,dev_452352,0
txn_002481,user_0079,2024-02-02 19:40:44.585829500,50.32,purchase,mrc_4703,FR,dev_392734,0
txn_002482,user_0195,2024-02-02 19:41:56.017611294,98.72,purchase,mrc_3081,FR,dev_495433,0
txn_002483,user_0004,2024-02-02 20:05:14.248806070,206.3,purchase,mrc_2705,DE,dev_168708,0
txn_002484,user_0085,2024-02-02 20:09:07.378536564,43.57,transfer,mrc_5461,CA,dev_870105,0
txn_002485,user_0105,2024-02-02 20:17:47.773248013,37.05,purchase,mrc_1163,NL,dev_979037,0
txn_002486,user_0114,2024-02-02 20:48:24.180692535,19.89,transfer,mrc_9779,GB,dev_530246,0
txn_002487,user_0051,2024-02-02 21:12:21.017424207,64.61,purchase,mrc_4980,GB,dev_971478,0
txn_002488,user_0067,2024-02-02 21:54:53.477900456,51.0,purchase,mrc_9329,GB,dev_793538,0
txn_002489,user_0193,2024-02-02 22:05:23.889284805,174.41,withdrawal,mrc_7372,JP,dev_754885,0
txn_002490,user_0184,2024-02-02 22:16:12.687978692,278.73,payment,mrc_3033,DE,dev_200963,0
txn_002491,user_0174,2024-02-02 22:17:34.426622260,21.81,withdrawal,mrc_9915,US,dev_624267,0
txn_002492,user_0106,2024-02-02 22:22:11.380534068,80.2,transfer,mrc_7457,DE,dev_776495,0
txn_002493,user_0017,2024-02-02 22:23:53.261410043,35.17,purchase,mrc_3652,DE,dev_628879,0
txn_002494,user_0184,2024-02-02 22:44:07.661024020,278.13,withdrawal,mrc_5246,DE,dev_200963,0
txn_002495,user_0181,2024-02-02 22:53:35.412433747,32.98,purchase,mrc_3543,US,dev_801882,0
txn_002496,user_0089,2024-02-02 23:17:32.310045068,73.43,withdrawal,mrc_6264,GB,dev_154564,0
txn_002497,user_0116,2024-02-03 00:07:18.811869851,45.43,withdrawal,mrc_4690,JP,dev_194702,0
txn_002498,user_0139,2024-02-03 00:11:35.540895359,59.71,purchase,mrc_4024,CN,dev_613879,0
txn_002499,user_0005,2024-02-03 00:27:57.053536562,28.31,purchase,mrc_3810,BR,dev_528133,0
txn_002500,user_0121,2024-02-03 00:32:26.657255251,156.11,purchase,mrc_3202,GB,dev_581381,0
txn_002501,user_0150,2024-02-03 00:41:08.241895145,727.2,purchase,mrc_1550,GB,dev_139544,1
txn_002502,user_0087,2024-02-03 00:41:57.367394904,70.12,purchase,mrc_3115,ES,dev_408962,0
txn_002503,user_0052,2024-02-03 00:42:23.165553351,13419.82,withdrawal,mrc_9990,CN,dev_926596,1
txn_002504,user_0076,2024-02-03 01:08:03.728818533,49.81,withdrawal,mrc_6609,FR,dev_986288,0
txn_002505,user_0035,2024-02-03 01:11:51.351516902,159.59,purchase,mrc_9858,NL,dev_149855,1
txn_002506,user_0035,2024-02-03 01:23:19.530022256,216.59,payment,mrc_8874,NL,dev_149855,1
txn_002507,user_0193,2024-02-03 01:41:28.660737177,177.13,purchase,mrc_2525,JP,dev_754885,0
txn_002508,user_0011,2024-02-03 03:14:40.175863346,41.71,payment,mrc_5508,FR,dev_250275,0
txn_002509,user_0137,2024-02-03 03:30:31.766573591,25.05,purchase,mrc_3098,IN,dev_384439,0
txn_002510,user_0165,2024-02-03 03:34:10.259697753,109.74,withdrawal,mrc_9734,GB,dev_450186,0
txn_002511,user_0156,2024-02-03 03:43:50.698552425,78.43,payment,mrc_2585,US,dev_275937,1
txn_002512,user_0048,2024-02-03 03:57:41.412471683,72.17,purchase,mrc_2329,US,dev_786278,0
txn_002513,user_0119,2024-02-03 04:09:20.789539863,52.1,purchase,mrc_7539,IN,dev_467629,0
txn_002514,user_0022,2024-02-03 04:20:19.424889400,675.7,payment,mrc_9148,GB,dev_282464,1
txn_002515,user_0151,2024-02-03 04:35:09.459093404,94.64,withdrawal,mrc_8854,MX,dev_688185,0
txn_002516,user_0153,2024-02-03 05:07:38.789604692,26.87,payment,mrc_7790,DE,dev_332714,0
txn_002517,user_0081,2024-02-03 05:29:58.430334643,18.76,purchase,mrc_3110,PL,dev_707774,0
txn_002518,user_0159,2024-02-03 05:34:25.156281671,13.18,purchase,mrc_4610,BR,dev_722789,0
txn_002519,user_0004,2024-02-03 05:43:58.156234599,76.66,withdrawal,mrc_2705,DE,dev_168708,0
txn_002520,user_0161,2024-02-03 05:51:00.100851206,48.75,payment,mrc_1929,US,dev_689131,0
txn_002521,user_0042,2024-02-03 06:21:51.193159952,75.74,transfer,mrc_2821,IT,dev_165220,0
txn_002522,user_0053,2024-02-03 06:24:28.188269999,34.72,purchase,mrc_3213,JP,dev_877098,0
txn_002523,user_0037,2024-02-03 06:47:46.012720182,31.49,purchase,mrc_1467,US,dev_183988,0
txn_002524,user_0118,2024-02-03 07:16:58.586592278,41.58,payment,mrc_8516,PL,dev_765830,0
txn_002525,user_0010,2024-02-03 07:34:05.133561891,61.77,purchase,mrc_4657,ES,dev_554513,0
txn_002526,user_0125,2024-02-03 07:37:50.722152496,14.21,purchase,mrc_6031,FR,dev_268514,0
txn_002527,user_0065,2024-02-03 07:57:10.750436650,50.91,purchase,mrc_4006,GB,dev_853643,0
txn_002528,user_0032,2024-02-03 08:00:15.095761646,41.81,payment,mrc_3417,IT,dev_966352,0
txn_002529,user_0111,2024-02-03 08:04:57.896362117,198.41,purchase,mrc_8987,DE,dev_824486,0
txn_002530,user_0090,2024-02-03 08:05:43.832098904,72.47,payment,mrc_3402,BR,dev_704432,0
txn_002531,user_0187,2024-02-03 08:07:50.333214841,30.06,purchase,mrc_1890,FR,dev_943069,0
txn_002532,user_0010,2024-02-03 08:27:48.466875945,74.87,purchase,mrc_8325,ES,dev_554513,0
txn_002533,user_0008,2024-02-03 08:54:50.498599739,45.85,purchase,mrc_6424,IT,dev_701561,0
txn_002534,user_0022,2024-02-03 08:57:16.458922121,917.02,purchase,mrc_9921,GB,dev_282464,1
txn_002535,user_0113,2024-02-03 09:11:31.330891909,47.57,transfer,mrc_7544,GB,dev_454695,0
txn_002536,user_0014,2024-02-03 09:20:23.893207956,40.59,withdrawal,mrc_5921,FR,dev_504424,0
txn_002537,user_0051,2024-02-03 09:26:23.793497381,58.41,purchase,mrc_1108,GB,dev_971478,0
txn_002538,user_0132,2024-02-03 09:30:57.207329147,60.07,payment,mrc_8985,IT,dev_759758,0
txn_002539,user_0064,2024-02-03 09:36:16.536380382,57.19,purchase,mrc_3829,IN,dev_424591,0
txn_002540,user_0158,2024-02-03 09:53:07.047291345,107.23,purchase,mrc_2037,IN,dev_338326,0
txn_002541,user_0000,2024-02-03 10:04:57.237273438,70.96,purchase,mrc_9779,NL,dev_281322,0
txn_002542,user_0156,2024-02-03 10:14:20.196860379,103.19,purchase,mrc_4804,US,dev_275937,1
txn_002543,user_0024,2024-02-03 10:56:31.096394358,86.42,withdrawal,mrc_4419,DE,dev_897665,0
txn_002544,user_0132,2024-02-03 11:12:07.241688831,64.48,purchase,mrc_2780,IT,dev_759758,0
txn_002545,user_0154,2024-02-03 11:14:42.156068481,77.6,transfer,mrc_6382,NL,dev_343626,0
txn_002546,user_0138,2024-02-03 11:17:59.713997058,396.13,purchase,mrc_3748,IT,dev_670415,0
txn_002547,user_0064,2024-02-03 11:27:08.262258244,69.0,transfer,mrc_5681,IN,dev_424591,0
txn_002548,user_0164,2024-02-03 11:28:20.377822493,36.78,purchase,mrc_9715,US,dev_375115,0
txn_002549,user_0066,2024-02-03 11:59:36.949356313,55.74,withdrawal,mrc_2076,DE,dev_768422,0
txn_002550,user_0194,2024-02-03 12:24:55.360472018,106.48,purchase,mrc_8462,US,dev_530563,1
txn_002551,user_0137,2024-02-03 12:49:37.171102768,30.0,withdrawal,mrc_1188,IN,dev_384439,0
txn_002552,user_0178,2024-02-03 12:53:52.263081639,34.88,purchase,mrc_2147,US,dev_706543,0
txn_002553,user_0185,2024-02-03 13:12:35.970180922,111.44,payment,mrc_6547,ES,dev_494056,0
txn_002554,user_0080,2024-02-03 13:25:21.793659275,23.11,purchase,mrc_9383,US,dev_149548,0
txn_002555,user_0062,2024-02-03 13:41:36.612819827,41.26,purchase,mrc_6091,GB,dev_385336,0
txn_002556,user_0030,2024-02-03 14:28:57.956808618,71.26,withdrawal,mrc_8621,IT,dev_263321,0
txn_002557,user_0111,2024-02-03 14:39:04.601610592,196.18,purchase,mrc_6658,DE,dev_824486,0
txn_002558,user_0096,2024-02-03 14:42:24.559984732,28.47,transfer,mrc_1437,IN,dev_531876,0
txn_002559,user_0023,2024-02-03 15:15:47.678744177,75.76,withdrawal,mrc_8609,CA,dev_236385,0
txn_002560,user_0109,2024-02-03 15:26:37.651606398,28.39,withdrawal,mrc_7674,CN,dev_681298,0
txn_002561,user_0004,2024-02-03 15:31:09.909729471,261.17,transfer,mrc_2169,DE,dev_168708,0
txn_002562,user_0123,2024-02-03 15:39:58.396748085,57.33,payment,mrc_2869,FR,dev_491106,0
txn_002563,user_0191,2024-02-03 15:45:58.065252243,70.07,payment,mrc_2787,US,dev_830909,0
txn_002564,user_0172,2024-02-03 15:53:57.086512681,54.99,purchase,mrc_2227,US,dev_663974,0
txn_002565,user_0098,2024-02-03 15:54:38.168472931,19.83,purchase,mrc_8644,ES,dev_128155,0
txn_002566,user_0080,2024-02-03 16:05:38.567313928,34.4,withdrawal,mrc_1983,US,dev_149548,0
txn_002567,user_0134,2024-02-03 16:27:33.720313773,52.84,transfer,mrc_5878,US,dev_224788,0
txn_002568,user_0024,2024-02-03 17:11:41.747948505,1658.13,purchase,mrc_7720,DE,dev_897665,1
txn_002569,user_0008,2024-02-03 17:17:35.561711507,111.12,purchase,mrc_3735,IT,dev_701561,0
txn_002570,user_0087,2024-02-03 17:36:27.643158202,31.34,payment,mrc_4476,ES,dev_408962,0
txn_002571,user_0196,2024-02-03 17:56:55.094716408,77.12,withdrawal,mrc_1129,GB,dev_520735,0
txn_002572,user_0024,2024-02-03 18:02:25.777998993,74.52,purchase,mrc_7720,DE,dev_897665,0
txn_002573,user_0022,2024-02-03 18:40:15.284360062,1206.6,purchase,mrc_9148,GB,dev_282464,1
txn_002574,user_0067,2024-02-03 19:23:45.867587903,46.06,transfer,mrc_6767,GB,dev_793538,0
txn_002575,user_0148,2024-02-03 19:32:23.926992669,27.85,purchase,mrc_7639,US,dev_481048,0
txn_002576,user_0029,2024-02-03 20:15:48.309308013,162.3,purchase,mrc_8566,GB,dev_964255,0
txn_002577,user_0167,2024-02-03 20:35:26.648896407,51.97,payment,mrc_6109,FR,dev_606400,0
txn_002578,user_0139,2024-02-03 20:55:40.913922842,62.03,purchase,mrc_1067,CN,dev_613879,0
txn_002579,user_0111,2024-02-03 21:05:43.231084966,181.42,purchase,mrc_6658,DE,dev_824486,0
txn_002580,user_0046,2024-02-03 21:21:10.234635763,18.01,payment,mrc_9380,RU,dev_565935,0
txn_002581,user_0058,2024-02-03 21:40:16.329371047,1893.13,purchase,mrc_9819,IT,dev_793227,1
txn_002582,user_0022,2024-02-03 22:03:20.979673626,156.47,purchase,mrc_6712,GB,dev_282464,0
txn_002583,user_0095,2024-02-03 22:10:08.193060691,19.5,payment,mrc_3342,CN,dev_540551,0
txn_002584,user_0176,2024-02-03 22:19:07.710058470,81.11,payment,mrc_1042,US,dev_354405,1
txn_002585,user_0085,2024-02-03 22:56:56.864839706,41.4,transfer,mrc_1542,CA,dev_870105,0
txn_002586,user_0085,2024-02-03 23:32:55.913528677,45.49,transfer,mrc_2975,CA,dev_870105,0
txn_002587,user_0084,2024-02-03 23:47:38.705465137,1000.53,purchase,mrc_6743,US,dev_897900,1
txn_002588,user_0155,2024-02-04 00:15:35.263445649,126.39,purchase,mrc_5174,FR,dev_681661,0
txn_002589,user_0040,2024-02-04 00:22:40.905561171,59.62,purchase,mrc_4904,DE,dev_763249,0
txn_002590,user_0171,2024-02-04 00:34:21.048124520,30.03,transfer,mrc_7573,GB,dev_735490,0
txn_002591,user_0029,2024-02-04 01:34:07.709704735,155.49,payment,mrc_5996,GB,dev_964255,0
txn_002592,user_0178,2024-02-04 01:45:43.753495742,43.5,purchase,mrc_2142,US,dev_706543,0
txn_002593,user_0090,2024-02-04 01:55:17.055427139,106.7,purchase,mrc_5232,BR,dev_704432,0
txn_002594,user_0177,2024-02-04 01:57:17.667100194,58.73,purchase,mrc_9717,DE,dev_240181,0
txn_002595,user_0178,2024-02-04 02:06:12.809398772,47.01,withdrawal,mrc_5866,US,dev_706543,0
txn_002596,user_0136,2024-02-04 02:46:58.025513110,41.7,withdrawal,mrc_3899,IN,dev_862579,0
txn_002597,user_0148,2024-02-04 03:24:34.938548081,35.01,payment,mrc_3316,US,dev_481048,0
txn_002598,user_0073,2024-02-04 03:25:12.572789328,57.17,transfer,mrc_5782,CN,dev_866813,0
txn_002599,user_0178,2024-02-04 04:22:56.153574501,33.31,withdrawal,mrc_8578,US,dev_706543,0
txn_002600,user_0003,2024-02-04 04:46:31.372231466,55.99,withdrawal,mrc_7146,FR,dev_973627,0
txn_002601,user_0096,2024-02-04 04:46:41.939015358,32.9,withdrawal,mrc_1437,IN,dev_531876,0
txn_002602,user_0152,2024-02-04 04:56:42.015625120,17.74,purchase,mrc_1445,BR,dev_360174,0
txn_002603,user_0100,2024-02-04 05:23:01.161488256,149.97,withdrawal,mrc_8192,GB,dev_643081,0
txn_002604,user_0056,2024-02-04 05:29:43.793226022,25.81,transfer,mrc_1774,PL,dev_136136,0
txn_002605,user_0088,2024-02-04 06:24:25.872105272,128.84,payment,mrc_3172,IT,dev_918157,1
txn_002606,user_0096,2024-02-04 06:45:12.140724716,26.56,transfer,mrc_5146,IN,dev_531876,0
txn_002607,user_0189,2024-02-04 07:14:17.878205704,41.04,purchase,mrc_7727,BR,dev_747681,0
txn_002608,user_0005,2024-02-04 07:27:08.806285429,25.41,purchase,mrc_4916,BR,dev_528133,0
txn_002609,user_0159,2024-02-04 07:51:24.498737891,11.82,purchase,mrc_2889,BR,dev_722789,0
txn_002610,user_0108,2024-02-04 08:04:19.849880035,60.17,purchase,mrc_9278,US,dev_423684,0
txn_002611,user_0077,2024-02-04 08:34:31.782442807,25.23,payment,mrc_4751,FR,dev_803803,0
txn_002612,user_0138,2024-02-04 08:51:09.912176311,164.45,withdrawal,mrc_5155,IT,dev_670415,0
txn_002613,user_0106,2024-02-04 09:11:08.268721649,80.74,purchase,mrc_7867,DE,dev_776495,0
txn_002614,user_0049,2024-02-04 09:15:30.396714420,29.06,purchase,mrc_9878,FR,dev_756716,0
txn_002615,user_0112,2024-02-04 09:29:49.175209787,93.45,purchase,mrc_5208,IN,dev_647866,0
txn_002616,user_0188,2024-02-04 09:32:33.841635816,27.81,payment,mrc_5220,GB,dev_530151,0
txn_002617,user_0097,2024-02-04 10:03:24.968949605,51.29,purchase,mrc_8348,JP,dev_180838,0
txn_002618,user_0070,2024-02-04 10:14:39.392778099,161.21,withdrawal,mrc_9959,JP,dev_490400,0
txn_002619,user_0067,2024-02-04 10:25:14.673876396,51.54,payment,mrc_2296,GB,dev_793538,0
txn_002620,user_0031,2024-02-04 10:32:14.135062501,125.76,payment,mrc_7779,GB,dev_400819,0
txn_002621,user_0155,2024-02-04 10:51:20.648894458,156.34,purchase,mrc_4060,FR,dev_681661,0
txn_002622,user_0139,2024-02-04 10:57:18.910418163,52.28,purchase,mrc_1067,CN,dev_613879,0
txn_002623,user_0039,2024-02-04 10:59:17.140813419,221.43,purchase,mrc_4902,DE,dev_717548,1
txn_002624,user_0066,2024-02-04 11:05:40.147516605,66.14,purchase,mrc_2382,DE,dev_768422,0
txn_002625,user_0013,2024-02-04 11:48:41.113871774,2324.97,transfer,mrc_7451,CN,dev_965706,1
txn_002626,user_0061,2024-02-04 12:01:17.975491123,116.7,transfer,mrc_2380,IT,dev_350267,0
txn_002627,user_0165,2024-02-04 14:03:32.290240953,74.81,transfer,mrc_2633,GB,dev_450186,0
txn_002628,user_0151,2024-02-04 14:23:03.220189386,111.81,purchase,mrc_5257,MX,dev_688185,0
txn_002629,user_0077,2024-02-04 14:50:35.741010790,25.1,payment,mrc_6886,FR,dev_803803,0
txn_002630,user_0154,2024-02-04 15:22:50.583437241,55.73,transfer,mrc_6382,NL,dev_343626,0
txn_002631,user_0142,2024-02-04 15:28:59.942410118,58.99,purchase,mrc_2401,US,dev_811663,0
txn_002632,user_0123,2024-02-04 15:41:08.707814367,52.42,payment,mrc_9577,FR,dev_491106,0
txn_002633,user_0114,2024-02-04 16:28:27.198487940,18.65,purchase,mrc_5697,GB,dev_530246,0
txn_002634,user_0194,2024-02-04 16:40:02.833405721,149.08,purchase,mrc_5329,US,dev_530563,1
txn_002635,user_0081,2024-02-04 17:23:33.038630858,21.3,payment,mrc_4435,PL,dev_707774,0
txn_002636,user_0171,2024-02-04 17:39:21.214261922,24.11,withdrawal,mrc_8868,GB,dev_735490,0
txn_002637,user_0150,2024-02-04 17:40:26.807203733,101.03,payment,mrc_9912,US,dev_139544,0
txn_002638,user_0100,2024-02-04 18:15:32.745289816,182.79,withdrawal,mrc_3667,GB,dev_643081,0
txn_002639,user_0155,2024-02-04 18:18:22.835439575,24.42,purchase,mrc_2936,FR,dev_681661,0
txn_002640,user_0063,2024-02-04 18:21:18.873428112,74.26,purchase,mrc_6633,GB,dev_321655,1
txn_002641,user_0130,2024-02-04 18:53:17.695943799,80.89,payment,mrc_4627,GB,dev_425066,0
txn_002642,user_0129,2024-02-04 19:32:14.151772339,78.37,purchase,mrc_9890,NL,dev_987564,0
txn_002643,user_0002,2024-02-04 19:32:45.283595417,85.74,purchase,mrc_8447,US,dev_840484,0
txn_002644,user_0111,2024-02-04 19:48:10.215301216,153.6,purchase,mrc_6658,DE,dev_824486,0
txn_002645,user_0196,2024-02-04 20:27:16.094598359,81.89,withdrawal,mrc_4289,GB,dev_520735,0
txn_002646,user_0139,2024-02-04 20:34:49.631399685,50.4,purchase,mrc_1352,CN,dev_613879,0
txn_002647,user_0092,2024-02-04 20:48:19.198232871,30.79,payment,mrc_8110,FR,dev_192702,0
txn_002648,user_0079,2024-02-04 20:59:06.058693995,45.66,purchase,mrc_3176,FR,dev_392734,0
txn_002649,user_0065,2024-02-04 21:47:56.389784071,78.31,purchase,mrc_1598,GB,dev_853643,0
txn_002650,user_0173,2024-02-04 22:11:27.719961339,64.56,purchase,mrc_9524,US,dev_515554,0
txn_002651,user_0153,2024-02-04 22:33:25.926443306,29.31,payment,mrc_4136,DE,dev_332714,0
txn_002652,user_0167,2024-02-04 22:45:45.309306863,69.36,transfer,mrc_1049,FR,dev_606400,0
txn_002653,user_0001,2024-02-04 23:00:28.306846563,50.85,purchase,mrc_8033,DE,dev_785024,0
txn_002654,user_0085,2024-02-04 23:07:57.279434199,36.3,purchase,mrc_4530,CA,dev_870105,0
txn_002655,user_0078,2024-02-04 23:12:21.381061615,63.5,purchase,mrc_1368,DE,dev_986119,0
txn_002656,user_0063,2024-02-04 23:32:25.956090919,103.97,purchase,mrc_6633,GB,dev_321655,1
txn_002657,user_0182,2024-02-05 00:10:44.394534817,41.08,purchase,mrc_6066,MX,dev_978161,0
txn_002658,user_0081,2024-02-05 00:20:02.628729927,20.74,purchase,mrc_3110,PL,dev_707774,0
txn_002659,user_0148,2024-02-05 00:39:26.911284001,32.97,purchase,mrc_6287,US,dev_481048,0
txn_002660,user_0069,2024-02-05 00:59:29.793082955,29.73,transfer,mrc_1720,FR,dev_858651,0
txn_002661,user_0037,2024-02-05 01:03:04.368536326,28.7,purchase,mrc_8533,US,dev_183988,0
txn_002662,user_0136,2024-02-05 01:31:10.200120018,45.88,purchase,mrc_5900,IN,dev_862579,0
txn_002663,user_0042,2024-02-05 01:38:18.154984363,73.85,withdrawal,mrc_1316,IT,dev_165220,0
txn_002664,user_0116,2024-02-05 01:40:03.603156151,65.82,purchase,mrc_1646,JP,dev_194702,0
txn_002665,user_0084,2024-02-05 01:48:24.146217100,29.85,purchase,mrc_3666,PL,dev_897900,0
txn_002666,user_0141,2024-02-05 01:58:39.643661614,31.8,purchase,mrc_1626,IT,dev_998747,0
txn_002667,user_0184,2024-02-05 02:03:47.309385045,286.5,purchase,mrc_5246,DE,dev_200963,0
txn_002668,user_0142,2024-02-05 02:38:06.954173643,46.38,purchase,mrc_6180,US,dev_811663,0
txn_002669,user_0116,2024-02-05 02:47:14.823182408,45.28,purchase,mrc_4193,JP,dev_194702,0
txn_002670,user_0041,2024-02-05 02:50:46.545371354,47.39,purchase,mrc_8636,FR,dev_793260,0
txn_002671,user_0030,2024-02-05 03:59:51.046212075,60.65,purchase,mrc_8062,IT,dev_263321,0
txn_002672,user_0123,2024-02-05 04:03:58.692733429,61.5,purchase,mrc_9577,FR,dev_491106,0
txn_002673,user_0090,2024-02-05 04:25:07.737508644,129.03,payment,mrc_2666,BR,dev_704432,0
txn_002674,user_0172,2024-02-05 04:42:03.573505183,71.39,purchase,mrc_8113,US,dev_663974,0
txn_002675,user_0099,2024-02-05 04:59:01.438519932,61.73,payment,mrc_8698,RU,dev_104267,0
txn_002676,user_0113,2024-02-05 05:29:16.264548029,68.87,purchase,mrc_7544,GB,dev_454695,0
txn_002677,user_0094,2024-02-05 05:43:20.414258648,90.3,withdrawal,mrc_5572,CN,dev_246312,0
txn_002678,user_0008,2024-02-05 06:01:41.049409477,128.02,purchase,mrc_6032,IT,dev_701561,0
txn_002679,user_0167,2024-02-05 06:26:09.492901289,585.36,withdrawal,mrc_5191,CN,dev_537564,1
txn_002680,user_0153,2024-02-05 06:33:18.509272845,15.25,purchase,mrc_2419,DE,dev_332714,0
txn_002681,user_0080,2024-02-05 06:34:50.748766213,25.86,purchase,mrc_1983,US,dev_149548,0
txn_002682,user_0016,2024-02-05 06:55:50.668623340,67.04,payment,mrc_7098,GB,dev_694538,0
txn_002683,user_0054,2024-02-05 07:27:35.418022061,65.86,withdrawal,mrc_1048,IT,dev_228719,0
txn_002684,user_0079,2024-02-05 07:49:26.570831211,45.72,purchase,mrc_2997,FR,dev_392734,0
txn_002685,user_0192,2024-02-05 08:06:27.968285081,14.26,withdrawal,mrc_2389,US,dev_664141,0
txn_002686,user_0045,2024-02-05 08:55:26.602078578,24.05,purchase,mrc_6151,US,dev_568492,0
txn_002687,user_0023,2024-02-05 09:03:35.237461160,4423.71,purchase,mrc_7736,CA,dev_236385,1
txn_002688,user_0016,2024-02-05 09:17:51.276308772,61.89,purchase,mrc_7098,GB,dev_694538,0
txn_002689,user_0127,2024-02-05 09:48:34.752456338,184.34,purchase,mrc_8180,US,dev_457768,1
txn_002690,user_0141,2024-02-05 09:52:36.653876559,27.52,purchase,mrc_6693,IT,dev_998747,0
txn_002691,user_0021,2024-02-05 09:54:25.614202534,181.94,withdrawal,mrc_5993,JP,dev_977638,0
txn_002692,user_0040,2024-02-05 10:07:53.970042198,70.54,withdrawal,mrc_4414,DE,dev_763249,0
txn_002693,user_0100,2024-02-05 10:09:09.880313617,184.89,purchase,mrc_2946,GB,dev_643081,0
txn_002694,user_0100,2024-02-05 11:19:40.861272920,190.75,withdrawal,mrc_5638,GB,dev_643081,0
txn_002695,user_0122,2024-02-05 12:08:13.121909594,1574.02,withdrawal,mrc_5767,FR,dev_353998,1
txn_002696,user_0199,2024-02-05 12:18:22.804352180,45.37,transfer,mrc_5968,DE,dev_506218,0
txn_002697,user_0044,2024-02-05 12:29:02.968534943,18.8,withdrawal,mrc_8155,BR,dev_176043,0
txn_002698,user_0182,2024-02-05 13:33:09.324129397,105.86,purchase,mrc_6066,MX,dev_978161,0
txn_002699,user_0148,2024-02-05 13:37:28.994010105,18.88,payment,mrc_6287,US,dev_481048,0
txn_002700,user_0125,2024-02-05 13:54:38.943332331,23.99,transfer,mrc_7136,FR,dev_268514,0
txn_002701,user_0125,2024-02-05 14:08:57.295731126,16.89,purchase,mrc_9385,FR,dev_268514,0
txn_002702,user_0030,2024-02-05 14:24:35.210132684,58.98,purchase,mrc_1160,IT,dev_263321,0
txn_002703,user_0016,2024-02-05 15:47:02.314823645,62.87,payment,mrc_2576,GB,dev_694538,0
txn_002704,user_0116,2024-02-05 16:05:26.722313350,65.02,purchase,mrc_9840,JP,dev_194702,0
txn_002705,user_0067,2024-02-05 16:10:44.167326399,32.24,transfer,mrc_4002,GB,dev_793538,0
txn_002706,user_0179,2024-02-05 17:22:14.136847470,25.89,purchase,mrc_2939,ES,dev_449253,0
txn_002707,user_0044,2024-02-05 17:31:10.475438052,20.4,transfer,mrc_8155,BR,dev_176043,0
txn_002708,user_0036,2024-02-05 17:35:02.059267869,30.33,purchase,mrc_6782,GB,dev_305262,0
txn_002709,user_0189,2024-02-05 17:51:17.994432310,50.16,payment,mrc_8035,BR,dev_747681,0
txn_002710,user_0180,2024-02-05 17:54:04.172104811,33.69,withdrawal,mrc_1696,DE,dev_275394,1
txn_002711,user_0144,2024-02-05 18:16:47.549845669,162.97,withdrawal,mrc_9154,US,dev_431862,0
txn_002712,user_0010,2024-02-05 18:52:51.395083657,71.34,withdrawal,mrc_4761,ES,dev_554513,0
txn_002713,user_0067,2024-02-05 19:04:33.080691431,31.31,withdrawal,mrc_7347,GB,dev_793538,0
txn_002714,user_0015,2024-02-05 19:17:09.400639118,24.52,purchase,mrc_1852,DE,dev_377800,0
txn_002715,user_0042,2024-02-05 19:26:44.742309514,21.54,withdrawal,mrc_2590,IT,dev_165220,0
txn_002716,user_0136,2024-02-05 19:28:40.624196541,43.69,purchase,mrc_6689,IN,dev_862579,0
txn_002717,user_0165,2024-02-05 20:30:21.924888158,104.35,purchase,mrc_9346,GB,dev_450186,0
txn_002718,user_0170,2024-02-05 21:00:34.260812506,19.07,transfer,mrc_4824,ES,dev_674267,0
txn_002719,user_0051,2024-02-05 21:02:55.460012819,66.55,purchase,mrc_1108,GB,dev_971478,0
txn_002720,user_0162,2024-02-05 21:33:11.150668055,146.65,withdrawal,mrc_8217,DE,dev_495721,0
txn_002721,user_0151,2024-02-05 21:34:45.343634669,110.58,withdrawal,mrc_5257,MX,dev_688185,0
txn_002722,user_0190,2024-02-05 22:01:39.828649997,2537.5,payment,mrc_4825,NL,dev_971533,1
txn_002723,user_0044,2024-02-05 22:22:21.045110818,22.87,payment,mrc_5006,BR,dev_458534,1
txn_002724,user_0044,2024-02-05 22:30:53.296095846,22.39,purchase,mrc_5006,BR,dev_458534,1
txn_002725,user_0090,2024-02-05 22:40:22.783059272,81.07,purchase,mrc_8087,BR,dev_704432,0
txn_002726,user_0061,2024-02-05 22:46:12.488614676,130.91,purchase,mrc_4705,IT,dev_350267,0
txn_002727,user_0105,2024-02-05 22:47:31.507015966,37.38,purchase,mrc_1163,NL,dev_979037,0
txn_002728,user_0044,2024-02-05 22:50:26.405049386,17.66,purchase,mrc_8042,BR,dev_458534,1
txn_002729,user_0044,2024-02-05 23:02:40.359402799,17.54,payment,mrc_9968,BR,dev_458534,1
txn_002730,user_0044,2024-02-05 23:08:45.005005516,21.16,purchase,mrc_6342,BR,dev_458534,1
txn_002731,user_0168,2024-02-05 23:20:52.445996906,12.49,purchase,mrc_2445,ES,dev_807983,0
txn_002732,user_0068,2024-02-05 23:34:13.089466248,90.55,purchase,mrc_9282,US,dev_109654,0
txn_002733,user_0044,2024-02-05 23:42:11.236246643,17.15,withdrawal,mrc_8042,BR,dev_458534,1
txn_002734,user_0079,2024-02-05 23:48:34.907586167,18.3,purchase,mrc_4703,FR,dev_392734,0
txn_002735,user_0078,2024-02-06 00:02:32.625995444,55.33,purchase,mrc_2114,DE,dev_986119,0
txn_002736,user_0161,2024-02-06 00:39:25.058165554,41.52,purchase,mrc_1929,US,dev_689131,0
txn_002737,user_0044,2024-02-06 01:13:23.167294040,18.09,purchase,mrc_8155,BR,dev_176043,0
txn_002738,user_0073,2024-02-06 01:22:11.250709187,60.81,purchase,mrc_5782,CN,dev_866813,0
txn_002739,user_0088,2024-02-06 01:30:44.830551727,169.53,purchase,mrc_3694,IT,dev_918157,1
txn_002740,user_0066,2024-02-06 01:45:14.801783937,29.7,purchase,mrc_6406,DE,dev_768422,0
txn_002741,user_0053,2024-02-06 02:21:33.305615864,460.59,purchase,mrc_3213,JP,dev_877098,1
txn_002742,user_0164,2024-02-06 02:32:22.137967427,28.21,purchase,mrc_5505,US,dev_375115,0
txn_002743,user_0047,2024-02-06 03:16:32.850122958,17.86,purchase,mrc_7643,DE,dev_207760,0
txn_002744,user_0007,2024-02-06 03:28:14.752026065,21.98,purchase,mrc_2030,ES,dev_133536,0
txn_002745,user_0042,2024-02-06 03:50:12.304273090,70.95,purchase,mrc_7613,IT,dev_165220,0
txn_002746,user_0139,2024-02-06 04:07:59.311797052,52.16,purchase,mrc_4293,CN,dev_613879,0
txn_002747,user_0075,2024-02-06 04:34:40.091061681,44.29,withdrawal,mrc_7326,GB,dev_228165,0
txn_002748,user_0033,2024-02-06 04:36:52.957703604,673.68,purchase,mrc_3868,IT,dev_422074,1
txn_002749,user_0079,2024-02-06 05:12:50.034259564,48.3,purchase,mrc_3176,FR,dev_392734,0
txn_002750,user_0110,2024-02-06 05:19:31.671803295,184.33,purchase,mrc_1898,JP,dev_758021,1
txn_002751,user_0111,2024-02-06 06:00:35.145088973,206.34,purchase,mrc_3871,DE,dev_824486,0
txn_002752,user_0175,2024-02-06 06:18:53.846956695,78.39,purchase,mrc_6945,CA,dev_530674,0
txn_002753,user_0187,2024-02-06 06:21:00.390029307,31.63,transfer,mrc_5376,FR,dev_943069,0
txn_002754,user_0081,2024-02-06 06:56:50.509066809,10.19,purchase,mrc_4435,PL,dev_707774,0
txn_002755,user_0040,2024-02-06 07:27:16.790415957,58.43,purchase,mrc_2646,DE,dev_763249,0
txn_002756,user_0051,2024-02-06 08:03:07.080395308,63.37,transfer,mrc_5639,GB,dev_971478,0
txn_002757,user_0103,2024-02-06 08:23:58.035996914,46.87,purchase,mrc_5979,US,dev_931748,0
txn_002758,user_0137,2024-02-06 08:29:13.782491059,28.24,withdrawal,mrc_3098,IN,dev_384439,0
txn_002759,user_0064,2024-02-06 08:36:26.108313299,70.78,purchase,mrc_5673,IN,dev_424591,0
txn_002760,user_0017,2024-02-06 09:00:03.211229533,501.69,withdrawal,mrc_4762,DE,dev_306393,1
txn_002761,user_0000,2024-02-06 09:04:16.080231038,52.45,transfer,mrc_7621,NL,dev_281322,0
txn_002762,user_0138,2024-02-06 10:01:54.159815971,308.4,purchase,mrc_6273,IT,dev_670415,0
txn_002763,user_0193,2024-02-06 10:06:30.672772555,152.78,transfer,mrc_2576,JP,dev_754885,0
txn_002764,user_0182,2024-02-06 10:07:22.649889516,78.77,purchase,mrc_1442,MX,dev_978161,0
txn_002765,user_0114,2024-02-06 10:27:24.656425984,17.04,purchase,mrc_9779,GB,dev_530246,0
txn_002766,user_0104,2024-02-06 10:51:36.570002372,64.05,withdrawal,mrc_6595,ES,dev_626174,0
txn_002767,user_0051,2024-02-06 11:04:53.520825312,47.63,payment,mrc_3717,GB,dev_971478,0
txn_002768,user_0172,2024-02-06 11:35:48.565944602,55.68,purchase,mrc_6567,US,dev_663974,0
txn_002769,user_0142,2024-02-06 11:42:05.052492101,53.19,purchase,mrc_6180,US,dev_811663,0
txn_002770,user_0104,2024-02-06 11:49:12.922615241,28.21,purchase,mrc_6595,ES,dev_626174,0
txn_002771,user_0030,2024-02-06 11:57:11.124139555,59.54,purchase,mrc_8621,IT,dev_263321,0
txn_002772,user_0011,2024-02-06 12:28:12.157617246,48.74,purchase,mrc_9104,FR,dev_250275,0
txn_002773,user_0081,2024-02-06 12:39:01.903386169,10.12,withdrawal,mrc_4435,PL,dev_707774,0
txn_002774,user_0130,2024-02-06 12:52:23.266584152,86.19,withdrawal,mrc_9047,GB,dev_425066,0
txn_002775,user_0044,2024-02-06 13:14:45.976383478,20.53,withdrawal,mrc_9968,BR,dev_176043,0
txn_002776,user_0134,2024-02-06 13:45:30.707860582,51.37,withdrawal,mrc_7709,US,dev_224788,0
txn_002777,user_0109,2024-02-06 13:50:25.358850191,2938.85,withdrawal,mrc_7674,BR,dev_681298,1
txn_002778,user_0147,2024-02-06 14:16:18.683905945,47.73,purchase,mrc_2511,IT,dev_100466,0
txn_002779,user_0182,2024-02-06 14:16:18.816502687,76.82,purchase,mrc_1442,MX,dev_978161,0
txn_002780,user_0094,2024-02-06 14:42:02.453748293,80.68,purchase,mrc_1999,CN,dev_246312,0
txn_002781,user_0160,2024-02-06 14:44:42.511321781,99.78,withdrawal,mrc_5487,BR,dev_932446,0
txn_002782,user_0098,2024-02-06 15:06:43.391941678,18.81,payment,mrc_6311,ES,dev_128155,0
txn_002783,user_0091,2024-02-06 15:08:30.934592773,37.04,purchase,mrc_9441,DE,dev_225701,0
txn_002784,user_0174,2024-02-06 15:25:58.174594480,62.45,purchase,mrc_6707,US,dev_624267,0
txn_002785,user_0073,2024-02-06 15:39:24.537675477,70.99,purchase,mrc_4064,CN,dev_866813,0
txn_002786,user_0152,2024-02-06 16:33:19.122422624,21.7,purchase,mrc_7394,BR,dev_360174,0
txn_002787,user_0187,2024-02-06 16:35:05.044605290,24.21,purchase,mrc_9952,FR,dev_943069,0
txn_002788,user_0162,2024-02-06 16:46:04.490015967,205.43,payment,mrc_8205,DE,dev_495721,0
txn_002789,user_0165,2024-02-06 17:01:26.178151653,66.29,transfer,mrc_9346,GB,dev_450186,0
txn_002790,user_0184,2024-02-06 17:05:28.476984386,345.16,purchase,mrc_4664,DE,dev_200963,0
txn_002791,user_0057,2024-02-06 17:23:54.409411429,26.7,purchase,mrc_5583,CA,dev_761158,0
txn_002792,user_0068,2024-02-06 17:26:41.235784261,68.34,purchase,mrc_9901,US,dev_109654,0
txn_002793,user_0196,2024-02-06 17:40:33.213646797,43.23,purchase,mrc_2177,GB,dev_520735,0
txn_002794,user_0008,2024-02-06 17:54:45.482848493,101.97,purchase,mrc_8153,IT,dev_701561,0
txn_002795,user_0040,2024-02-06 17:55:17.551521792,63.82,purchase,mrc_2646,DE,dev_763249,0
txn_002796,user_0133,2024-02-06 18:02:25.985361813,13.4,purchase,mrc_3476,NL,dev_254947,0
txn_002797,user_0103,2024-02-06 18:10:00.459786746,39.08,purchase,mrc_6199,US,dev_931748,0
txn_002798,user_0121,2024-02-06 18:10:15.561047866,82.31,purchase,mrc_7478,GB,dev_581381,0
txn_002799,user_0052,2024-02-06 18:20:55.340334495,66.62,transfer,mrc_6991,CN,dev_926596,0
txn_002800,user_0079,2024-02-06 18:32:16.166869834,30.03,purchase,mrc_4703,FR,dev_392734,0
txn_002801,user_0189,2024-02-06 19:22:07.411093644,35.49,payment,mrc_4853,BR,dev_747681,0
txn_002802,user_0017,2024-02-06 19:35:30.575283254,39.77,withdrawal,mrc_9626,DE,dev_628879,0
txn_002803,user_0005,2024-02-06 19:54:45.678113916,28.72,withdrawal,mrc_7301,BR,dev_528133,0
txn_002804,user_0161,2024-02-06 19:54:53.726934726,52.59,withdrawal,mrc_9835,US,dev_689131,0
txn_002805,user_0051,2024-02-06 20:58:19.471674632,43.64,purchase,mrc_4980,GB,dev_971478,0
txn_002806,user_0018,2024-02-06 21:01:58.640604577,76.67,payment,mrc_6144,FR,dev_534072,0
txn_002807,user_0165,2024-02-06 21:07:12.178022485,102.71,purchase,mrc_8440,GB,dev_450186,0
txn_002808,user_0005,2024-02-06 21:13:15.281872090,32.61,purchase,mrc_7301,BR,dev_528133,0
txn_002809,user_0044,2024-02-06 21:34:56.563130960,16.13,purchase,mrc_8155,BR,dev_176043,0
txn_002810,user_0044,2024-02-06 21:55:52.581974954,21.05,purchase,mrc_9968,BR,dev_176043,0
txn_002811,user_0188,2024-02-06 22:35:03.162407687,34.97,purchase,mrc_6380,GB,dev_530151,0
txn_002812,user_0159,2024-02-06 22:39:18.908936549,31.21,purchase,mrc_4983,BR,dev_722789,0
txn_002813,user_0151,2024-02-06 22:40:12.466420153,86.23,payment,mrc_6904,MX,dev_688185,0
txn_002814,user_0178,2024-02-06 23:03:20.464070772,55.37,withdrawal,mrc_9782,US,dev_706543,0
txn_002815,user_0052,2024-02-06 23:09:56.262223037,72.82,transfer,mrc_6991,CN,dev_926596,0
txn_002816,user_0156,2024-02-06 23:10:52.929672396,31.24,purchase,mrc_4804,US,dev_275937,0
txn_002817,user_0198,2024-02-06 23:55:32.965439251,30.65,purchase,mrc_8490,IT,dev_496956,0
txn_002818,user_0163,2024-02-07 00:10:01.763258806,55.78,purchase,mrc_5989,ES,dev_939500,0
txn_002819,user_0031,2024-02-07 00:30:46.766272347,121.16,purchase,mrc_7779,GB,dev_400819,0
txn_002820,user_0130,2024-02-07 00:36:17.433590620,120.92,purchase,mrc_4627,GB,dev_425066,0
txn_002821,user_0018,2024-02-07 00:58:47.366014756,51.22,payment,mrc_9439,FR,dev_534072,0
txn_002822,user_0118,2024-02-07 01:08:55.675527519,363.66,purchase,mrc_8516,CA,dev_854524,1
txn_002823,user_0087,2024-02-07 01:11:54.462547107,56.45,withdrawal,mrc_4120,ES,dev_408962,0
txn_002824,user_0149,2024-02-07 01:47:50.330750455,49.88,withdrawal,mrc_2972,DE,dev_777095,0
txn_002825,user_0066,2024-02-07 02:29:58.238116435,36.68,purchase,mrc_5574,DE,dev_768422,0
txn_002826,user_0091,2024-02-07 02:36:07.651991051,61.93,withdrawal,mrc_7652,DE,dev_225701,0
txn_002827,user_0035,2024-02-07 02:41:52.586032583,284.98,purchase,mrc_5540,NL,dev_149855,1
txn_002828,user_0135,2024-02-07 04:05:46.411154526,44.69,purchase,mrc_5899,DE,dev_329595,0
txn_002829,user_0035,2024-02-07 04:20:07.445311560,75.23,purchase,mrc_7623,NL,dev_149855,0
txn_002830,user_0184,2024-02-07 04:32:29.703099282,314.92,purchase,mrc_3033,DE,dev_200963,0
txn_002831,user_0066,2024-02-07 04:45:28.008315545,63.03,purchase,mrc_2076,DE,dev_768422,0
txn_002832,user_0024,2024-02-07 04:50:43.517417300,48.6,withdrawal,mrc_7720,DE,dev_897665,0
txn_002833,user_0135,2024-02-07 05:16:29.638984645,40.71,withdrawal,mrc_7168,DE,dev_329595,0
txn_002834,user_0158,2024-02-07 05:46:24.342369516,107.69,payment,mrc_1966,IN,dev_338326,0
txn_002835,user_0151,2024-02-07 05:51:53.682728048,98.6,purchase,mrc_2986,MX,dev_688185,0
txn_002836,user_0194,2024-02-07 05:57:22.322744150,202.32,purchase,mrc_5951,US,dev_530563,1
txn_002837,user_0029,2024-02-07 06:07:38.298648385,131.3,purchase,mrc_6371,GB,dev_964255,0
txn_002838,user_0169,2024-02-07 06:28:02.230939688,42.6,purchase,mrc_2688,MX,dev_169030,0
txn_002839,user_0043,2024-02-07 06:34:32.795859631,96.98,purchase,mrc_6596,IT,dev_672596,0
txn_002840,user_0135,2024-02-07 07:16:06.702879415,32.18,purchase,mrc_1209,DE,dev_329595,0
txn_002841,user_0149,2024-02-07 07:27:54.502015356,46.39,purchase,mrc_2972,DE,dev_777095,0
txn_002842,user_0185,2024-02-07 08:29:17.043010188,73.32,purchase,mrc_2645,ES,dev_494056,0
txn_002843,user_0178,2024-02-07 08:46:28.720368846,31.92,transfer,mrc_8578,US,dev_706543,0
txn_002844,user_0064,2024-02-07 09:07:40.885650743,78.09,purchase,mrc_8198,IN,dev_424591,0
txn_002845,user_0054,2024-02-07 09:52:53.062656195,64.03,purchase,mrc_1048,IT,dev_228719,0
txn_002846,user_0108,2024-02-07 10:13:41.438749024,57.79,purchase,mrc_2605,US,dev_423684,0
txn_002847,user_0176,2024-02-07 10:29:12.633097761,113.55,purchase,mrc_9431,US,dev_354405,1
txn_002848,user_0029,2024-02-07 11:04:53.878687705,128.31,payment,mrc_1952,GB,dev_964255,0
txn_002849,user_0141,2024-02-07 11:45:06.088371593,29.11,transfer,mrc_6296,IT,dev_998747,0
txn_002850,user_0174,2024-02-07 11:47:44.964489927,76.92,purchase,mrc_9915,US,dev_624267,0
txn_002851,user_0198,2024-02-07 11:58:02.629746556,42.92,withdrawal,mrc_4228,IT,dev_496956,0
txn_002852,user_0150,2024-02-07 12:06:09.674974118,104.66,withdrawal,mrc_4586,US,dev_139544,0
txn_002853,user_0094,2024-02-07 12:21:41.223853773,84.35,withdrawal,mrc_5572,CN,dev_246312,0
txn_002854,user_0128,2024-02-07 12:42:47.809844092,75.21,purchase,mrc_6396,PL,dev_669053,0
txn_002855,user_0100,2024-02-07 12:46:30.804248389,248.15,transfer,mrc_3667,GB,dev_643081,0
txn_002856,user_0095,2024-02-07 13:12:03.016948296,23.71,withdrawal,mrc_3342,CN,dev_540551,0
txn_002857,user_0112,2024-02-07 13:20:51.210578320,134.82,payment,mrc_4041,IN,dev_647866,0
txn_002858,user_0055,2024-02-07 13:35:14.384418947,29.71,purchase,mrc_8377,BR,dev_821332,0
txn_002859,user_0178,2024-02-07 14:13:38.910150433,56.31,withdrawal,mrc_2147,US,dev_706543,0
txn_002860,user_0043,2024-02-07 14:23:00.463505387,84.51,purchase,mrc_7530,IT,dev_672596,0
txn_002861,user_0046,2024-02-07 14:46:03.729413107,19.13,purchase,mrc_6395,RU,dev_565935,0
txn_002862,user_0051,2024-02-07 15:03:41.056018045,63.55,purchase,mrc_5639,GB,dev_971478,0
txn_002863,user_0035,2024-02-07 15:31:20.531116673,66.36,payment,mrc_8874,NL,dev_149855,0
txn_002864,user_0142,2024-02-07 15:51:30.204908938,45.84,purchase,mrc_2587,US,dev_811663,0
txn_002865,user_0029,2024-02-07 15:57:46.864579923,79.27,payment,mrc_5996,GB,dev_964255,0
txn_002866,user_0133,2024-02-07 17:03:20.311680938,41.41,purchase,mrc_3476,NL,dev_254947,0
txn_002867,user_0137,2024-02-07 17:07:41.110454047,24.7,purchase,mrc_7862,IN,dev_384439,0
txn_002868,user_0008,2024-02-07 17:41:06.520971836,118.34,purchase,mrc_6424,IT,dev_701561,0
txn_002869,user_0168,2024-02-07 17:43:14.868673731,31.66,purchase,mrc_2445,ES,dev_807983,0
txn_002870,user_0113,2024-02-07 17:43:30.321132343,40.95,purchase,mrc_3192,GB,dev_454695,0
txn_002871,user_0186,2024-02-07 17:48:20.274279623,28.18,withdrawal,mrc_7866,PL,dev_912390,0
txn_002872,user_0044,2024-02-07 18:30:13.906155420,22.22,withdrawal,mrc_8155,BR,dev_176043,0
txn_002873,user_0029,2024-02-07 18:36:10.798993936,100.82,withdrawal,mrc_6371,GB,dev_964255,0
txn_002874,user_0104,2024-02-07 18:37:46.240705278,72.08,payment,mrc_2640,ES,dev_626174,0
txn_002875,user_0151,2024-02-07 19:00:27.978437689,83.03,payment,mrc_8854,MX,dev_688185,0
txn_002876,user_0195,2024-02-07 19:21:35.551272716,89.96,purchase,mrc_2587,FR,dev_495433,0
txn_002877,user_0185,2024-02-07 20:05:25.286018590,107.24,purchase,mrc_6878,ES,dev_494056,0
txn_002878,user_0002,2024-02-07 20:30:47.848293443,109.1,purchase,mrc_4190,US,dev_840484,0
txn_002879,user_0158,2024-02-07 20:41:26.860275703,121.21,withdrawal,mrc_1966,IN,dev_338326,0
txn_002880,user_0100,2024-02-07 20:50:54.979397971,176.61,withdrawal,mrc_3667,GB,dev_643081,0
txn_002881,user_0131,2024-02-07 21:20:10.497690513,100.82,withdrawal,mrc_4624,DE,dev_270545,0
txn_002882,user_0148,2024-02-07 21:40:41.951700942,19.58,purchase,mrc_3316,US,dev_481048,0
txn_002883,user_0106,2024-02-07 21:42:35.899738142,70.74,purchase,mrc_7867,DE,dev_776495,0
txn_002884,user_0065,2024-02-07 21:47:39.216287817,107.21,purchase,mrc_1598,GB,dev_853643,0
txn_002885,user_0049,2024-02-07 22:54:09.203370557,18.1,transfer,mrc_6866,FR,dev_756716,0
txn_002886,user_0101,2024-02-07 23:39:27.760149042,85.23,payment,mrc_6931,DE,dev_472623,0
txn_002887,user_0177,2024-02-08 00:35:01.586120995,20.37,purchase,mrc_9717,DE,dev_240181,0
txn_002888,user_0088,2024-02-08 00:44:22.160360943,39.45,purchase,mrc_3694,IT,dev_918157,0
txn_002889,user_0105,2024-02-08 00:57:56.616566792,35.59,purchase,mrc_8864,NL,dev_979037,0
txn_002890,user_0047,2024-02-08 01:13:25.788608632,23.48,purchase,mrc_4002,DE,dev_207760,0
txn_002891,user_0151,2024-02-08 01:14:50.336408768,82.39,transfer,mrc_9518,MX,dev_688185,0
txn_002892,user_0114,2024-02-08 01:34:12.110691589,25.97,purchase,mrc_5309,GB,dev_530246,0
txn_002893,user_0044,2024-02-08 02:24:41.035822420,19.82,payment,mrc_6342,BR,dev_176043,0
txn_002894,user_0107,2024-02-08 02:32:01.008895114,41.69,purchase,mrc_1846,RU,dev_985074,0
txn_002895,user_0056,2024-02-08 02:33:46.839038251,30.15,payment,mrc_1774,PL,dev_136136,0
txn_002896,user_0042,2024-02-08 02:52:52.715958677,63.71,purchase,mrc_2821,IT,dev_165220,0
txn_002897,user_0054,2024-02-08 03:01:05.350148977,44.95,purchase,mrc_9819,IT,dev_228719,0
txn_002898,user_0018,2024-02-08 03:10:46.062772438,71.29,purchase,mrc_6144,FR,dev_534072,0
txn_002899,user_0182,2024-02-08 03:23:06.222737063,58.04,purchase,mrc_3127,MX,dev_978161,0
txn_002900,user_0115,2024-02-08 03:26:28.833117574,46.56,withdrawal,mrc_5459,FR,dev_180856,0
txn_002901,user_0196,2024-02-08 03:47:03.480861629,84.79,purchase,mrc_2177,GB,dev_520735,0
txn_002902,user_0114,2024-02-08 04:00:05.338773562,22.65,withdrawal,mrc_9779,GB,dev_530246,0
txn_002903,user_0066,2024-02-08 04:05:15.301114564,37.81,purchase,mrc_2382,DE,dev_768422,0
txn_002904,user_0108,2024-02-08 04:17:14.184938786,71.72,purchase,mrc_7137,US,dev_423684,0
txn_002905,user_0174,2024-02-08 04:26:26.692344489,73.7,payment,mrc_4237,US,dev_624267,0
txn_002906,user_0100,2024-02-08 04:36:02.487827478,174.65,purchase,mrc_8192,GB,dev_643081,0
txn_002907,user_0158,2024-02-08 04:37:47.940808736,74.33,purchase,mrc_5138,IN,dev_338326,0
txn_002908,user_0004,2024-02-08 04:48:18.731086130,289.86,purchase,mrc_7177,DE,dev_168708,0
txn_002909,user_0114,2024-02-08 05:04:18.386689430,22.69,purchase,mrc_5697,GB,dev_530246,0
txn_002910,user_0060,2024-02-08 06:36:36.717930668,108.32,purchase,mrc_9759,DE,dev_922343,0
txn_002911,user_0126,2024-02-08 06:51:40.436973440,32.68,purchase,mrc_2907,RU,dev_408162,0
txn_002912,user_0170,2024-02-08 07:06:28.287914898,19.7,purchase,mrc_4329,ES,dev_674267,0
txn_002913,user_0002,2024-02-08 07:23:35.663932415,70.38,transfer,mrc_4190,US,dev_840484,0
txn_002914,user_0032,2024-02-08 07:48:28.801103579,1427.79,purchase,mrc_3129,US,dev_966352,1
txn_002915,user_0159,2024-02-08 08:03:45.540483342,27.61,transfer,mrc_2289,BR,dev_722789,0
txn_002916,user_0090,2024-02-08 09:40:31.170911651,103.66,purchase,mrc_2666,BR,dev_704432,0
txn_002917,user_0057,2024-02-08 09:50:47.750193165,28.54,transfer,mrc_6546,CA,dev_761158,0
txn_002918,user_0052,2024-02-08 10:05:25.779909325,61.61,purchase,mrc_8001,CN,dev_926596,0
txn_002919,user_0057,2024-02-08 11:18:48.079872996,23.44,payment,mrc_5583,CA,dev_761158,0
txn_002920,user_0198,2024-02-08 11:20:02.035862723,53.52,withdrawal,mrc_8490,IT,dev_496956,0
txn_002921,user_0159,2024-02-08 11:31:38.651461516,21.44,transfer,mrc_4610,BR,dev_722789,0
txn_002922,user_0051,2024-02-08 11:58:11.199477904,58.06,purchase,mrc_1108,GB,dev_971478,0
txn_002923,user_0063,2024-02-08 12:12:39.754145081,141.1,withdrawal,mrc_6633,GB,dev_321655,1
txn_002924,user_0087,2024-02-08 12:33:25.346191698,43.34,payment,mrc_3927,ES,dev_408962,0
txn_002925,user_0123,2024-02-08 12:43:54.995998179,59.41,purchase,mrc_2472,FR,dev_491106,0
txn_002926,user_0075,2024-02-08 12:51:06.183115714,49.13,withdrawal,mrc_1065,GB,dev_228165,0
txn_002927,user_0074,2024-02-08 13:01:41.816893826,29.98,payment,mrc_3847,IT,dev_452352,0
txn_002928,user_0096,2024-02-08 13:06:31.273047589,24.03,purchase,mrc_1437,IN,dev_531876,0
txn_002929,user_0018,2024-02-08 13:14:14.202814157,66.6,purchase,mrc_9439,FR,dev_534072,0
txn_002930,user_0149,2024-02-08 13:20:12.916887952,54.56,withdrawal,mrc_6628,DE,dev_777095,0
txn_002931,user_0014,2024-02-08 13:38:14.714305287,47.68,purchase,mrc_8277,FR,dev_504424,0
txn_002932,user_0088,2024-02-08 13:38:48.358232711,45.6,purchase,mrc_3172,IT,dev_918157,0
txn_002933,user_0100,2024-02-08 14:03:02.547414820,145.28,purchase,mrc_8192,GB,dev_643081,0
txn_002934,user_0015,2024-02-08 14:09:40.545711646,11.08,purchase,mrc_6847,DE,dev_377800,0
txn_002935,user_0183,2024-02-08 14:29:29.292450099,2497.67,purchase,mrc_8204,RU,dev_427912,1
txn_002936,user_0186,2024-02-08 14:42:40.363730255,276.09,purchase,mrc_2690,GB,dev_202748,1
txn_002937,user_0188,2024-02-08 14:57:04.624741283,35.2,payment,mrc_5220,GB,dev_530151,0
txn_002938,user_0067,2024-02-08 15:17:57.995221994,40.54,purchase,mrc_9329,GB,dev_793538,0
txn_002939,user_0122,2024-02-08 16:55:04.188924335,21.69,purchase,mrc_5063,FR,dev_353998,0
txn_002940,user_0169,2024-02-08 18:03:08.347751953,512.56,purchase,mrc_8126,MX,dev_169030,1
txn_002941,user_0049,2024-02-08 18:09:52.207633133,44.97,purchase,mrc_4386,FR,dev_756716,0
txn_002942,user_0098,2024-02-08 18:14:16.589876172,13.8,purchase,mrc_7186,ES,dev_128155,0
txn_002943,user_0136,2024-02-08 18:15:15.375396124,48.32,purchase,mrc_8708,IN,dev_862579,0
txn_002944,user_0162,2024-02-08 18:16:06.485058332,109.57,withdrawal,mrc_9339,DE,dev_495721,0
txn_002945,user_0197,2024-02-08 18:43:48.331541577,2116.72,purchase,mrc_5480,IT,dev_494939,1
txn_002946,user_0169,2024-02-08 19:27:08.762399369,44.33,purchase,mrc_8902,MX,dev_169030,0
txn_002947,user_0031,2024-02-08 19:51:03.797373367,104.89,purchase,mrc_7885,GB,dev_400819,0
txn_002948,user_0179,2024-02-08 19:52:40.702995926,17.63,purchase,mrc_9687,ES,dev_449253,0
txn_002949,user_0090,2024-02-08 21:17:17.517245392,44.66,transfer,mrc_2540,BR,dev_704432,0
txn_002950,user_0008,2024-02-08 21:41:33.600094224,123.91,purchase,mrc_1815,IT,dev_701561,0
txn_002951,user_0076,2024-02-08 21:42:17.369876103,79.8,withdrawal,mrc_6609,FR,dev_986288,0
txn_002952,user_0018,2024-02-08 21:45:55.316326359,74.03,purchase,mrc_9439,FR,dev_534072,0
txn_002953,user_0197,2024-02-08 22:08:15.672885700,105.83,payment,mrc_5480,RU,dev_494939,0
txn_002954,user_0045,2024-02-08 22:20:22.505822878,29.97,purchase,mrc_2509,US,dev_568492,0
txn_002955,user_0132,2024-02-08 22:34:44.966250201,51.82,purchase,mrc_3938,IT,dev_759758,0
txn_002956,user_0061,2024-02-08 22:41:58.908982153,92.32,purchase,mrc_6294,IT,dev_350267,0
txn_002957,user_0030,2024-02-08 22:42:22.690186133,60.52,purchase,mrc_7644,IT,dev_263321,0
txn_002958,user_0031,2024-02-08 22:51:39.593800675,161.7,purchase,mrc_9398,GB,dev_400819,0
txn_002959,user_0088,2024-02-08 23:11:25.414035646,29.34,purchase,mrc_8690,IT,dev_918157,0
txn_002960,user_0072,2024-02-08 23:15:29.152433044,27.84,withdrawal,mrc_7916,CN,dev_152297,0
txn_002961,user_0094,2024-02-08 23:22:36.774762216,89.05,payment,mrc_1999,CN,dev_246312,0
txn_002962,user_0081,2024-02-08 23:37:42.736919302,15.13,payment,mrc_3110,PL,dev_707774,0
txn_002963,user_0164,2024-02-08 23:38:41.244429067,32.95,purchase,mrc_7507,US,dev_375115,0
txn_002964,user_0015,2024-02-08 23:45:05.358568035,23.92,purchase,mrc_6658,DE,dev_377800,0
txn_002965,user_0057,2024-02-09 00:14:04.431495377,28.85,purchase,mrc_1490,CA,dev_761158,0
txn_002966,user_0052,2024-02-09 00:44:21.476656195,63.44,withdrawal,mrc_3554,CN,dev_926596,0
txn_002967,user_0091,2024-02-09 00:47:05.574741062,36.07,withdrawal,mrc_7652,DE,dev_225701,0
txn_002968,user_0044,2024-02-09 01:07:22.667616355,21.15,withdrawal,mrc_6342,BR,dev_176043,0
txn_002969,user_0017,2024-02-09 01:10:10.781988276,21.37,purchase,mrc_4762,DE,dev_628879,0
txn_002970,user_0148,2024-02-09 01:13:54.123536328,24.19,purchase,mrc_5909,US,dev_481048,0
txn_002971,user_0059,2024-02-09 01:16:32.642061886,107.32,purchase,mrc_5870,US,dev_323460,0
txn_002972,user_0124,2024-02-09 01:28:06.950370176,99.14,payment,mrc_5184,GB,dev_327865,0
txn_002973,user_0178,2024-02-09 01:35:02.486579139,38.23,transfer,mrc_8469,US,dev_706543,0
txn_002974,user_0162,2024-02-09 01:45:43.176925653,118.48,withdrawal,mrc_8205,DE,dev_495721,0
txn_002975,user_0051,2024-02-09 02:27:20.433068911,80.44,purchase,mrc_5639,GB,dev_971478,0
txn_002976,user_0121,2024-02-09 02:51:10.618868566,111.86,withdrawal,mrc_7478,GB,dev_581381,0
txn_002977,user_0128,2024-02-09 03:17:55.949537630,48.19,transfer,mrc_5149,PL,dev_669053,0
txn_002978,user_0012,2024-02-09 03:41:48.633160552,125.56,purchase,mrc_4050,IT,dev_646476,1
txn_002979,user_0046,2024-02-09 04:24:41.621113525,26.43,withdrawal,mrc_9380,RU,dev_565935,0
txn_002980,user_0037,2024-02-09 04:54:10.545426882,21.5,purchase,mrc_8591,US,dev_183988,0
txn_002981,user_0067,2024-02-09 05:00:47.350084144,30.29,purchase,mrc_2296,GB,dev_793538,0
txn_002982,user_0136,2024-02-09 05:01:34.591026867,39.92,purchase,mrc_4984,IN,dev_862579,0
txn_002983,user_0136,2024-02-09 05:04:37.017943053,69.25,purchase,mrc_3899,IN,dev_862579,0
txn_002984,user_0075,2024-02-09 05:35:54.655118725,41.0,purchase,mrc_3501,GB,dev_228165,0
txn_002985,user_0017,2024-02-09 05:37:25.752339592,31.48,withdrawal,mrc_2363,DE,dev_628879,0
txn_002986,user_0182,2024-02-09 06:23:11.333137639,81.88,purchase,mrc_3127,MX,dev_978161,0
txn_002987,user_0078,2024-02-09 07:06:24.734350772,52.49,purchase,mrc_1368,DE,dev_986119,0
txn_002988,user_0149,2024-02-09 07:08:42.430643455,49.57,purchase,mrc_7762,DE,dev_777095,0
txn_002989,user_0169,2024-02-09 07:13:08.333424381,41.56,purchase,mrc_8662,MX,dev_169030,0
txn_002990,user_0126,2024-02-09 07:13:45.207186543,44.67,withdrawal,mrc_2907,RU,dev_408162,0
txn_002991,user_0176,2024-02-09 07:30:48.018115345,154.11,payment,mrc_1042,US,dev_354405,1
txn_002992,user_0055,2024-02-09 07:44:15.965041719,25.6,purchase,mrc_9349,BR,dev_821332,0
txn_002993,user_0126,2024-02-09 07:47:14.033046385,50.43,purchase,mrc_2895,RU,dev_408162,0
txn_002994,user_0172,2024-02-09 07:53:38.723651810,81.43,purchase,mrc_6230,US,dev_663974,0
txn_002995,user_0041,2024-02-09 07:54:27.254609692,2818.22,purchase,mrc_5144,FR,dev_793260,1
txn_002996,user_0138,2024-02-09 08:07:31.024967928,313.36,withdrawal,mrc_3320,IT,dev_670415,0
txn_002997,user_0004,2024-02-09 08:27:24.911335045,149.46,purchase,mrc_5166,DE,dev_168708,0
txn_002998,user_0137,2024-02-09 08:31:29.020435127,36.7,purchase,mrc_7881,IN,dev_384439,0
txn_002999,user_0007,2024-02-09 08:58:14.495776323,23.0,purchase,mrc_4956,ES,dev_133536,0
txn_003000,user_0160,2024-02-09 10:14:27.742806203,1110.32,withdrawal,mrc_9806,BR,dev_932446,1
txn_003001,user_0149,2024-02-09 10:47:34.203483562,41.6,purchase,mrc_2875,DE,dev_777095,0
txn_003002,user_0074,2024-02-09 11:28:31.111938562,23.82,purchase,mrc_3847,IT,dev_452352,0
txn_003003,user_0196,2024-02-09 11:28:57.023986689,73.1,withdrawal,mrc_2177,GB,dev_520735,0
txn_003004,user_0066,2024-02-09 11:51:57.745324774,30.04,payment,mrc_5574,DE,dev_768422,0
txn_003005,user_0045,2024-02-09 12:08:38.881334102,22.57,purchase,mrc_6151,US,dev_568492,0
txn_003006,user_0108,2024-02-09 12:32:12.986289332,76.1,purchase,mrc_3388,US,dev_423684,0
txn_003007,user_0024,2024-02-09 12:44:18.433686241,121.92,withdrawal,mrc_7628,DE,dev_897665,0
txn_003008,user_0024,2024-02-09 12:57:57.077990150,138.83,purchase,mrc_7720,DE,dev_897665,0
txn_003009,user_0095,2024-02-09 13:05:31.232681584,24.37,purchase,mrc_3342,CN,dev_540551,0
txn_003010,user_0046,2024-02-09 13:08:26.340630758,12.12,purchase,mrc_8604,RU,dev_565935,1
txn_003011,user_0046,2024-02-09 13:08:47.330556203,13.7,purchase,mrc_3121,RU,dev_565935,1
txn_003012,user_0046,2024-02-09 13:16:08.615934926,17.71,purchase,mrc_3121,RU,dev_565935,1
txn_003013,user_0167,2024-02-09 13:27:40.523945211,17.94,purchase,mrc_5069,FR,dev_606400,0
txn_003014,user_0046,2024-02-09 13:42:04.000086908,18.14,purchase,mrc_2252,RU,dev_565935,1
txn_003015,user_0046,2024-02-09 13:42:50.664396873,22.21,purchase,mrc_2252,RU,dev_565935,1
txn_003016,user_0046,2024-02-09 13:42:54.202420842,18.61,purchase,mrc_8604,RU,dev_565935,1
txn_003017,user_0046,2024-02-09 13:44:26.331566612,16.49,withdrawal,mrc_2252,RU,dev_565935,1
txn_003018,user_0046,2024-02-09 13:52:32.663548729,22.86,purchase,mrc_2252,RU,dev_565935,1
txn_003019,user_0118,2024-02-09 13:55:43.310039093,45.95,transfer,mrc_8630,PL,dev_765830,0
txn_003020,user_0046,2024-02-09 13:59:11.743933616,17.38,purchase,mrc_3121,RU,dev_565935,1
txn_003021,user_0046,2024-02-09 14:00:33.308134929,24.79,payment,mrc_9380,RU,dev_565935,1
txn_003022,user_0131,2024-02-09 14:27:45.428344703,99.59,purchase,mrc_4673,DE,dev_270545,0
txn_003023,user_0185,2024-02-09 15:00:27.949806820,86.34,purchase,mrc_2670,ES,dev_494056,0
txn_003024,user_0037,2024-02-09 15:03:04.404349626,31.17,purchase,mrc_8533,US,dev_183988,0
txn_003025,user_0030,2024-02-09 15:03:50.577289409,72.9,purchase,mrc_7644,IT,dev_263321,0
txn_003026,user_0167,2024-02-09 15:24:54.709041851,32.35,withdrawal,mrc_5069,FR,dev_606400,0
txn_003027,user_0109,2024-02-09 15:44:48.933544892,14.53,withdrawal,mrc_7674,CN,dev_681298,0
txn_003028,user_0175,2024-02-09 16:31:45.801703301,68.42,payment,mrc_3715,CA,dev_530674,0
txn_003029,user_0112,2024-02-09 17:00:33.692375624,11346.75,purchase,mrc_4394,IN,dev_647866,1
txn_003030,user_0157,2024-02-09 17:19:56.994944087,23.67,purchase,mrc_5725,DE,dev_319870,0
txn_003031,user_0088,2024-02-09 17:33:25.863639945,43.93,transfer,mrc_3694,IT,dev_918157,0
txn_003032,user_0044,2024-02-09 18:36:57.199706247,19.08,purchase,mrc_8042,BR,dev_176043,0
txn_003033,user_0185,2024-02-09 19:36:30.619022452,116.68,transfer,mrc_2670,ES,dev_494056,0
txn_003034,user_0184,2024-02-09 19:57:33.372111972,237.46,payment,mrc_5246,DE,dev_200963,0
txn_003035,user_0160,2024-02-09 20:12:40.295184909,77.12,purchase,mrc_3933,BR,dev_932446,0
txn_003036,user_0137,2024-02-09 20:25:13.330760096,29.74,purchase,mrc_3098,IN,dev_384439,0
txn_003037,user_0125,2024-02-09 20:42:48.068240822,16.25,withdrawal,mrc_9385,FR,dev_268514,0
txn_003038,user_0013,2024-02-09 20:59:41.214189596,76.29,purchase,mrc_3349,MX,dev_965706,0
txn_003039,user_0009,2024-02-09 21:54:29.197691764,44.57,withdrawal,mrc_3105,CN,dev_127736,0
txn_003040,user_0071,2024-02-09 22:26:43.874366956,16.17,payment,mrc_4660,CN,dev_627800,0
txn_003041,user_0161,2024-02-09 22:30:12.120187655,56.71,purchase,mrc_1929,US,dev_689131,0
txn_003042,user_0047,2024-02-09 22:49:45.613750567,21.91,withdrawal,mrc_9084,DE,dev_207760,0
txn_003043,user_0083,2024-02-09 22:55:17.771523304,12.1,withdrawal,mrc_5040,CN,dev_704450,0
txn_003044,user_0029,2024-02-09 23:11:00.085694295,103.7,purchase,mrc_8566,GB,dev_964255,0
txn_003045,user_0080,2024-02-09 23:13:44.990524844,47.27,purchase,mrc_1983,US,dev_149548,0
txn_003046,user_0038,2024-02-09 23:21:09.784943089,41.2,purchase,mrc_6545,RU,dev_665036,0
txn_003047,user_0184,2024-02-09 23:22:28.971879615,247.19,transfer,mrc_3033,DE,dev_200963,0
txn_003048,user_0121,2024-02-10 00:41:49.117616786,91.62,purchase,mrc_7478,GB,dev_581381,0
txn_003049,user_0169,2024-02-10 01:53:57.164278909,30.74,withdrawal,mrc_9658,MX,dev_169030,0
txn_003050,user_0052,2024-02-10 01:58:13.668580328,67.67,payment,mrc_1388,CN,dev_926596,0
txn_003051,user_0179,2024-02-10 03:02:33.475245673,19.34,payment,mrc_7342,ES,dev_449253,0
txn_003052,user_0121,2024-02-10 03:10:47.039057307,176.58,withdrawal,mrc_3235,GB,dev_581381,0
txn_003053,user_0085,2024-02-10 03:28:12.863334497,51.63,purchase,mrc_1542,CA,dev_870105,0
txn_003054,user_0171,2024-02-10 03:36:07.756162261,31.72,purchase,mrc_7573,GB,dev_735490,0
txn_003055,user_0128,2024-02-10 03:36:38.022907484,59.47,withdrawal,mrc_6938,PL,dev_669053,0
txn_003056,user_0171,2024-02-10 03:54:08.256111421,25.04,purchase,mrc_7573,GB,dev_735490,0
txn_003057,user_0061,2024-02-10 04:03:05.295696339,110.34,purchase,mrc_6294,IT,dev_350267,0
txn_003058,user_0126,2024-02-10 04:06:37.633552694,23.5,purchase,mrc_2895,RU,dev_408162,0
txn_003059,user_0142,2024-02-10 04:36:30.982073012,36.14,purchase,mrc_8491,US,dev_811663,0
txn_003060,user_0188,2024-02-10 04:52:01.220919274,39.92,purchase,mrc_6499,GB,dev_530151,0
txn_003061,user_0084,2024-02-10 07:26:53.282043748,27.19,payment,mrc_3666,PL,dev_897900,0
txn_003062,user_0023,2024-02-10 07:31:05.244608310,84.03,purchase,mrc_9040,CA,dev_236385,0
txn_003063,user_0170,2024-02-10 08:07:33.901633435,12.58,purchase,mrc_6464,ES,dev_674267,0
txn_003064,user_0175,2024-02-10 08:21:46.738264602,72.35,purchase,mrc_7351,CA,dev_530674,0
txn_003065,user_0091,2024-02-10 09:21:29.583770302,32.59,payment,mrc_7652,DE,dev_225701,0
txn_003066,user_0102,2024-02-10 09:43:34.350621056,207.35,purchase,mrc_7237,JP,dev_233145,0
txn_003067,user_0161,2024-02-10 10:15:26.905345754,54.27,purchase,mrc_2738,US,dev_689131,0
txn_003068,user_0172,2024-02-10 10:16:16.606717965,56.46,withdrawal,mrc_1360,US,dev_663974,0
txn_003069,user_0163,2024-02-10 10:18:24.541646652,39.54,purchase,mrc_6928,ES,dev_939500,0
txn_003070,user_0134,2024-02-10 10:24:29.521302925,69.95,purchase,mrc_7709,US,dev_224788,0
txn_003071,user_0122,2024-02-10 10:42:36.101723491,33.76,payment,mrc_5063,FR,dev_353998,0
txn_003072,user_0016,2024-02-10 10:46:04.055830009,59.63,purchase,mrc_2576,GB,dev_694538,0
txn_003073,user_0160,2024-02-10 11:35:59.976318080,58.83,purchase,mrc_9806,BR,dev_932446,0
txn_003074,user_0187,2024-02-10 12:13:41.382918547,30.04,transfer,mrc_5376,FR,dev_943069,0
txn_003075,user_0169,2024-02-10 12:14:00.262473318,32.78,transfer,mrc_8902,MX,dev_169030,0
txn_003076,user_0187,2024-02-10 12:33:21.894956794,21.37,purchase,mrc_5612,FR,dev_943069,0
txn_003077,user_0188,2024-02-10 13:02:11.931361996,33.79,purchase,mrc_9831,GB,dev_530151,0
txn_003078,user_0038,2024-02-10 13:04:40.283929992,116.5,purchase,mrc_5824,RU,dev_665036,0
txn_003079,user_0070,2024-02-10 13:39:24.325055219,2202.26,withdrawal,mrc_5411,JP,dev_490400,1
txn_003080,user_0194,2024-02-10 13:50:45.620494026,266.21,purchase,mrc_8462,US,dev_530563,1
txn_003081,user_0121,2024-02-10 13:58:12.376160416,101.04,purchase,mrc_7478,GB,dev_581381,0
txn_003082,user_0147,2024-02-10 14:16:08.257830665,15.06,payment,mrc_1237,IT,dev_100466,0
txn_003083,user_0050,2024-02-10 14:30:13.055273119,270.23,purchase,mrc_6293,CN,dev_890140,1
txn_003084,user_0071,2024-02-10 14:33:18.001603216,18.92,purchase,mrc_6005,CN,dev_627800,0
txn_003085,user_0164,2024-02-10 14:41:25.158382513,47.92,purchase,mrc_9715,US,dev_375115,0
txn_003086,user_0080,2024-02-10 14:42:01.950027067,34.69,purchase,mrc_9383,US,dev_149548,0
txn_003087,user_0154,2024-02-10 15:05:23.053139728,77.08,payment,mrc_6382,NL,dev_343626,0
txn_003088,user_0063,2024-02-10 15:14:48.072828544,185.66,purchase,mrc_4083,GB,dev_321655,1
txn_003089,user_0117,2024-02-10 15:37:59.708099821,1712.51,payment,mrc_2487,CN,dev_456848,1
txn_003090,user_0148,2024-02-10 15:43:48.327268222,25.57,withdrawal,mrc_7639,US,dev_481048,0
txn_003091,user_0000,2024-02-10 15:54:01.457331970,85.5,purchase,mrc_5737,NL,dev_281322,0
txn_003092,user_0001,2024-02-10 16:16:46.083593511,40.65,purchase,mrc_8033,DE,dev_785024,0
txn_003093,user_0015,2024-02-10 17:58:09.589987224,19.33,payment,mrc_2261,DE,dev_377800,0
txn_003094,user_0088,2024-02-10 18:32:35.345792808,32.33,transfer,mrc_3172,IT,dev_918157,0
txn_003095,user_0106,2024-02-10 19:41:29.663336513,53.34,purchase,mrc_7457,DE,dev_776495,0
txn_003096,user_0169,2024-02-10 19:43:52.185641403,57.66,payment,mrc_8902,MX,dev_169030,0
txn_003097,user_0042,2024-02-10 19:49:14.620703293,107.09,purchase,mrc_1316,IT,dev_165220,0
txn_003098,user_0148,2024-02-10 19:49:47.723633886,26.02,purchase,mrc_6287,US,dev_481048,0
txn_003099,user_0052,2024-02-10 20:23:04.319484789,64.01,purchase,mrc_1957,CN,dev_926596,0
txn_003100,user_0000,2024-02-10 21:06:51.986423359,63.15,purchase,mrc_5737,NL,dev_281322,0
txn_003101,user_0010,2024-02-10 21:55:48.371867709,81.09,transfer,mrc_8325,ES,dev_554513,0
txn_003102,user_0171,2024-02-10 23:14:48.640038607,23.39,withdrawal,mrc_7573,GB,dev_735490,0
txn_003103,user_0114,2024-02-10 23:17:01.147650897,21.79,withdrawal,mrc_5309,GB,dev_530246,0
txn_003104,user_0049,2024-02-10 23:22:05.896437776,32.78,payment,mrc_6866,FR,dev_756716,0
txn_003105,user_0134,2024-02-10 23:28:49.368527930,90.92,transfer,mrc_6240,US,dev_224788,0
txn_003106,user_0011,2024-02-10 23:32:29.534231604,43.64,purchase,mrc_7266,FR,dev_250275,0
txn_003107,user_0038,2024-02-10 23:55:05.969661007,48.95,purchase,mrc_8433,RU,dev_665036,0
txn_003108,user_0015,2024-02-11 00:44:10.843587852,31.15,withdrawal,mrc_6847,DE,dev_377800,0
txn_003109,user_0016,2024-02-11 00:57:36.536860515,61.26,purchase,mrc_7098,GB,dev_694538,0
txn_003110,user_0041,2024-02-11 01:45:14.583979394,38.01,purchase,mrc_8636,FR,dev_793260,0
txn_003111,user_0077,2024-02-11 02:09:28.428081846,22.18,purchase,mrc_1965,FR,dev_803803,0
txn_003112,user_0084,2024-02-11 02:18:30.490048536,24.95,purchase,mrc_8266,PL,dev_897900,0
txn_003113,user_0009,2024-02-11 02:42:32.586794033,48.48,transfer,mrc_3105,CN,dev_127736,0
txn_003114,user_0165,2024-02-11 02:47:09.658276797,91.59,purchase,mrc_6375,GB,dev_450186,0
txn_003115,user_0049,2024-02-11 02:51:14.216701351,40.87,purchase,mrc_6866,FR,dev_756716,0
txn_003116,user_0187,2024-02-11 03:17:13.467292121,32.48,purchase,mrc_1890,FR,dev_943069,0
txn_003117,user_0029,2024-02-11 03:35:45.040481902,33.32,purchase,mrc_1952,GB,dev_964255,0
txn_003118,user_0079,2024-02-11 03:49:20.011682298,42.27,purchase,mrc_4703,FR,dev_392734,0
txn_003119,user_0088,2024-02-11 03:50:19.128967481,40.09,withdrawal,mrc_3172,IT,dev_918157,0
txn_003120,user_0052,2024-02-11 03:54:30.264092890,74.72,transfer,mrc_6991,CN,dev_926596,0
txn_003121,user_0039,2024-02-11 04:01:34.343054426,51.64,payment,mrc_1550,DE,dev_717548,0
txn_003122,user_0115,2024-02-11 04:04:46.370592165,37.06,purchase,mrc_3271,FR,dev_180856,0
txn_003123,user_0109,2024-02-11 04:52:07.741744376,27.87,purchase,mrc_4716,CN,dev_681298,0
txn_003124,user_0176,2024-02-11 05:00:59.286333036,202.77,purchase,mrc_8511,US,dev_354405,1
txn_003125,user_0158,2024-02-11 06:49:03.554160502,105.54,purchase,mrc_6575,IN,dev_338326,0
txn_003126,user_0165,2024-02-11 06:49:54.985940192,110.16,purchase,mrc_6375,GB,dev_450186,0
txn_003127,user_0104,2024-02-11 07:19:51.392450575,83.9,purchase,mrc_6595,ES,dev_626174,0
txn_003128,user_0188,2024-02-11 07:27:49.089675295,30.4,purchase,mrc_1155,GB,dev_530151,0
txn_003129,user_0130,2024-02-11 07:29:42.333561953,62.9,withdrawal,mrc_4627,GB,dev_425066,0
txn_003130,user_0185,2024-02-11 07:41:25.974323497,125.76,purchase,mrc_3886,ES,dev_494056,0
txn_003131,user_0014,2024-02-11 07:48:11.470947424,53.38,purchase,mrc_2821,FR,dev_504424,0
txn_003132,user_0060,2024-02-11 07:53:03.650277715,143.39,withdrawal,mrc_2206,DE,dev_922343,0
txn_003133,user_0019,2024-02-11 08:00:42.089414121,77.53,withdrawal,mrc_4272,DE,dev_356102,0
txn_003134,user_0136,2024-02-11 08:07:49.978159660,52.85,withdrawal,mrc_5407,IN,dev_862579,0
txn_003135,user_0072,2024-02-11 09:30:49.113508985,28.68,purchase,mrc_5342,CN,dev_152297,0
txn_003136,user_0124,2024-02-11 09:49:24.501597469,114.79,purchase,mrc_6943,GB,dev_327865,0
txn_003137,user_0155,2024-02-11 09:57:32.168994331,97.49,purchase,mrc_9418,FR,dev_681661,0
txn_003138,user_0104,2024-02-11 10:00:53.859443523,68.21,purchase,mrc_2640,ES,dev_626174,0
txn_003139,user_0108,2024-02-11 10:01:56.254780052,66.2,payment,mrc_9850,US,dev_423684,0
txn_003140,user_0100,2024-02-11 10:49:50.154853997,177.6,withdrawal,mrc_3667,GB,dev_643081,0
txn_003141,user_0061,2024-02-11 10:54:02.089720928,116.19,purchase,mrc_4705,IT,dev_350267,0
txn_003142,user_0193,2024-02-11 10:56:47.218499307,210.63,payment,mrc_7372,JP,dev_754885,0
txn_003143,user_0134,2024-02-11 11:25:18.805192607,24.15,purchase,mrc_7921,US,dev_224788,0
txn_003144,user_0123,2024-02-11 12:31:17.339281566,60.85,purchase,mrc_2472,FR,dev_491106,0
txn_003145,user_0158,2024-02-11 12:57:24.407794729,137.96,purchase,mrc_2037,IN,dev_338326,0
txn_003146,user_0123,2024-02-11 13:08:10.973730452,57.97,purchase,mrc_2472,FR,dev_491106,0
txn_003147,user_0153,2024-02-11 13:22:48.240438925,24.32,purchase,mrc_4136,DE,dev_332714,0
txn_003148,user_0142,2024-02-11 13:31:32.640413843,61.5,transfer,mrc_8491,US,dev_811663,0
txn_003149,user_0124,2024-02-11 13:46:35.700121022,94.39,payment,mrc_5184,GB,dev_327865,0
txn_003150,user_0079,2024-02-11 14:10:30.187275512,43.4,purchase,mrc_1666,FR,dev_392734,0
txn_003151,user_0191,2024-02-11 14:30:01.885640614,60.65,purchase,mrc_7706,US,dev_830909,0
txn_003152,user_0175,2024-02-11 15:19:28.303764893,76.37,purchase,mrc_7351,CA,dev_530674,0
txn_003153,user_0079,2024-02-11 15:40:21.237422547,45.33,payment,mrc_5998,FR,dev_392734,0
txn_003154,user_0090,2024-02-11 15:59:19.952896658,105.09,withdrawal,mrc_3402,BR,dev_704432,0
txn_003155,user_0087,2024-02-11 16:35:52.267709794,35.74,purchase,mrc_4476,ES,dev_408962,0
txn_003156,user_0101,2024-02-11 16:41:33.072126328,80.68,withdrawal,mrc_7318,DE,dev_472623,0
txn_003157,user_0042,2024-02-11 16:51:19.002406616,59.7,transfer,mrc_2821,IT,dev_165220,0
txn_003158,user_0047,2024-02-11 16:53:28.613319247,21.19,purchase,mrc_7040,DE,dev_207760,0
txn_003159,user_0091,2024-02-11 17:20:29.472559397,45.26,purchase,mrc_7652,DE,dev_225701,0
txn_003160,user_0094,2024-02-11 17:26:08.503810342,72.52,purchase,mrc_1999,CN,dev_246312,0
txn_003161,user_0178,2024-02-11 17:29:19.748156854,32.36,purchase,mrc_2147,US,dev_706543,0
txn_003162,user_0058,2024-02-11 17:41:22.130642280,38.17,withdrawal,mrc_5126,US,dev_793227,0
txn_003163,user_0042,2024-02-11 18:03:55.534495380,68.75,withdrawal,mrc_1316,IT,dev_165220,0
txn_003164,user_0179,2024-02-11 18:14:32.531442172,21.02,purchase,mrc_2939,ES,dev_449253,0
txn_003165,user_0110,2024-02-11 18:59:05.752142602,242.53,withdrawal,mrc_8789,JP,dev_758021,1
txn_003166,user_0185,2024-02-11 19:00:59.652946095,85.95,purchase,mrc_3886,ES,dev_494056,0
txn_003167,user_0145,2024-02-11 19:17:23.264277744,162.58,purchase,mrc_5420,BR,dev_839106,0
txn_003168,user_0067,2024-02-11 19:29:34.336736555,29.3,purchase,mrc_7347,GB,dev_793538,0
txn_003169,user_0138,2024-02-11 19:45:26.774929255,323.84,purchase,mrc_6273,IT,dev_670415,0
txn_003170,user_0097,2024-02-11 19:57:21.106003350,62.74,purchase,mrc_2694,JP,dev_180838,0
txn_003171,user_0016,2024-02-11 20:05:11.422394736,57.54,transfer,mrc_1930,GB,dev_694538,0
txn_003172,user_0134,2024-02-11 20:39:52.965946808,92.51,purchase,mrc_5913,US,dev_224788,0
txn_003173,user_0114,2024-02-11 20:55:48.479575562,19.43,transfer,mrc_2671,GB,dev_530246,0
txn_003174,user_0191,2024-02-11 21:01:30.244030907,89.49,purchase,mrc_4365,US,dev_830909,0
txn_003175,user_0158,2024-02-11 21:02:06.090492078,85.62,purchase,mrc_1898,IN,dev_338326,0
txn_003176,user_0114,2024-02-11 21:11:58.303953499,21.7,purchase,mrc_9779,GB,dev_530246,0
txn_003177,user_0008,2024-02-11 21:34:42.626390761,28.03,purchase,mrc_1815,IT,dev_701561,0
txn_003178,user_0081,2024-02-11 21:51:38.483026782,23.63,withdrawal,mrc_4435,PL,dev_707774,0
txn_003179,user_0185,2024-02-11 22:02:19.074365183,123.2,purchase,mrc_2645,ES,dev_494056,0
txn_003180,user_0063,2024-02-11 23:55:21.025262050,56.65,purchase,mrc_5941,GB,dev_321655,0
txn_003181,user_0193,2024-02-12 00:22:42.211917605,218.75,purchase,mrc_4218,JP,dev_754885,0
txn_003182,user_0132,2024-02-12 00:26:10.529833021,56.54,purchase,mrc_2780,IT,dev_759758,0
txn_003183,user_0179,2024-02-12 00:49:43.190661563,19.09,purchase,mrc_9745,ES,dev_449253,0
txn_003184,user_0178,2024-02-12 01:02:49.606451876,56.93,purchase,mrc_5866,US,dev_706543,0
txn_003185,user_0021,2024-02-12 01:49:47.864054910,201.36,transfer,mrc_5993,JP,dev_977638,0
txn_003186,user_0146,2024-02-12 01:50:02.935606291,71.09,purchase,mrc_3040,ES,dev_229517,0
txn_003187,user_0181,2024-02-12 01:50:17.244203968,19.57,withdrawal,mrc_2852,US,dev_801882,0
txn_003188,user_0085,2024-02-12 02:01:03.454714777,40.73,withdrawal,mrc_1542,CA,dev_870105,0
txn_003189,user_0138,2024-02-12 02:17:22.306427626,246.19,purchase,mrc_3320,IT,dev_670415,0
txn_003190,user_0154,2024-02-12 02:17:50.456182346,66.68,purchase,mrc_7961,NL,dev_343626,0
txn_003191,user_0156,2024-02-12 02:26:05.884055304,29.95,payment,mrc_2585,US,dev_275937,0
txn_003192,user_0044,2024-02-12 02:42:34.838629241,17.6,purchase,mrc_8042,BR,dev_176043,0
txn_003193,user_0141,2024-02-12 02:44:09.122713723,28.62,purchase,mrc_6693,IT,dev_998747,0
txn_003194,user_0098,2024-02-12 02:46:38.840378010,17.86,purchase,mrc_8644,ES,dev_128155,0
txn_003195,user_0077,2024-02-12 02:49:35.613328483,24.88,purchase,mrc_9727,FR,dev_803803,0
txn_003196,user_0126,2024-02-12 03:00:47.582211045,3802.3,transfer,mrc_3584,RU,dev_408162,1
txn_003197,user_0066,2024-02-12 03:01:50.077849568,37.37,purchase,mrc_5574,DE,dev_768422,0
txn_003198,user_0097,2024-02-12 03:06:21.863544399,565.14,payment,mrc_2694,JP,dev_180838,1
txn_003199,user_0080,2024-02-12 03:25:25.789294702,43.21,purchase,mrc_9577,US,dev_149548,0
txn_003200,user_0116,2024-02-12 03:50:10.198886864,53.66,purchase,mrc_9840,JP,dev_194702,0
txn_003201,user_0182,2024-02-12 04:21:07.162401363,58.42,payment,mrc_1442,MX,dev_978161,0
txn_003202,user_0079,2024-02-12 04:35:13.190870912,23.11,payment,mrc_1763,FR,dev_392734,0
txn_003203,user_0055,2024-02-12 04:39:53.033561426,25.18,purchase,mrc_7948,BR,dev_821332,0
txn_003204,user_0125,2024-02-12 05:04:47.312682397,13.44,purchase,mrc_8457,FR,dev_268514,0
txn_003205,user_0073,2024-02-12 05:09:56.341212078,26.24,purchase,mrc_5488,CN,dev_866813,0
txn_003206,user_0038,2024-02-12 05:22:50.636233296,105.9,purchase,mrc_8010,RU,dev_665036,1
txn_003207,user_0145,2024-02-12 05:46:17.545400892,130.9,purchase,mrc_3406,BR,dev_839106,0
txn_003208,user_0142,2024-02-12 05:48:23.000476011,50.57,withdrawal,mrc_8491,US,dev_811663,0
txn_003209,user_0192,2024-02-12 05:54:02.815096434,27.21,purchase,mrc_2389,US,dev_664141,0
txn_003210,user_0059,2024-02-12 06:22:40.109923606,66.9,transfer,mrc_7297,US,dev_323460,0
txn_003211,user_0182,2024-02-12 06:52:12.179244857,88.85,purchase,mrc_3127,MX,dev_978161,0
txn_003212,user_0112,2024-02-12 07:12:42.906063026,92.22,purchase,mrc_4394,IN,dev_647866,0
txn_003213,user_0025,2024-02-12 07:22:52.904059966,26.65,purchase,mrc_7719,BR,dev_336214,0
txn_003214,user_0132,2024-02-12 07:34:14.333425925,62.78,transfer,mrc_1177,IT,dev_759758,0
txn_003215,user_0153,2024-02-12 07:48:14.292987646,351.54,payment,mrc_7790,DE,dev_101042,1
txn_003216,user_0108,2024-02-12 07:50:11.897472769,60.49,transfer,mrc_3388,US,dev_423684,0
txn_003217,user_0133,2024-02-12 08:19:59.787118588,37.42,payment,mrc_3476,NL,dev_254947,0
txn_003218,user_0067,2024-02-12 09:43:04.657369902,24.23,transfer,mrc_4002,GB,dev_793538,0
txn_003219,user_0032,2024-02-12 09:50:54.277217811,43.35,purchase,mrc_5084,IT,dev_966352,0
txn_003220,user_0155,2024-02-12 09:58:24.203146271,7676.47,transfer,mrc_5271,FR,dev_681661,1
txn_003221,user_0167,2024-02-12 10:53:01.647743518,70.96,purchase,mrc_5069,FR,dev_606400,0
txn_003222,user_0159,2024-02-12 10:53:58.525315265,20.56,withdrawal,mrc_4610,BR,dev_722789,0
txn_003223,user_0067,2024-02-12 11:50:07.194439031,40.88,payment,mrc_6767,GB,dev_793538,0
txn_003224,user_0105,2024-02-12 12:18:04.160287320,40.09,purchase,mrc_8625,NL,dev_979037,0
txn_003225,user_0016,2024-02-12 12:45:41.014637171,53.63,purchase,mrc_2576,GB,dev_694538,0
txn_003226,user_0051,2024-02-12 13:01:22.179135323,46.24,purchase,mrc_3838,GB,dev_971478,0
txn_003227,user_0134,2024-02-12 13:33:23.495027828,83.04,purchase,mrc_6240,US,dev_224788,0
txn_003228,user_0014,2024-02-12 13:45:50.766067577,48.32,purchase,mrc_3753,FR,dev_504424,0
txn_003229,user_0098,2024-02-12 13:49:28.782041362,295.54,purchase,mrc_7186,ES,dev_128155,1
txn_003230,user_0080,2024-02-12 14:12:52.583002310,40.97,purchase,mrc_1438,US,dev_149548,0
txn_003231,user_0017,2024-02-12 14:24:04.879297676,23.12,purchase,mrc_1205,DE,dev_628879,0
txn_003232,user_0081,2024-02-12 15:07:09.390625330,15.58,payment,mrc_4435,PL,dev_707774,0
txn_003233,user_0051,2024-02-12 15:40:41.747269675,56.89,purchase,mrc_3717,GB,dev_971478,0
txn_003234,user_0154,2024-02-12 16:00:01.616067412,81.23,transfer,mrc_1084,NL,dev_343626,0
txn_003235,user_0150,2024-02-12 16:04:06.616645579,79.6,purchase,mrc_4586,US,dev_139544,0
txn_003236,user_0071,2024-02-12 16:22:54.240252870,17.37,purchase,mrc_4660,CN,dev_627800,0
txn_003237,user_0166,2024-02-12 16:53:44.528619846,255.13,purchase,mrc_1041,IN,dev_702052,0
txn_003238,user_0073,2024-02-12 16:54:03.204922504,32.12,withdrawal,mrc_8630,CN,dev_866813,0
txn_003239,user_0046,2024-02-12 17:58:22.975011149,16.91,purchase,mrc_9380,RU,dev_565935,0
txn_003240,user_0054,2024-02-12 17:59:42.428122938,86.35,transfer,mrc_8379,IT,dev_228719,0
txn_003241,user_0105,2024-02-12 18:03:35.457123512,28.11,purchase,mrc_2707,NL,dev_979037,0
txn_003242,user_0002,2024-02-12 18:21:34.412458577,60.35,purchase,mrc_8447,US,dev_840484,0
txn_003243,user_0176,2024-02-12 18:24:02.933188276,30.99,withdrawal,mrc_1042,US,dev_354405,0
txn_003244,user_0151,2024-02-12 18:49:29.831210190,97.48,withdrawal,mrc_5089,MX,dev_688185,0
txn_003245,user_0060,2024-02-12 19:53:06.966426541,119.46,purchase,mrc_2163,DE,dev_922343,0
txn_003246,user_0075,2024-02-12 20:04:47.242978111,46.07,purchase,mrc_2532,GB,dev_228165,0
txn_003247,user_0065,2024-02-12 20:39:09.454147589,80.5,purchase,mrc_3824,GB,dev_853643,0
txn_003248,user_0198,2024-02-12 20:44:19.268051576,56.1,payment,mrc_1730,IT,dev_496956,0
txn_003249,user_0195,2024-02-12 21:00:02.746272784,83.04,payment,mrc_3491,FR,dev_495433,0
txn_003250,user_0030,2024-02-12 21:28:49.153949334,34.7,transfer,mrc_8621,IT,dev_263321,0
txn_003251,user_0139,2024-02-12 21:44:03.103105596,48.85,payment,mrc_4024,CN,dev_613879,0
txn_003252,user_0133,2024-02-12 21:58:35.777076062,38.59,withdrawal,mrc_3476,NL,dev_254947,0
txn_003253,user_0075,2024-02-12 22:18:35.695364018,44.33,withdrawal,mrc_4739,GB,dev_228165,0
txn_003254,user_0089,2024-02-12 22:34:15.619482930,81.77,payment,mrc_8126,GB,dev_154564,0
txn_003255,user_0017,2024-02-12 23:13:42.798106872,36.2,purchase,mrc_4762,DE,dev_628879,0
txn_003256,user_0111,2024-02-12 23:50:59.369017739,187.14,purchase,mrc_4132,DE,dev_824486,0
txn_003257,user_0013,2024-02-12 23:56:12.370874390,54.41,transfer,mrc_3349,MX,dev_965706,0
txn_003258,user_0158,2024-02-13 00:23:09.289315252,94.62,transfer,mrc_6575,IN,dev_338326,0
txn_003259,user_0176,2024-02-13 00:24:02.393633480,75.65,purchase,mrc_1042,US,dev_354405,0
txn_003260,user_0028,2024-02-13 00:30:28.946802815,18.53,payment,mrc_9757,IN,dev_743865,0
txn_003261,user_0122,2024-02-13 01:19:14.439349931,24.22,purchase,mrc_5767,FR,dev_353998,0
txn_003262,user_0193,2024-02-13 01:33:04.240440605,214.19,withdrawal,mrc_2525,JP,dev_754885,0
txn_003263,user_0143,2024-02-13 01:47:41.546774945,56.76,purchase,mrc_1856,CA,dev_121390,0
txn_003264,user_0193,2024-02-13 01:53:13.759206085,196.08,purchase,mrc_2576,JP,dev_754885,0
txn_003265,user_0176,2024-02-13 02:09:50.427460469,43.07,payment,mrc_8511,US,dev_354405,0
txn_003266,user_0079,2024-02-13 03:00:55.892582420,31.98,transfer,mrc_2997,FR,dev_392734,0
txn_003267,user_0089,2024-02-13 03:04:29.975137481,114.73,purchase,mrc_8053,GB,dev_154564,0
txn_003268,user_0178,2024-02-13 03:43:44.241973503,47.81,purchase,mrc_2147,US,dev_706543,0
txn_003269,user_0133,2024-02-13 03:43:51.653554078,41.7,withdrawal,mrc_7892,NL,dev_254947,0
txn_003270,user_0155,2024-02-13 03:46:52.429478758,69.17,transfer,mrc_5271,FR,dev_681661,0
txn_003271,user_0139,2024-02-13 04:00:01.101558053,46.77,payment,mrc_1352,CN,dev_613879,0
txn_003272,user_0052,2024-02-13 04:11:16.772503349,64.67,withdrawal,mrc_1388,CN,dev_926596,0
txn_003273,user_0125,2024-02-13 04:17:34.117514782,18.58,purchase,mrc_8457,FR,dev_268514,0
txn_003274,user_0080,2024-02-13 04:23:06.736448224,28.25,purchase,mrc_4320,US,dev_149548,0
txn_003275,user_0174,2024-02-13 05:22:57.402149373,63.95,payment,mrc_8841,US,dev_624267,0
txn_003276,user_0195,2024-02-13 05:35:20.205717419,104.84,purchase,mrc_2587,FR,dev_495433,0
txn_003277,user_0131,2024-02-13 05:40:23.872900711,97.48,purchase,mrc_7268,DE,dev_270545,0
txn_003278,user_0199,2024-02-13 06:00:54.436908710,46.29,purchase,mrc_7870,DE,dev_506218,0
txn_003279,user_0124,2024-02-13 06:19:05.847685479,121.21,purchase,mrc_4603,GB,dev_327865,0
txn_003280,user_0184,2024-02-13 06:30:18.425466620,3292.22,withdrawal,mrc_4664,RU,dev_200963,1
txn_003281,user_0126,2024-02-13 06:32:23.686059767,26.58,purchase,mrc_2895,RU,dev_408162,0
txn_003282,user_0090,2024-02-13 06:43:44.612818371,83.79,purchase,mrc_8087,BR,dev_704432,0
txn_003283,user_0134,2024-02-13 06:45:29.228233121,83.81,purchase,mrc_6240,US,dev_224788,0
txn_003284,user_0019,2024-02-13 06:46:16.261031746,57.84,purchase,mrc_4272,DE,dev_356102,0
txn_003285,user_0062,2024-02-13 07:08:06.037595347,51.65,purchase,mrc_6151,GB,dev_385336,0
txn_003286,user_0124,2024-02-13 07:18:21.468106909,109.97,purchase,mrc_4603,GB,dev_327865,0
txn_003287,user_0064,2024-02-13 07:22:38.018928866,54.32,purchase,mrc_5673,IN,dev_424591,0
txn_003288,user_0026,2024-02-13 08:22:05.035300167,22.09,purchase,mrc_3066,FR,dev_276791,0
txn_003289,user_0134,2024-02-13 08:30:07.943327720,108.4,withdrawal,mrc_6240,US,dev_224788,0
txn_003290,user_0066,2024-02-13 08:52:21.710426280,42.55,withdrawal,mrc_2076,DE,dev_768422,0
txn_003291,user_0029,2024-02-13 09:01:29.849218919,114.82,purchase,mrc_2333,GB,dev_964255,0
txn_003292,user_0100,2024-02-13 09:12:26.135235291,2628.73,purchase,mrc_2016,US,dev_582332,1
txn_003293,user_0067,2024-02-13 09:13:20.517501736,11.55,withdrawal,mrc_2296,GB,dev_793538,0
txn_003294,user_0085,2024-02-13 09:21:04.519580345,37.66,payment,mrc_7611,CA,dev_870105,0
txn_003295,user_0091,2024-02-13 09:32:06.732866016,33.57,transfer,mrc_7652,DE,dev_225701,0
txn_003296,user_0008,2024-02-13 09:44:28.213667853,156.48,purchase,mrc_6032,IT,dev_701561,0
txn_003297,user_0102,2024-02-13 10:42:35.568014144,1534.35,purchase,mrc_7237,JP,dev_233145,1
txn_003298,user_0038,2024-02-13 10:42:51.926030116,148.25,purchase,mrc_2210,RU,dev_665036,1
txn_003299,user_0028,2024-02-13 11:37:12.556451498,21.43,purchase,mrc_9757,IN,dev_743865,0
txn_003300,user_0114,2024-02-13 11:45:42.464412424,21.78,purchase,mrc_9779,GB,dev_530246,0
txn_003301,user_0141,2024-02-13 12:00:06.291351939,27.67,payment,mrc_2241,IT,dev_998747,0
txn_003302,user_0057,2024-02-13 12:09:59.730858314,32.49,purchase,mrc_1631,CA,dev_761158,0
txn_003303,user_0081,2024-02-13 12:34:56.981667972,11.49,purchase,mrc_9169,PL,dev_707774,0
txn_003304,user_0154,2024-02-13 12:54:14.856823805,66.18,purchase,mrc_7961,NL,dev_343626,0
txn_003305,user_0038,2024-02-13 13:01:12.323504461,201.2,payment,mrc_2210,RU,dev_665036,1
txn_003306,user_0083,2024-02-13 13:38:16.193868101,6.33,payment,mrc_2030,CN,dev_704450,0
txn_003307,user_0077,2024-02-13 13:44:24.985429791,19.85,withdrawal,mrc_1965,FR,dev_803803,0
txn_003308,user_0135,2024-02-13 13:45:13.293596529,50.44,purchase,mrc_5852,DE,dev_329595,0
txn_003309,user_0044,2024-02-13 13:46:09.565170581,19.2,purchase,mrc_9968,BR,dev_176043,0
txn_003310,user_0166,2024-02-13 14:13:03.368098218,2305.42,purchase,mrc_7123,CA,dev_120495,1
txn_003311,user_0193,2024-02-13 14:14:03.273402811,143.36,withdrawal,mrc_8525,JP,dev_754885,0
txn_003312,user_0088,2024-02-13 14:17:11.705829794,40.07,payment,mrc_8690,IT,dev_918157,0
txn_003313,user_0116,2024-02-13 14:24:06.695906774,34.2,purchase,mrc_1646,JP,dev_194702,0
txn_003314,user_0020,2024-02-13 14:53:44.536503666,608.57,purchase,mrc_3194,RU,dev_906543,1
txn_003315,user_0060,2024-02-13 14:57:10.560106048,114.26,purchase,mrc_9529,DE,dev_922343,0
txn_003316,user_0048,2024-02-13 15:19:27.573108602,79.49,transfer,mrc_1776,US,dev_786278,0
txn_003317,user_0176,2024-02-13 16:01:53.342159225,15.08,purchase,mrc_1042,US,dev_354405,0
txn_003318,user_0089,2024-02-13 16:15:15.436830124,107.6,purchase,mrc_6713,GB,dev_154564,0
txn_003319,user_0001,2024-02-13 16:51:35.822429384,42.94,payment,mrc_4621,DE,dev_785024,0
txn_003320,user_0148,2024-02-13 17:31:55.392556806,37.56,purchase,mrc_5909,US,dev_481048,0
txn_003321,user_0183,2024-02-13 17:40:24.971745139,37.42,payment,mrc_5566,ES,dev_427912,0
txn_003322,user_0184,2024-02-13 18:03:11.364814417,463.47,transfer,mrc_4664,DE,dev_200963,0
txn_003323,user_0088,2024-02-13 18:08:20.839189972,38.19,transfer,mrc_3694,IT,dev_918157,0
txn_003324,user_0031,2024-02-13 18:09:02.128172258,142.57,withdrawal,mrc_7779,GB,dev_400819,0
txn_003325,user_0123,2024-02-13 18:09:54.673087097,51.15,purchase,mrc_4352,FR,dev_491106,0
txn_003326,user_0161,2024-02-13 18:12:44.935803200,51.58,purchase,mrc_1929,US,dev_689131,0
txn_003327,user_0196,2024-02-13 18:13:59.547968414,82.33,purchase,mrc_1129,GB,dev_520735,0
txn_003328,user_0048,2024-02-13 18:15:52.706631892,82.73,payment,mrc_5994,US,dev_786278,0
txn_003329,user_0013,2024-02-13 18:21:03.822562793,88.65,purchase,mrc_8100,MX,dev_965706,0
txn_003330,user_0166,2024-02-13 18:41:16.883857696,178.31,payment,mrc_9809,IN,dev_702052,0
txn_003331,user_0005,2024-02-13 18:53:03.496355017,27.13,purchase,mrc_7909,BR,dev_528133,0
txn_003332,user_0103,2024-02-13 19:26:07.594654987,70.17,purchase,mrc_5979,US,dev_931748,0
txn_003333,user_0074,2024-02-13 20:13:13.088993710,27.33,withdrawal,mrc_3847,IT,dev_452352,0
txn_003334,user_0174,2024-02-13 20:47:00.707374298,94.38,purchase,mrc_4237,US,dev_624267,0
txn_003335,user_0090,2024-02-13 20:55:30.430044812,45.93,purchase,mrc_2666,BR,dev_704432,0
txn_003336,user_0083,2024-02-13 20:56:44.815133138,25.44,purchase,mrc_6312,CN,dev_704450,0
txn_003337,user_0104,2024-02-13 21:07:33.857353270,13.37,transfer,mrc_3458,ES,dev_626174,0
txn_003338,user_0193,2024-02-13 22:15:52.520758473,187.93,transfer,mrc_2525,JP,dev_754885,0
txn_003339,user_0109,2024-02-13 22:36:31.445135860,23.87,transfer,mrc_5652,CN,dev_681298,0
txn_003340,user_0005,2024-02-13 23:41:57.276116683,28.14,purchase,mrc_7909,BR,dev_528133,0
txn_003341,user_0190,2024-02-13 23:44:53.570818255,206.6,transfer,mrc_4337,NL,dev_800230,0
txn_003342,user_0125,2024-02-13 23:58:12.027116090,19.52,transfer,mrc_7136,FR,dev_268514,0
txn_003343,user_0003,2024-02-14 00:11:30.039474349,18.58,payment,mrc_5918,FR,dev_973627,0
txn_003344,user_0045,2024-02-14 00:13:36.294395192,35.76,payment,mrc_2541,US,dev_568492,0
txn_003345,user_0084,2024-02-14 00:16:15.911030767,20.91,purchase,mrc_9987,PL,dev_897900,0
txn_003346,user_0094,2024-02-14 01:13:50.705369194,83.01,purchase,mrc_5572,CN,dev_246312,0
txn_003347,user_0123,2024-02-14 01:58:19.897816149,51.8,purchase,mrc_2472,FR,dev_491106,0
txn_003348,user_0191,2024-02-14 02:01:11.524885145,59.62,payment,mrc_4481,US,dev_830909,0
txn_003349,user_0051,2024-02-14 02:11:00.606257912,4178.75,payment,mrc_3838,NL,dev_971478,1
txn_003350,user_0157,2024-02-14 02:16:51.171064957,50.27,purchase,mrc_4215,DE,dev_319870,0
txn_003351,user_0199,2024-02-14 02:18:43.363084009,56.54,withdrawal,mrc_5968,DE,dev_506218,0
txn_003352,user_0072,2024-02-14 03:02:28.620674869,30.24,payment,mrc_7201,CN,dev_152297,0
txn_003353,user_0171,2024-02-14 03:27:02.982016959,25.3,transfer,mrc_7573,GB,dev_735490,0
txn_003354,user_0108,2024-02-14 03:55:56.316729815,71.28,purchase,mrc_7137,US,dev_423684,0
txn_003355,user_0196,2024-02-14 03:56:47.873732829,77.28,purchase,mrc_2177,GB,dev_520735,0
txn_003356,user_0015,2024-02-14 04:20:59.639610163,14.7,payment,mrc_1759,DE,dev_377800,0
txn_003357,user_0176,2024-02-14 04:34:36.825735504,37.42,payment,mrc_9431,US,dev_354405,0
txn_003358,user_0001,2024-02-14 04:35:36.360566587,34.67,payment,mrc_9339,DE,dev_785024,0
txn_003359,user_0128,2024-02-14 05:14:56.070399686,73.88,purchase,mrc_5254,PL,dev_669053,0
txn_003360,user_0132,2024-02-14 05:51:26.501572472,56.28,purchase,mrc_2780,IT,dev_759758,0
txn_003361,user_0148,2024-02-14 06:04:11.513808835,24.53,withdrawal,mrc_5909,US,dev_481048,0
txn_003362,user_0090,2024-02-14 06:26:18.724029549,73.58,purchase,mrc_3874,BR,dev_704432,0
txn_003363,user_0078,2024-02-14 07:24:36.512902684,60.3,purchase,mrc_1368,DE,dev_986119,0
txn_003364,user_0199,2024-02-14 07:26:14.267502071,37.35,purchase,mrc_5968,DE,dev_506218,0
txn_003365,user_0119,2024-02-14 07:37:39.900909285,78.05,purchase,mrc_7539,IN,dev_467629,0
txn_003366,user_0171,2024-02-14 07:58:27.574072693,28.66,payment,mrc_1594,GB,dev_735490,0
txn_003367,user_0015,2024-02-14 08:16:02.876821082,25.62,withdrawal,mrc_6847,DE,dev_377800,0
txn_003368,user_0194,2024-02-14 08:43:50.652297965,81.56,payment,mrc_5329,US,dev_530563,0
txn_003369,user_0180,2024-02-14 08:51:49.987796012,47.17,withdrawal,mrc_7513,DE,dev_275394,1
txn_003370,user_0005,2024-02-14 09:16:07.817718923,44.57,purchase,mrc_1874,BR,dev_528133,0
txn_003371,user_0122,2024-02-14 09:23:42.852145698,28.18,purchase,mrc_5767,FR,dev_353998,0
txn_003372,user_0067,2024-02-14 09:25:06.322653932,19.37,purchase,mrc_4002,GB,dev_793538,0
txn_003373,user_0049,2024-02-14 09:31:07.431534520,51.67,purchase,mrc_4386,FR,dev_756716,1
txn_003374,user_0122,2024-02-14 09:59:14.151163096,40.61,purchase,mrc_4539,FR,dev_353998,0
txn_003375,user_0174,2024-02-14 11:18:01.173262685,60.55,payment,mrc_8956,US,dev_624267,0
txn_003376,user_0079,2024-02-14 11:19:02.053380230,53.38,purchase,mrc_1763,FR,dev_392734,0
txn_003377,user_0168,2024-02-14 11:24:50.519879010,17.32,purchase,mrc_3432,ES,dev_807983,0
txn_003378,user_0163,2024-02-14 11:28:54.327457498,49.69,withdrawal,mrc_6928,ES,dev_939500,0
txn_003379,user_0079,2024-02-14 11:33:37.357372104,45.59,payment,mrc_1763,FR,dev_392734,0
txn_003380,user_0035,2024-02-14 11:41:00.245350705,57.67,purchase,mrc_7623,NL,dev_149855,0
txn_003381,user_0166,2024-02-14 12:08:13.431646929,136.92,purchase,mrc_7123,IN,dev_702052,0
txn_003382,user_0077,2024-02-14 12:19:13.959289239,18.58,purchase,mrc_5977,FR,dev_803803,0
txn_003383,user_0111,2024-02-14 13:13:49.348328100,204.53,purchase,mrc_6639,DE,dev_824486,0
txn_003384,user_0194,2024-02-14 13:16:09.896154611,52.48,payment,mrc_5329,US,dev_530563,0
txn_003385,user_0047,2024-02-14 13:17:58.016141297,20.58,purchase,mrc_2874,DE,dev_207760,0
txn_003386,user_0193,2024-02-14 15:08:29.585742588,209.13,purchase,mrc_7372,JP,dev_754885,0
txn_003387,user_0165,2024-02-14 15:10:32.332931902,118.33,withdrawal,mrc_6375,GB,dev_450186,0
txn_003388,user_0095,2024-02-14 15:17:45.004960606,23.82,payment,mrc_6376,CN,dev_540551,0
txn_003389,user_0110,2024-02-14 15:36:41.847748735,113.22,withdrawal,mrc_5525,JP,dev_758021,0
txn_003390,user_0116,2024-02-14 15:46:07.014856498,50.73,transfer,mrc_6296,JP,dev_194702,0
txn_003391,user_0106,2024-02-14 16:12:15.230308940,38.81,purchase,mrc_6101,DE,dev_776495,0
txn_003392,user_0066,2024-02-14 16:21:19.022045941,58.02,purchase,mrc_5574,DE,dev_768422,0
txn_003393,user_0158,2024-02-14 16:25:28.770368862,95.63,withdrawal,mrc_1966,IN,dev_338326,0
txn_003394,user_0001,2024-02-14 16:28:12.489802053,40.68,purchase,mrc_6794,DE,dev_785024,0
txn_003395,user_0169,2024-02-14 16:58:06.838264269,50.27,payment,mrc_9658,MX,dev_169030,0
txn_003396,user_0095,2024-02-14 16:59:52.378413196,13.06,purchase,mrc_9226,CN,dev_540551,0
txn_003397,user_0143,2024-02-14 17:04:02.950700057,60.94,purchase,mrc_1856,CA,dev_121390,0
txn_003398,user_0088,2024-02-14 17:06:05.332090810,38.9,purchase,mrc_3694,IT,dev_918157,0
txn_003399,user_0026,2024-02-14 17:12:17.596449302,30.16,purchase,mrc_9408,FR,dev_276791,0
txn_003400,user_0182,2024-02-14 17:49:23.362493864,53.27,purchase,mrc_6066,MX,dev_978161,0
txn_003401,user_0038,2024-02-14 18:23:24.339058662,264.74,payment,mrc_2210,RU,dev_665036,1
txn_003402,user_0137,2024-02-14 18:26:38.987048542,25.91,purchase,mrc_9969,IN,dev_384439,0
txn_003403,user_0060,2024-02-14 18:38:03.449185602,11737.1,purchase,mrc_9759,JP,dev_922343,1
txn_003404,user_0163,2024-02-14 18:38:53.329713469,39.89,transfer,mrc_6928,ES,dev_939500,0
txn_003405,user_0079,2024-02-14 18:43:40.979335306,40.05,withdrawal,mrc_4703,FR,dev_392734,0
txn_003406,user_0036,2024-02-14 19:06:19.397661750,27.48,purchase,mrc_6782,GB,dev_305262,0
txn_003407,user_0122,2024-02-14 19:47:43.181018645,40.42,purchase,mrc_5828,FR,dev_353998,0
txn_003408,user_0083,2024-02-14 20:26:54.825961667,19.48,purchase,mrc_3690,CN,dev_704450,0
txn_003409,user_0087,2024-02-14 22:17:20.380967838,50.21,purchase,mrc_9016,ES,dev_408962,0
txn_003410,user_0190,2024-02-14 22:27:32.267067280,193.34,withdrawal,mrc_4337,NL,dev_800230,0
txn_003411,user_0004,2024-02-14 22:48:38.831523723,222.22,purchase,mrc_5166,DE,dev_168708,0
txn_003412,user_0001,2024-02-14 23:04:05.235047647,41.07,purchase,mrc_6794,DE,dev_785024,0
txn_003413,user_0142,2024-02-14 23:17:25.003910444,63.09,purchase,mrc_4811,US,dev_811663,0
txn_003414,user_0018,2024-02-14 23:18:05.643558394,61.1,transfer,mrc_2449,FR,dev_534072,0
txn_003415,user_0041,2024-02-14 23:25:06.939187844,59.66,purchase,mrc_5144,FR,dev_793260,0
txn_003416,user_0124,2024-02-14 23:29:23.642576623,81.08,purchase,mrc_4603,GB,dev_327865,0
txn_003417,user_0067,2024-02-14 23:36:47.147049695,40.0,purchase,mrc_6767,GB,dev_793538,0
txn_003418,user_0169,2024-02-15 00:07:56.227580307,34.08,purchase,mrc_6347,MX,dev_169030,0
txn_003419,user_0174,2024-02-15 00:27:14.481491057,64.61,payment,mrc_6707,US,dev_624267,0
txn_003420,user_0089,2024-02-15 01:00:42.024051400,87.76,withdrawal,mrc_8126,GB,dev_154564,0
txn_003421,user_0067,2024-02-15 01:41:31.926651274,4973.62,purchase,mrc_6767,GB,dev_793538,1
txn_003422,user_0028,2024-02-15 01:53:22.157622692,19.34,purchase,mrc_3708,IN,dev_743865,0
txn_003423,user_0008,2024-02-15 02:11:17.400488375,139.59,purchase,mrc_6032,IT,dev_701561,0
txn_003424,user_0046,2024-02-15 02:29:09.267626083,19.72,payment,mrc_2252,RU,dev_565935,0
txn_003425,user_0175,2024-02-15 02:35:06.626579085,83.77,withdrawal,mrc_5698,CA,dev_530674,0
txn_003426,user_0173,2024-02-15 02:40:03.062760846,70.29,purchase,mrc_5607,US,dev_515554,0
txn_003427,user_0027,2024-02-15 02:48:31.434880715,77.4,withdrawal,mrc_4752,FR,dev_934751,0
txn_003428,user_0169,2024-02-15 02:52:47.297264707,44.5,purchase,mrc_8699,MX,dev_169030,0
txn_003429,user_0178,2024-02-15 04:14:47.534610860,35.58,purchase,mrc_2147,US,dev_706543,0
txn_003430,user_0120,2024-02-15 04:18:19.203413980,53.17,purchase,mrc_2666,DE,dev_190355,0
txn_003431,user_0010,2024-02-15 04:25:31.850448722,85.05,withdrawal,mrc_4761,ES,dev_554513,0
txn_003432,user_0144,2024-02-15 04:33:44.909983202,111.82,withdrawal,mrc_8086,US,dev_431862,0
txn_003433,user_0191,2024-02-15 05:07:50.495413534,45.09,withdrawal,mrc_4365,US,dev_830909,0
txn_003434,user_0131,2024-02-15 05:27:01.255098082,93.24,transfer,mrc_4624,DE,dev_270545,0
txn_003435,user_0008,2024-02-15 06:34:52.411559048,136.2,purchase,mrc_3735,IT,dev_701561,0
txn_003436,user_0127,2024-02-15 06:35:16.950428743,242.55,purchase,mrc_2370,US,dev_457768,1
txn_003437,user_0174,2024-02-15 06:36:35.430035153,38.24,purchase,mrc_9915,US,dev_624267,0
txn_003438,user_0156,2024-02-15 06:47:35.747378373,23.73,payment,mrc_2585,US,dev_275937,0
txn_003439,user_0103,2024-02-15 07:26:11.236111159,110.55,purchase,mrc_6199,US,dev_931748,0
txn_003440,user_0124,2024-02-15 07:32:03.051790238,122.19,purchase,mrc_6943,GB,dev_327865,0
txn_003441,user_0131,2024-02-15 09:06:21.650271821,74.2,payment,mrc_4624,DE,dev_270545,0
txn_003442,user_0179,2024-02-15 09:14:37.612270266,17.73,withdrawal,mrc_4941,ES,dev_449253,0
txn_003443,user_0036,2024-02-15 09:22:58.257873447,31.33,purchase,mrc_6782,GB,dev_305262,0
txn_003444,user_0118,2024-02-15 09:40:23.140653218,27.44,transfer,mrc_4643,PL,dev_765830,0
txn_003445,user_0085,2024-02-15 09:43:23.721689526,50.69,purchase,mrc_6356,CA,dev_870105,0
txn_003446,user_0122,2024-02-15 10:16:14.119352627,48.21,purchase,mrc_5063,FR,dev_353998,0
txn_003447,user_0137,2024-02-15 11:25:28.337468734,478.12,purchase,mrc_1188,FR,dev_126840,1
txn_003448,user_0151,2024-02-15 11:30:49.430732290,92.6,purchase,mrc_2730,MX,dev_688185,0
txn_003449,user_0041,2024-02-15 11:31:21.150451268,47.93,withdrawal,mrc_5818,FR,dev_793260,0
txn_003450,user_0061,2024-02-15 12:19:04.942808408,165.67,withdrawal,mrc_8560,IT,dev_350267,0
txn_003451,user_0052,2024-02-15 12:23:07.050806209,70.67,transfer,mrc_8531,CN,dev_926596,0
txn_003452,user_0187,2024-02-15 13:19:07.614897994,37.35,purchase,mrc_3491,FR,dev_943069,0
txn_003453,user_0114,2024-02-15 13:26:02.641885351,18.11,payment,mrc_5309,GB,dev_530246,0
txn_003454,user_0004,2024-02-15 13:27:04.262516056,282.35,purchase,mrc_5166,DE,dev_168708,0
txn_003455,user_0182,2024-02-15 13:39:03.541329262,90.76,transfer,mrc_3127,MX,dev_978161,0
txn_003456,user_0013,2024-02-15 14:22:42.299596055,39.11,withdrawal,mrc_7451,MX,dev_965706,0
txn_003457,user_0055,2024-02-15 14:29:56.507935496,18.43,payment,mrc_9349,BR,dev_821332,0
txn_003458,user_0182,2024-02-15 14:36:46.850905668,100.37,purchase,mrc_3127,MX,dev_978161,0
txn_003459,user_0198,2024-02-15 15:23:46.696528243,54.87,purchase,mrc_5147,IT,dev_496956,0
txn_003460,user_0190,2024-02-15 15:32:50.641442765,223.67,purchase,mrc_7343,NL,dev_800230,0
txn_003461,user_0143,2024-02-15 15:47:59.351527623,48.32,purchase,mrc_2064,CA,dev_121390,0
txn_003462,user_0019,2024-02-15 15:52:15.834336078,87.85,withdrawal,mrc_4272,DE,dev_356102,0
txn_003463,user_0117,2024-02-15 16:07:38.506222019,69.37,purchase,mrc_2487,CN,dev_768665,0
txn_003464,user_0145,2024-02-15 16:36:44.756181873,155.42,purchase,mrc_9036,BR,dev_839106,0
txn_003465,user_0026,2024-02-15 17:12:19.357676684,41.05,payment,mrc_9408,FR,dev_276791,0
txn_003466,user_0153,2024-02-15 18:10:26.985572889,19.44,transfer,mrc_6050,DE,dev_332714,0
txn_003467,user_0005,2024-02-15 18:44:52.034490662,15.13,purchase,mrc_7909,BR,dev_528133,0
txn_003468,user_0052,2024-02-15 19:16:38.488678781,66.49,purchase,mrc_3554,CN,dev_926596,0
txn_003469,user_0125,2024-02-15 19:31:54.551578481,1334.48,payment,mrc_6031,FR,dev_268514,1
txn_003470,user_0128,2024-02-15 19:54:46.230953868,88.04,purchase,mrc_6923,PL,dev_669053,0
txn_003471,user_0164,2024-02-15 20:01:41.355499645,44.51,payment,mrc_9715,US,dev_375115,0
txn_003472,user_0080,2024-02-15 20:02:43.907327041,35.67,purchase,mrc_4320,US,dev_149548,0
txn_003473,user_0198,2024-02-15 20:30:16.838110424,59.09,withdrawal,mrc_9176,IT,dev_496956,0
txn_003474,user_0018,2024-02-15 21:12:10.352030873,72.69,purchase,mrc_5879,FR,dev_534072,0
txn_003475,user_0031,2024-02-15 21:19:50.324276675,141.65,purchase,mrc_9398,GB,dev_400819,0
txn_003476,user_0091,2024-02-15 21:37:33.306463357,22.78,purchase,mrc_9637,DE,dev_225701,0
txn_003477,user_0097,2024-02-15 21:40:19.073422030,71.87,purchase,mrc_8348,JP,dev_180838,0
txn_003478,user_0141,2024-02-15 21:44:32.237208454,27.9,purchase,mrc_9826,IT,dev_998747,0
txn_003479,user_0134,2024-02-15 22:05:55.487751038,76.32,purchase,mrc_7311,US,dev_224788,0
txn_003480,user_0184,2024-02-15 22:19:05.291134425,270.44,withdrawal,mrc_3033,DE,dev_200963,0
txn_003481,user_0026,2024-02-15 22:39:51.533358075,35.35,purchase,mrc_3066,FR,dev_276791,0
txn_003482,user_0047,2024-02-15 22:48:38.114133247,22.2,purchase,mrc_7040,DE,dev_207760,0
txn_003483,user_0131,2024-02-15 22:55:02.292630858,91.5,purchase,mrc_5178,DE,dev_270545,0
txn_003484,user_0183,2024-02-15 23:58:42.334801900,46.41,transfer,mrc_6633,ES,dev_427912,0
txn_003485,user_0044,2024-02-16 00:16:50.121249783,20.63,purchase,mrc_8042,BR,dev_176043,0
txn_003486,user_0112,2024-02-16 00:58:43.068090959,90.76,purchase,mrc_4263,IN,dev_647866,0
txn_003487,user_0160,2024-02-16 01:00:53.212266416,61.24,transfer,mrc_9806,BR,dev_932446,0
txn_003488,user_0012,2024-02-16 01:25:54.793510276,175.79,purchase,mrc_9636,IT,dev_646476,1
txn_003489,user_0104,2024-02-16 01:34:09.661642942,70.18,payment,mrc_6595,ES,dev_626174,0
txn_003490,user_0080,2024-02-16 02:22:36.545424985,17.87,purchase,mrc_9383,US,dev_149548,0
txn_003491,user_0029,2024-02-16 02:39:52.089633099,117.99,transfer,mrc_1223,GB,dev_964255,0
txn_003492,user_0051,2024-02-16 02:58:16.487969767,61.98,purchase,mrc_4980,GB,dev_971478,0
txn_003493,user_0070,2024-02-16 03:24:33.436420729,166.32,payment,mrc_2732,JP,dev_490400,0
txn_003494,user_0153,2024-02-16 03:27:58.909400691,28.02,withdrawal,mrc_7790,DE,dev_332714,0
txn_003495,user_0078,2024-02-16 03:31:15.088142283,78.77,purchase,mrc_1368,DE,dev_986119,0
txn_003496,user_0113,2024-02-16 03:39:09.811467469,50.97,purchase,mrc_9593,GB,dev_454695,0
txn_003497,user_0003,2024-02-16 03:42:33.541449980,58.3,transfer,mrc_5918,FR,dev_973627,0
txn_003498,user_0038,2024-02-16 04:26:24.867545766,47.71,purchase,mrc_6545,RU,dev_665036,0
txn_003499,user_0081,2024-02-16 04:30:02.663076050,14.65,transfer,mrc_3110,PL,dev_707774,0
txn_003500,user_0007,2024-02-16 04:55:50.282935579,17.8,purchase,mrc_2030,ES,dev_133536,0
txn_003501,user_0007,2024-02-16 05:04:09.145918644,9.0,payment,mrc_2030,ES,dev_133536,0
txn_003502,user_0097,2024-02-16 06:01:08.694504365,56.48,transfer,mrc_9395,JP,dev_180838,0
txn_003503,user_0076,2024-02-16 06:39:16.167493982,52.22,purchase,mrc_6857,FR,dev_986288,0
txn_003504,user_0169,2024-02-16 06:57:53.183370031,37.17,purchase,mrc_8902,MX,dev_169030,0
txn_003505,user_0176,2024-02-16 07:04:07.447815995,50.63,payment,mrc_8511,US,dev_354405,0
txn_003506,user_0008,2024-02-16 07:28:45.043734911,116.95,payment,mrc_6032,IT,dev_701561,0
txn_003507,user_0111,2024-02-16 07:42:58.428907395,187.4,purchase,mrc_4132,DE,dev_824486,0
txn_003508,user_0126,2024-02-16 07:44:32.422894402,29.76,purchase,mrc_4941,RU,dev_408162,0
txn_003509,user_0052,2024-02-16 08:03:54.218227463,63.47,withdrawal,mrc_1388,CN,dev_926596,0
txn_003510,user_0011,2024-02-16 08:24:30.098420191,48.66,withdrawal,mrc_2451,FR,dev_250275,0
txn_003511,user_0060,2024-02-16 08:27:16.538163594,119.3,purchase,mrc_2163,DE,dev_922343,0
txn_003512,user_0065,2024-02-16 08:40:40.632288781,957.71,purchase,mrc_3824,GB,dev_853643,1
txn_003513,user_0166,2024-02-16 09:04:54.348567367,187.75,transfer,mrc_9809,IN,dev_702052,0
txn_003514,user_0163,2024-02-16 09:16:27.189556992,54.45,transfer,mrc_3620,ES,dev_939500,0
txn_003515,user_0057,2024-02-16 09:33:07.241520710,24.15,purchase,mrc_6503,CA,dev_761158,0
txn_003516,user_0169,2024-02-16 09:51:13.602435451,53.75,withdrawal,mrc_6347,MX,dev_169030,0
txn_003517,user_0023,2024-02-16 10:20:37.162677699,61.28,withdrawal,mrc_9016,CA,dev_236385,0
txn_003518,user_0044,2024-02-16 10:35:40.861784794,15.56,payment,mrc_8042,BR,dev_176043,0
txn_003519,user_0002,2024-02-16 11:09:38.788487419,79.26,purchase,mrc_7822,US,dev_840484,0
txn_003520,user_0131,2024-02-16 11:34:11.325734457,89.6,purchase,mrc_5178,DE,dev_270545,0
txn_003521,user_0048,2024-02-16 11:34:18.242170201,74.73,purchase,mrc_9424,US,dev_786278,0
txn_003522,user_0140,2024-02-16 11:54:51.283006305,92.95,purchase,mrc_5054,RU,dev_644420,0
txn_003523,user_0123,2024-02-16 12:27:34.804264176,45.94,purchase,mrc_2869,FR,dev_491106,0
txn_003524,user_0047,2024-02-16 12:52:07.985302856,17.6,purchase,mrc_8353,DE,dev_207760,0
txn_003525,user_0080,2024-02-16 12:56:35.539097450,18.93,purchase,mrc_1983,US,dev_149548,0
txn_003526,user_0090,2024-02-16 13:09:00.862047227,75.78,payment,mrc_8087,BR,dev_704432,0
txn_003527,user_0172,2024-02-16 13:36:45.833751987,70.34,purchase,mrc_1360,US,dev_663974,0
txn_003528,user_0159,2024-02-16 14:00:54.338572109,34.38,purchase,mrc_4983,BR,dev_722789,0
txn_003529,user_0126,2024-02-16 14:23:44.244119637,55.75,purchase,mrc_3584,RU,dev_408162,0
txn_003530,user_0176,2024-02-16 14:28:37.116447851,41.39,transfer,mrc_1042,US,dev_354405,0
txn_003531,user_0054,2024-02-16 15:05:59.852925938,57.61,withdrawal,mrc_1464,IT,dev_228719,0
txn_003532,user_0156,2024-02-16 15:40:15.267333577,32.45,transfer,mrc_4804,US,dev_275937,0
txn_003533,user_0036,2024-02-16 16:45:20.651189502,34.67,transfer,mrc_6782,GB,dev_305262,0
txn_003534,user_0194,2024-02-16 17:09:15.296667901,61.98,payment,mrc_5951,US,dev_530563,0
txn_003535,user_0161,2024-02-16 17:12:21.379842894,41.14,purchase,mrc_9835,US,dev_689131,0
txn_003536,user_0148,2024-02-16 17:12:48.342065402,31.62,transfer,mrc_3945,US,dev_481048,0
txn_003537,user_0182,2024-02-16 17:56:16.384187433,74.11,payment,mrc_1442,MX,dev_978161,0
txn_003538,user_0185,2024-02-16 18:09:38.342867177,53.0,purchase,mrc_2645,ES,dev_494056,0
txn_003539,user_0026,2024-02-16 18:16:29.512169615,36.5,purchase,mrc_9408,FR,dev_276791,0
txn_003540,user_0164,2024-02-16 18:38:20.284044157,43.15,payment,mrc_7507,US,dev_375115,0
txn_003541,user_0198,2024-02-16 19:49:44.565040056,69.43,withdrawal,mrc_5147,IT,dev_496956,0
txn_003542,user_0076,2024-02-16 19:56:21.152363397,33.89,purchase,mrc_6609,FR,dev_986288,0
txn_003543,user_0192,2024-02-16 19:59:27.521936690,28.0,purchase,mrc_2389,US,dev_664141,0
txn_003544,user_0001,2024-02-16 20:24:26.029826744,543.11,purchase,mrc_8033,MX,dev_785024,1
txn_003545,user_0180,2024-02-16 20:31:03.770630202,64.02,purchase,mrc_7513,DE,dev_275394,1
txn_003546,user_0196,2024-02-16 20:58:35.428595492,51.78,withdrawal,mrc_2177,GB,dev_520735,0
txn_003547,user_0143,2024-02-16 21:44:32.910706133,54.18,purchase,mrc_7149,CA,dev_121390,0
txn_003548,user_0150,2024-02-16 22:10:09.928868709,84.59,withdrawal,mrc_8682,US,dev_139544,0
txn_003549,user_0161,2024-02-16 23:01:52.983893388,70.28,purchase,mrc_2951,US,dev_689131,0
txn_003550,user_0055,2024-02-16 23:16:59.511699110,20.16,payment,mrc_2081,BR,dev_821332,0
txn_003551,user_0018,2024-02-16 23:17:12.995809186,70.93,purchase,mrc_9439,FR,dev_534072,0
txn_003552,user_0061,2024-02-16 23:18:54.403089884,153.32,purchase,mrc_4705,IT,dev_350267,0
txn_003553,user_0095,2024-02-17 01:14:38.566513726,23.42,purchase,mrc_3060,CN,dev_540551,0
txn_003554,user_0130,2024-02-17 01:28:20.706564665,83.87,purchase,mrc_6055,GB,dev_425066,0
txn_003555,user_0118,2024-02-17 02:35:58.445854154,41.39,payment,mrc_8630,PL,dev_765830,0
txn_003556,user_0054,2024-02-17 02:41:48.608729502,64.56,purchase,mrc_6452,IT,dev_228719,0
txn_003557,user_0197,2024-02-17 03:33:55.931186647,102.02,purchase,mrc_9369,RU,dev_494939,0
txn_003558,user_0141,2024-02-17 03:39:20.534478424,24.91,transfer,mrc_3606,IT,dev_998747,0
txn_003559,user_0091,2024-02-17 03:44:03.151393065,49.63,payment,mrc_9441,DE,dev_225701,0
txn_003560,user_0114,2024-02-17 04:00:53.388523746,16.88,withdrawal,mrc_5697,GB,dev_530246,0
txn_003561,user_0189,2024-02-17 04:25:37.631573370,44.22,purchase,mrc_6740,BR,dev_747681,0
txn_003562,user_0142,2024-02-17 04:46:57.573944141,96.81,purchase,mrc_4811,US,dev_811663,0
txn_003563,user_0092,2024-02-17 04:50:30.502899312,33.57,transfer,mrc_1427,FR,dev_192702,0
txn_003564,user_0073,2024-02-17 04:55:42.441257934,2618.79,payment,mrc_6245,CN,dev_866813,1
txn_003565,user_0078,2024-02-17 04:57:40.652294000,71.06,withdrawal,mrc_2114,DE,dev_986119,0
txn_003566,user_0024,2024-02-17 04:58:22.315124685,141.66,purchase,mrc_4419,DE,dev_897665,0
txn_003567,user_0001,2024-02-17 05:07:24.921436943,40.91,withdrawal,mrc_4621,DE,dev_785024,0
txn_003568,user_0163,2024-02-17 05:07:27.181814559,39.94,purchase,mrc_3620,ES,dev_939500,0
txn_003569,user_0015,2024-02-17 05:11:42.848050049,19.38,payment,mrc_1852,DE,dev_377800,0
txn_003570,user_0089,2024-02-17 05:15:04.923233182,95.25,purchase,mrc_3255,GB,dev_154564,0
txn_003571,user_0160,2024-02-17 05:23:18.729118918,70.99,withdrawal,mrc_3933,BR,dev_932446,0
txn_003572,user_0105,2024-02-17 06:16:42.832701561,37.16,payment,mrc_2707,NL,dev_979037,0
txn_003573,user_0052,2024-02-17 06:21:50.094601137,69.48,transfer,mrc_6991,CN,dev_926596,0
txn_003574,user_0035,2024-02-17 06:31:05.991343582,59.35,purchase,mrc_7623,NL,dev_149855,0
txn_003575,user_0096,2024-02-17 06:48:09.884980308,28.15,purchase,mrc_8774,IN,dev_531876,0
txn_003576,user_0124,2024-02-17 07:18:25.114876044,109.07,transfer,mrc_4603,GB,dev_327865,0
txn_003577,user_0032,2024-02-17 08:14:12.201483447,47.0,withdrawal,mrc_7713,IT,dev_966352,0
txn_003578,user_0103,2024-02-17 09:14:26.784153518,61.83,purchase,mrc_9936,US,dev_931748,0
txn_003579,user_0121,2024-02-17 09:40:02.560095357,60.75,purchase,mrc_7478,GB,dev_581381,0
txn_003580,user_0141,2024-02-17 10:06:52.007215730,34.79,transfer,mrc_3606,IT,dev_998747,0
txn_003581,user_0162,2024-02-17 10:13:14.083024245,124.03,purchase,mrc_4411,DE,dev_495721,0
txn_003582,user_0110,2024-02-17 10:14:54.993583827,74.41,purchase,mrc_5525,JP,dev_758021,0
txn_003583,user_0021,2024-02-17 10:32:03.413416966,211.22,withdrawal,mrc_2271,JP,dev_977638,0
txn_003584,user_0067,2024-02-17 11:02:29.630661943,41.85,purchase,mrc_4002,GB,dev_793538,0
txn_003585,user_0161,2024-02-17 12:01:28.173479066,41.46,withdrawal,mrc_1929,US,dev_689131,0
txn_003586,user_0026,2024-02-17 12:30:48.490829543,35.93,purchase,mrc_3066,FR,dev_276791,0
txn_003587,user_0079,2024-02-17 12:34:29.496473285,35.71,purchase,mrc_4703,FR,dev_392734,0
txn_003588,user_0010,2024-02-17 12:52:12.019891366,55.24,purchase,mrc_8325,ES,dev_554513,0
txn_003589,user_0107,2024-02-17 12:56:56.163591285,49.48,purchase,mrc_1846,RU,dev_985074,0
txn_003590,user_0130,2024-02-17 13:01:41.972948491,76.47,withdrawal,mrc_7611,GB,dev_425066,0
txn_003591,user_0063,2024-02-17 13:09:08.311304155,49.22,purchase,mrc_4882,GB,dev_321655,0
txn_003592,user_0090,2024-02-17 13:09:38.298256701,71.35,purchase,mrc_5232,BR,dev_704432,0
txn_003593,user_0122,2024-02-17 13:23:26.739829151,25.38,payment,mrc_8428,FR,dev_353998,0
txn_003594,user_0086,2024-02-17 14:45:29.149336924,40.25,purchase,mrc_8925,US,dev_547224,0
txn_003595,user_0184,2024-02-17 14:46:11.484612357,216.8,purchase,mrc_3033,DE,dev_200963,0
txn_003596,user_0008,2024-02-17 14:53:18.884145317,166.63,purchase,mrc_8153,IT,dev_701561,0
txn_003597,user_0184,2024-02-17 15:14:59.415430853,70.99,purchase,mrc_3033,DE,dev_200963,0
txn_003598,user_0132,2024-02-17 15:42:40.858982761,54.77,transfer,mrc_8244,IT,dev_759758,0
txn_003599,user_0191,2024-02-17 17:06:54.936125247,35.69,payment,mrc_4365,US,dev_830909,0
txn_003600,user_0025,2024-02-17 17:15:56.829743863,27.24,transfer,mrc_6393,BR,dev_336214,0
txn_003601,user_0023,2024-02-17 17:33:22.642454534,81.07,transfer,mrc_9040,CA,dev_236385,0
txn_003602,user_0085,2024-02-17 17:53:12.814702813,42.15,purchase,mrc_2975,CA,dev_870105,0
txn_003603,user_0028,2024-02-17 17:56:41.304910740,20.91,purchase,mrc_4577,IN,dev_743865,0
txn_003604,user_0149,2024-02-17 18:07:03.232269691,35.77,purchase,mrc_6837,DE,dev_777095,0
txn_003605,user_0148,2024-02-17 18:22:43.302608364,23.09,payment,mrc_6287,US,dev_481048,0
txn_003606,user_0049,2024-02-17 18:27:15.164830338,72.34,withdrawal,mrc_9878,FR,dev_756716,1
txn_003607,user_0115,2024-02-17 18:28:21.781260517,44.8,withdrawal,mrc_3271,FR,dev_180856,0
txn_003608,user_0002,2024-02-17 19:03:47.847297152,78.24,withdrawal,mrc_1611,US,dev_840484,0
txn_003609,user_0160,2024-02-17 19:54:03.230626945,86.86,purchase,mrc_5487,BR,dev_932446,0
txn_003610,user_0054,2024-02-17 20:52:02.331517244,61.02,payment,mrc_1049,IT,dev_228719,0
txn_003611,user_0139,2024-02-17 21:01:15.929368651,40.5,purchase,mrc_1067,CN,dev_613879,0
txn_003612,user_0036,2024-02-17 21:07:52.719721694,39.66,purchase,mrc_6140,GB,dev_305262,0
txn_003613,user_0035,2024-02-17 21:10:36.774594145,66.73,purchase,mrc_9858,NL,dev_149855,0
txn_003614,user_0180,2024-02-17 21:15:47.181797133,84.24,transfer,mrc_7513,DE,dev_275394,1
txn_003615,user_0029,2024-02-17 21:21:44.422603651,94.74,purchase,mrc_5491,GB,dev_964255,0
txn_003616,user_0199,2024-02-17 21:24:13.176981964,46.69,withdrawal,mrc_1977,DE,dev_506218,0
txn_003617,user_0168,2024-02-17 21:33:03.894522466,21.5,payment,mrc_3432,ES,dev_807983,0
txn_003618,user_0103,2024-02-17 21:52:01.716524335,61.74,withdrawal,mrc_9936,US,dev_931748,0
txn_003619,user_0013,2024-02-17 22:11:59.107116967,64.44,purchase,mrc_3349,MX,dev_965706,0
txn_003620,user_0166,2024-02-17 22:25:28.238275769,150.74,purchase,mrc_9219,IN,dev_702052,0
txn_003621,user_0007,2024-02-17 22:52:51.625880542,9.72,payment,mrc_2030,ES,dev_133536,0
txn_003622,user_0121,2024-02-17 23:41:38.424032012,106.89,transfer,mrc_3202,GB,dev_581381,0
txn_003623,user_0135,2024-02-18 00:11:08.075771996,53.17,purchase,mrc_4600,DE,dev_329595,0
txn_003624,user_0167,2024-02-18 00:15:13.563078141,77.42,purchase,mrc_6109,FR,dev_606400,0
txn_003625,user_0034,2024-02-18 00:17:16.504701232,58.47,purchase,mrc_5862,GB,dev_379300,0
txn_003626,user_0081,2024-02-18 00:24:30.268689850,25.74,payment,mrc_4435,PL,dev_707774,0
txn_003627,user_0143,2024-02-18 00:32:26.959309341,23.19,purchase,mrc_1953,CA,dev_121390,0
txn_003628,user_0052,2024-02-18 00:38:51.827058849,73.43,purchase,mrc_8531,CN,dev_926596,0
txn_003629,user_0172,2024-02-18 00:58:47.319601520,62.13,purchase,mrc_2227,US,dev_663974,0
txn_003630,user_0026,2024-02-18 01:01:36.054906667,28.8,purchase,mrc_1125,FR,dev_276791,0
txn_003631,user_0115,2024-02-18 01:02:27.884054503,35.3,purchase,mrc_3106,FR,dev_180856,0
txn_003632,user_0178,2024-02-18 01:04:35.191394333,48.39,purchase,mrc_7369,US,dev_706543,0
txn_003633,user_0102,2024-02-18 01:22:31.975662254,183.61,payment,mrc_7031,JP,dev_233145,0
txn_003634,user_0059,2024-02-18 01:32:58.671439055,92.53,purchase,mrc_3711,US,dev_323460,0
txn_003635,user_0158,2024-02-18 01:49:13.280258412,108.93,purchase,mrc_7777,IN,dev_338326,0
txn_003636,user_0022,2024-02-18 02:44:45.024816039,261.57,purchase,mrc_6712,GB,dev_282464,0
txn_003637,user_0167,2024-02-18 03:16:31.347407427,22.72,payment,mrc_5069,FR,dev_606400,0
txn_003638,user_0089,2024-02-18 03:48:36.024168141,95.63,purchase,mrc_4945,GB,dev_154564,0
txn_003639,user_0039,2024-02-18 03:48:36.560181784,76.05,purchase,mrc_1550,DE,dev_717548,0
txn_003640,user_0142,2024-02-18 03:48:57.270530788,78.32,transfer,mrc_5969,US,dev_811663,0
txn_003641,user_0011,2024-02-18 03:53:42.596241740,50.24,purchase,mrc_2370,FR,dev_250275,0
txn_003642,user_0026,2024-02-18 05:35:28.125761200,12.88,payment,mrc_1125,FR,dev_276791,0
txn_003643,user_0022,2024-02-18 05:45:42.014803742,278.37,withdrawal,mrc_3617,GB,dev_282464,0
txn_003644,user_0046,2024-02-18 05:48:31.107143458,15.03,purchase,mrc_6395,RU,dev_565935,0
txn_003645,user_0182,2024-02-18 06:03:45.720988298,88.81,withdrawal,mrc_6066,MX,dev_978161,0
txn_003646,user_0040,2024-02-18 06:09:31.101118946,67.78,purchase,mrc_7171,DE,dev_763249,0
txn_003647,user_0113,2024-02-18 06:43:16.483263393,37.51,transfer,mrc_3192,GB,dev_454695,0
txn_003648,user_0103,2024-02-18 06:45:53.538525532,88.87,withdrawal,mrc_5979,US,dev_931748,0
txn_003649,user_0130,2024-02-18 07:37:35.215111327,93.45,transfer,mrc_7645,GB,dev_425066,0
txn_003650,user_0142,2024-02-18 07:57:45.538323171,93.86,payment,mrc_5969,US,dev_811663,0
txn_003651,user_0010,2024-02-18 08:18:45.668206490,45.52,withdrawal,mrc_4657,ES,dev_554513,0
txn_003652,user_0026,2024-02-18 08:37:35.179086630,33.98,purchase,mrc_3066,FR,dev_276791,0
txn_003653,user_0125,2024-02-18 08:42:47.719689056,12.0,purchase,mrc_2375,FR,dev_268514,0
txn_003654,user_0154,2024-02-18 10:27:07.622494458,89.62,purchase,mrc_1009,NL,dev_343626,0
txn_003655,user_0111,2024-02-18 10:29:53.562175558,2915.66,withdrawal,mrc_6639,DE,dev_892398,1
txn_003656,user_0176,2024-02-18 10:30:06.691752016,51.56,purchase,mrc_1042,US,dev_354405,0
txn_003657,user_0100,2024-02-18 10:38:24.519111503,132.47,purchase,mrc_2946,GB,dev_643081,0
txn_003658,user_0014,2024-02-18 10:43:27.199310242,48.34,withdrawal,mrc_7493,FR,dev_504424,0
txn_003659,user_0151,2024-02-18 11:22:52.658016192,86.55,purchase,mrc_9518,MX,dev_688185,0
txn_003660,user_0171,2024-02-18 11:36:50.805116775,16.46,purchase,mrc_1215,GB,dev_735490,0
txn_003661,user_0056,2024-02-18 11:47:10.055236601,31.58,purchase,mrc_8319,PL,dev_136136,0
txn_003662,user_0063,2024-02-18 12:14:21.490377559,35.04,purchase,mrc_4882,GB,dev_321655,0
txn_003663,user_0185,2024-02-18 12:31:11.563365976,97.63,purchase,mrc_2670,ES,dev_494056,0
txn_003664,user_0077,2024-02-18 12:51:46.015670712,23.76,purchase,mrc_5977,FR,dev_803803,0
txn_003665,user_0113,2024-02-18 13:38:07.648564615,63.11,purchase,mrc_7544,GB,dev_454695,0
txn_003666,user_0091,2024-02-18 13:43:23.296097970,35.88,payment,mrc_9441,DE,dev_225701,0
txn_003667,user_0170,2024-02-18 13:56:50.913880802,14.84,payment,mrc_9413,ES,dev_674267,0
txn_003668,user_0049,2024-02-18 14:04:03.424184597,98.18,purchase,mrc_9878,FR,dev_756716,1
txn_003669,user_0136,2024-02-18 14:31:38.581700046,52.62,purchase,mrc_5900,IN,dev_862579,0
txn_003670,user_0198,2024-02-18 14:36:14.290434352,40.29,payment,mrc_8122,IT,dev_496956,0
txn_003671,user_0069,2024-02-18 14:42:07.891945407,53.06,purchase,mrc_3957,FR,dev_858651,0
txn_003672,user_0086,2024-02-18 15:24:54.117834982,45.87,transfer,mrc_6710,US,dev_547224,0
txn_003673,user_0000,2024-02-18 17:15:46.836630665,70.35,payment,mrc_5737,NL,dev_281322,0
txn_003674,user_0026,2024-02-18 17:33:15.820796579,34.73,purchase,mrc_9408,FR,dev_276791,0
txn_003675,user_0014,2024-02-18 17:42:27.370501962,45.11,payment,mrc_8277,FR,dev_504424,0
txn_003676,user_0015,2024-02-18 18:01:24.707845449,21.34,payment,mrc_1852,DE,dev_377800,0
txn_003677,user_0161,2024-02-18 18:21:17.396557204,64.1,transfer,mrc_1929,US,dev_689131,0
txn_003678,user_0061,2024-02-18 18:26:05.005151603,133.6,purchase,mrc_6413,IT,dev_350267,0
txn_003679,user_0108,2024-02-18 18:27:24.796089964,66.59,purchase,mrc_8729,US,dev_423684,0
txn_003680,user_0103,2024-02-18 19:03:19.434525227,58.71,purchase,mrc_9936,US,dev_931748,0
txn_003681,user_0038,2024-02-18 19:28:41.633025517,71.48,purchase,mrc_6545,RU,dev_665036,0
txn_003682,user_0106,2024-02-18 20:38:03.380467867,20.15,purchase,mrc_5793,DE,dev_776495,0
txn_003683,user_0000,2024-02-18 20:50:32.573344361,62.14,purchase,mrc_9779,NL,dev_281322,0
txn_003684,user_0181,2024-02-18 21:04:44.032862133,302.66,purchase,mrc_2852,CA,dev_801882,1
txn_003685,user_0080,2024-02-18 22:05:36.710916238,34.92,transfer,mrc_4320,US,dev_149548,0
txn_003686,user_0124,2024-02-18 22:15:13.206948973,103.62,purchase,mrc_4603,GB,dev_327865,0
txn_003687,user_0011,2024-02-18 22:39:07.614696678,40.75,purchase,mrc_2370,FR,dev_250275,0
txn_003688,user_0078,2024-02-18 23:23:17.033703045,65.08,purchase,mrc_3679,DE,dev_986119,0
txn_003689,user_0114,2024-02-18 23:29:48.198655995,21.6,payment,mrc_2671,GB,dev_530246,0
txn_003690,user_0114,2024-02-18 23:51:40.928663522,15.46,withdrawal,mrc_5309,GB,dev_530246,0
txn_003691,user_0097,2024-02-18 23:53:59.091083786,63.28,withdrawal,mrc_2694,JP,dev_180838,0
txn_003692,user_0139,2024-02-19 00:58:25.379148573,43.44,transfer,mrc_1352,CN,dev_613879,0
txn_003693,user_0163,2024-02-19 02:00:00.711410282,42.41,withdrawal,mrc_4153,ES,dev_939500,0
txn_003694,user_0048,2024-02-19 02:04:57.369636568,57.72,purchase,mrc_2329,US,dev_786278,0
txn_003695,user_0197,2024-02-19 02:07:11.907716734,121.9,transfer,mrc_4284,RU,dev_494939,0
txn_003696,user_0064,2024-02-19 02:08:07.051625099,61.22,transfer,mrc_5681,IN,dev_424591,0
txn_003697,user_0167,2024-02-19 02:44:33.490556840,38.41,purchase,mrc_5191,FR,dev_606400,0
txn_003698,user_0118,2024-02-19 03:12:44.090016183,39.27,payment,mrc_4643,PL,dev_765830,0
txn_003699,user_0075,2024-02-19 03:16:39.726784748,72.55,withdrawal,mrc_7326,GB,dev_228165,0
txn_003700,user_0106,2024-02-19 03:17:04.098428154,72.13,purchase,mrc_7825,DE,dev_776495,0
txn_003701,user_0172,2024-02-19 03:25:07.209198639,34.5,purchase,mrc_4390,US,dev_663974,0
txn_003702,user_0011,2024-02-19 04:00:32.716743399,51.2,withdrawal,mrc_2451,FR,dev_250275,0
txn_003703,user_0017,2024-02-19 04:07:13.006248430,20.22,purchase,mrc_4762,DE,dev_628879,0
txn_003704,user_0014,2024-02-19 04:18:28.210070285,58.09,purchase,mrc_3753,FR,dev_504424,0
txn_003705,user_0035,2024-02-19 04:25:24.592823753,62.89,purchase,mrc_8874,NL,dev_149855,0
txn_003706,user_0102,2024-02-19 04:27:55.179399907,269.92,purchase,mrc_7237,JP,dev_233145,0
txn_003707,user_0073,2024-02-19 04:53:34.305911210,23.69,withdrawal,mrc_8630,CN,dev_866813,0
txn_003708,user_0026,2024-02-19 04:57:02.996958690,28.66,purchase,mrc_2294,FR,dev_276791,0
txn_003709,user_0001,2024-02-19 05:31:42.812963003,30.32,purchase,mrc_9339,DE,dev_785024,0
txn_003710,user_0087,2024-02-19 06:02:52.928336386,45.41,withdrawal,mrc_3560,ES,dev_408962,0
txn_003711,user_0024,2024-02-19 07:07:22.502267116,136.53,withdrawal,mrc_4419,DE,dev_897665,0
txn_003712,user_0164,2024-02-19 07:13:13.889306244,38.65,payment,mrc_7507,US,dev_375115,0
txn_003713,user_0023,2024-02-19 07:21:11.539790671,76.96,payment,mrc_1818,CA,dev_236385,0
txn_003714,user_0046,2024-02-19 07:29:36.479666862,22.84,purchase,mrc_8604,RU,dev_565935,0
txn_003715,user_0177,2024-02-19 07:47:21.711046908,35.11,purchase,mrc_5004,DE,dev_240181,0
txn_003716,user_0167,2024-02-19 08:10:53.001688208,34.61,purchase,mrc_5191,FR,dev_606400,0
txn_003717,user_0134,2024-02-19 08:30:35.234883647,96.46,purchase,mrc_9575,US,dev_224788,0
txn_003718,user_0076,2024-02-19 08:36:29.901033619,46.15,payment,mrc_6857,FR,dev_986288,0
txn_003719,user_0013,2024-02-19 09:01:39.587369016,58.75,purchase,mrc_8007,MX,dev_965706,0
txn_003720,user_0185,2024-02-19 09:06:43.641273890,124.87,purchase,mrc_2670,ES,dev_494056,0
txn_003721,user_0115,2024-02-19 09:33:29.523498692,464.39,transfer,mrc_6872,FR,dev_360727,1
txn_003722,user_0078,2024-02-19 09:35:42.646681182,61.51,withdrawal,mrc_2114,DE,dev_986119,0
txn_003723,user_0149,2024-02-19 10:30:05.456225486,65.07,payment,mrc_6628,DE,dev_777095,0
txn_003724,user_0035,2024-02-19 10:54:14.696583055,67.11,withdrawal,mrc_5540,NL,dev_149855,0
txn_003725,user_0081,2024-02-19 10:55:58.707605546,20.93,withdrawal,mrc_4435,PL,dev_707774,0
txn_003726,user_0037,2024-02-19 11:17:01.310914675,30.98,purchase,mrc_4636,US,dev_183988,0
txn_003727,user_0190,2024-02-19 11:57:56.142660043,336.41,withdrawal,mrc_9368,NL,dev_800230,0
txn_003728,user_0176,2024-02-19 12:33:15.789377190,56.34,withdrawal,mrc_1042,US,dev_354405,0
txn_003729,user_0122,2024-02-19 13:04:36.550820574,43.28,transfer,mrc_4539,FR,dev_353998,0
txn_003730,user_0172,2024-02-19 13:18:41.646502869,89.32,purchase,mrc_2022,US,dev_663974,0
txn_003731,user_0052,2024-02-19 13:47:37.300298011,63.04,withdrawal,mrc_8531,CN,dev_926596,0
txn_003732,user_0081,2024-02-19 13:57:20.857329913,21.95,payment,mrc_1440,PL,dev_707774,0
txn_003733,user_0109,2024-02-19 14:00:38.441442620,30.12,purchase,mrc_6874,CN,dev_681298,0
txn_003734,user_0015,2024-02-19 14:01:52.291058524,19.03,payment,mrc_1852,DE,dev_377800,0
txn_003735,user_0162,2024-02-19 14:34:20.596415719,97.18,withdrawal,mrc_8217,DE,dev_495721,0
txn_003736,user_0086,2024-02-19 14:48:53.783747826,58.62,withdrawal,mrc_1159,US,dev_547224,0
txn_003737,user_0002,2024-02-19 15:14:47.823542378,85.35,purchase,mrc_7304,US,dev_840484,0
txn_003738,user_0152,2024-02-19 15:21:36.991934487,15.58,purchase,mrc_5774,BR,dev_360174,0
txn_003739,user_0175,2024-02-19 15:24:07.303406263,84.69,purchase,mrc_9125,CA,dev_530674,0
txn_003740,user_0083,2024-02-19 15:36:49.298839621,22.49,payment,mrc_3690,CN,dev_704450,0
txn_003741,user_0183,2024-02-19 15:54:33.479703578,54.54,withdrawal,mrc_5566,ES,dev_427912,0
txn_003742,user_0084,2024-02-19 16:22:55.750398515,22.86,purchase,mrc_9987,PL,dev_897900,0
txn_003743,user_0111,2024-02-19 17:00:01.908520575,189.52,purchase,mrc_3871,DE,dev_824486,0
txn_003744,user_0030,2024-02-19 17:15:10.443653543,57.69,payment,mrc_8621,IT,dev_263321,0
txn_003745,user_0148,2024-02-19 17:39:02.693992601,32.83,purchase,mrc_7639,US,dev_481048,0
txn_003746,user_0011,2024-02-19 17:58:36.141952369,42.99,purchase,mrc_7266,FR,dev_250275,0
txn_003747,user_0195,2024-02-19 18:15:20.580476370,80.44,purchase,mrc_3081,FR,dev_495433,0
txn_003748,user_0047,2024-02-19 18:22:37.655886048,16.32,purchase,mrc_7968,DE,dev_207760,0
txn_003749,user_0179,2024-02-19 19:09:43.059940946,19.54,payment,mrc_4941,ES,dev_449253,0
txn_003750,user_0123,2024-02-19 19:10:09.244680968,54.94,transfer,mrc_2869,FR,dev_491106,0
txn_003751,user_0078,2024-02-19 20:28:06.502139268,83.94,purchase,mrc_1368,DE,dev_986119,0
txn_003752,user_0152,2024-02-19 21:00:53.542725854,14.65,purchase,mrc_5176,BR,dev_360174,0
txn_003753,user_0158,2024-02-19 22:33:12.156969313,105.81,purchase,mrc_1966,IN,dev_338326,0
txn_003754,user_0125,2024-02-19 22:49:36.028811259,6.59,purchase,mrc_7136,FR,dev_268514,0
txn_003755,user_0154,2024-02-19 23:03:42.793826789,59.72,purchase,mrc_1084,NL,dev_343626,0
txn_003756,user_0054,2024-02-19 23:52:22.281146065,55.44,transfer,mrc_9819,IT,dev_228719,0
txn_003757,user_0114,2024-02-20 00:03:32.860942169,29.97,purchase,mrc_2671,GB,dev_530246,0
txn_003758,user_0151,2024-02-20 00:11:48.498330075,83.29,transfer,mrc_8854,MX,dev_688185,0
txn_003759,user_0087,2024-02-20 00:57:35.797452846,57.13,purchase,mrc_4120,ES,dev_408962,0
txn_003760,user_0000,2024-02-20 01:08:02.704138929,66.98,purchase,mrc_5737,NL,dev_281322,0
txn_003761,user_0124,2024-02-20 02:05:27.679094216,82.12,purchase,mrc_5184,GB,dev_327865,0
txn_003762,user_0148,2024-02-20 02:19:06.259738244,25.45,withdrawal,mrc_7639,US,dev_481048,0
txn_003763,user_0045,2024-02-20 02:19:11.835192876,28.96,purchase,mrc_2541,US,dev_568492,0
txn_003764,user_0112,2024-02-20 02:20:03.475644795,102.28,withdrawal,mrc_4263,IN,dev_647866,0
txn_003765,user_0170,2024-02-20 03:05:23.933300819,12.05,purchase,mrc_7564,ES,dev_674267,0
txn_003766,user_0051,2024-02-20 03:18:42.814932435,41.99,withdrawal,mrc_1108,GB,dev_971478,0
txn_003767,user_0031,2024-02-20 03:43:34.883472911,111.87,purchase,mrc_9398,GB,dev_400819,0
txn_003768,user_0168,2024-02-20 03:44:31.573062516,20.58,purchase,mrc_3432,ES,dev_807983,0
txn_003769,user_0092,2024-02-20 04:09:15.714826634,33.93,purchase,mrc_1427,FR,dev_192702,0
txn_003770,user_0085,2024-02-20 04:25:21.098747488,50.7,payment,mrc_4530,CA,dev_870105,0
txn_003771,user_0162,2024-02-20 04:38:01.540187302,203.19,purchase,mrc_9339,DE,dev_495721,0
txn_003772,user_0070,2024-02-20 05:12:30.678262528,207.2,purchase,mrc_9959,JP,dev_490400,0
txn_003773,user_0026,2024-02-20 05:34:12.831766105,46.65,withdrawal,mrc_2568,FR,dev_276791,0
txn_003774,user_0175,2024-02-20 05:48:48.272276868,81.72,purchase,mrc_3715,CA,dev_530674,0
txn_003775,user_0130,2024-02-20 05:51:00.811152040,68.63,purchase,mrc_9047,GB,dev_425066,0
txn_003776,user_0124,2024-02-20 05:56:51.457801798,1502.24,transfer,mrc_1645,GB,dev_327865,1
txn_003777,user_0156,2024-02-20 06:09:27.525983714,32.14,purchase,mrc_2585,US,dev_275937,0
txn_003778,user_0025,2024-02-20 06:10:08.046162845,297.6,payment,mrc_6393,CN,dev_336214,1
txn_003779,user_0061,2024-02-20 06:41:26.755645407,16686.35,purchase,mrc_2380,IT,dev_350267,1
txn_003780,user_0111,2024-02-20 06:42:32.631381390,206.99,payment,mrc_6658,DE,dev_824486,0
txn_003781,user_0154,2024-02-20 07:05:58.706851130,7007.51,purchase,mrc_1084,MX,dev_343626,1
txn_003782,user_0077,2024-02-20 07:10:07.966289573,1656.54,purchase,mrc_9652,CN,dev_803803,1
txn_003783,user_0059,2024-02-20 07:14:43.577334390,75.05,purchase,mrc_7297,US,dev_323460,0
txn_003784,user_0193,2024-02-20 07:38:40.183523086,195.46,transfer,mrc_2525,JP,dev_754885,0
txn_003785,user_0160,2024-02-20 08:09:05.594767672,106.83,purchase,mrc_9806,BR,dev_932446,0
txn_003786,user_0052,2024-02-20 08:35:49.717599235,57.84,withdrawal,mrc_3554,CN,dev_926596,0
txn_003787,user_0108,2024-02-20 08:50:17.400716388,9918.98,transfer,mrc_8729,DE,dev_423684,1
txn_003788,user_0161,2024-02-20 08:55:04.651566416,61.23,withdrawal,mrc_9835,US,dev_689131,0
txn_003789,user_0142,2024-02-20 09:11:13.978816731,70.24,purchase,mrc_2401,US,dev_811663,0
txn_003790,user_0079,2024-02-20 09:15:22.310929454,39.76,transfer,mrc_2997,FR,dev_392734,0
txn_003791,user_0181,2024-02-20 09:17:40.058714139,21.41,purchase,mrc_2852,US,dev_801882,0
txn_003792,user_0062,2024-02-20 09:25:08.281681335,49.67,purchase,mrc_6091,GB,dev_385336,0
txn_003793,user_0044,2024-02-20 09:30:18.344318224,20.81,purchase,mrc_8155,BR,dev_176043,0
txn_003794,user_0035,2024-02-20 09:40:55.532177537,67.1,payment,mrc_8453,NL,dev_149855,0
txn_003795,user_0080,2024-02-20 09:43:17.387807918,30.48,purchase,mrc_4320,US,dev_149548,0
txn_003796,user_0195,2024-02-20 09:47:07.368387138,53.79,purchase,mrc_3081,FR,dev_495433,0
txn_003797,user_0177,2024-02-20 10:13:31.511164612,56.98,purchase,mrc_3598,DE,dev_240181,0
txn_003798,user_0171,2024-02-20 10:24:14.326189343,17.4,purchase,mrc_8868,GB,dev_735490,0
txn_003799,user_0054,2024-02-20 10:43:13.664907200,49.29,purchase,mrc_1325,IT,dev_228719,0
txn_003800,user_0029,2024-02-20 10:57:36.118476872,1596.74,transfer,mrc_6371,GB,dev_964255,1
txn_003801,user_0184,2024-02-20 11:40:22.221109188,343.92,transfer,mrc_3033,DE,dev_200963,0
txn_003802,user_0079,2024-02-20 11:53:15.285567915,63.62,purchase,mrc_8142,FR,dev_392734,0
txn_003803,user_0126,2024-02-20 11:59:08.661563828,43.97,purchase,mrc_9313,RU,dev_408162,0
txn_003804,user_0037,2024-02-20 12:49:43.813223297,39.65,purchase,mrc_8591,US,dev_183988,0
txn_003805,user_0008,2024-02-20 13:08:06.727530627,119.12,purchase,mrc_5981,IT,dev_701561,0
txn_003806,user_0041,2024-02-20 13:24:53.663636053,40.93,transfer,mrc_5144,FR,dev_793260,0
txn_003807,user_0006,2024-02-20 13:25:21.558987128,59.79,purchase,mrc_1066,US,dev_824287,0
txn_003808,user_0054,2024-02-20 13:34:39.684672860,62.56,purchase,mrc_8379,IT,dev_228719,0
txn_003809,user_0113,2024-02-20 13:39:45.671035360,48.92,payment,mrc_7544,GB,dev_454695,0
txn_003810,user_0113,2024-02-20 13:43:31.411905954,56.27,purchase,mrc_3192,GB,dev_454695,0
txn_003811,user_0019,2024-02-20 14:00:13.921166454,81.85,withdrawal,mrc_4272,DE,dev_356102,0
txn_003812,user_0095,2024-02-20 14:17:10.618373815,24.41,purchase,mrc_3342,CN,dev_540551,0
txn_003813,user_0195,2024-02-20 15:01:17.385438888,74.82,withdrawal,mrc_4056,FR,dev_495433,0
txn_003814,user_0096,2024-02-20 15:04:45.084205359,20.29,withdrawal,mrc_1437,IN,dev_531876,0
txn_003815,user_0139,2024-02-20 15:06:27.607864105,53.05,withdrawal,mrc_1352,CN,dev_613879,0
txn_003816,user_0164,2024-02-20 15:09:16.757364895,42.62,purchase,mrc_7507,US,dev_375115,0
txn_003817,user_0126,2024-02-20 15:35:49.492413355,42.89,purchase,mrc_4941,RU,dev_408162,0
txn_003818,user_0039,2024-02-20 15:57:19.825881518,85.35,purchase,mrc_5300,DE,dev_717548,0
txn_003819,user_0077,2024-02-20 16:09:38.248850165,23.3,transfer,mrc_4751,FR,dev_803803,0
txn_003820,user_0158,2024-02-20 16:20:38.991539615,103.08,payment,mrc_6575,IN,dev_338326,0
txn_003821,user_0131,2024-02-20 16:46:34.936056142,113.98,payment,mrc_4080,DE,dev_270545,0
txn_003822,user_0111,2024-02-20 17:04:12.660913298,208.62,purchase,mrc_9380,DE,dev_824486,0
txn_003823,user_0133,2024-02-20 17:06:06.029323969,36.44,purchase,mrc_3476,NL,dev_254947,0
txn_003824,user_0042,2024-02-20 17:27:33.746940780,44.83,purchase,mrc_2590,IT,dev_165220,0
txn_003825,user_0062,2024-02-20 17:55:53.784723926,560.66,purchase,mrc_4157,GB,dev_155622,1
txn_003826,user_0167,2024-02-20 18:19:17.201126563,40.94,purchase,mrc_5191,FR,dev_606400,0
txn_003827,user_0034,2024-02-20 18:30:05.048124416,2507.71,purchase,mrc_5862,GB,dev_379300,1
txn_003828,user_0103,2024-02-20 18:31:20.285604465,90.78,purchase,mrc_6199,US,dev_931748,0
txn_003829,user_0065,2024-02-20 18:36:56.315930189,65.76,withdrawal,mrc_7576,GB,dev_853643,0
txn_003830,user_0013,2024-02-20 18:44:02.200076001,56.91,withdrawal,mrc_3349,MX,dev_965706,0
txn_003831,user_0167,2024-02-20 18:57:10.399831491,50.83,transfer,mrc_1049,FR,dev_606400,0
txn_003832,user_0073,2024-02-20 18:57:11.874977617,50.42,purchase,mrc_6245,CN,dev_866813,0
txn_003833,user_0054,2024-02-20 20:11:05.626621064,76.15,purchase,mrc_1464,IT,dev_228719,0
txn_003834,user_0199,2024-02-20 20:24:05.444653698,38.19,purchase,mrc_7870,DE,dev_506218,0
txn_003835,user_0156,2024-02-20 20:41:46.652376214,29.78,purchase,mrc_2585,US,dev_275937,0
txn_003836,user_0124,2024-02-20 20:42:37.432430258,117.72,transfer,mrc_5757,GB,dev_327865,0
txn_003837,user_0119,2024-02-20 20:44:41.582937251,49.11,purchase,mrc_3095,IN,dev_467629,0
txn_003838,user_0000,2024-02-20 20:53:06.319687425,57.97,purchase,mrc_7621,NL,dev_281322,0
txn_003839,user_0137,2024-02-20 20:58:48.338807263,32.97,purchase,mrc_7881,IN,dev_384439,0
txn_003840,user_0153,2024-02-20 21:23:10.186215586,18.79,transfer,mrc_4467,DE,dev_332714,0
txn_003841,user_0167,2024-02-20 21:30:54.095397530,27.06,purchase,mrc_5069,FR,dev_606400,0
txn_003842,user_0123,2024-02-20 22:20:53.856281326,47.14,purchase,mrc_2472,FR,dev_491106,0
txn_003843,user_0125,2024-02-20 22:22:07.466611731,25.57,purchase,mrc_7136,FR,dev_268514,0
txn_003844,user_0005,2024-02-20 22:31:44.142887243,43.57,purchase,mrc_1874,BR,dev_528133,0
txn_003845,user_0056,2024-02-20 22:39:16.322536316,36.97,purchase,mrc_5038,PL,dev_136136,0
txn_003846,user_0124,2024-02-20 22:58:10.371699485,103.79,transfer,mrc_6472,GB,dev_327865,0
txn_003847,user_0102,2024-02-20 23:35:47.525618645,106.27,purchase,mrc_7986,JP,dev_233145,0
txn_003848,user_0005,2024-02-20 23:41:47.201421307,26.06,purchase,mrc_3810,BR,dev_528133,0
txn_003849,user_0024,2024-02-21 00:24:30.623845512,97.16,purchase,mrc_4419,DE,dev_897665,0
txn_003850,user_0004,2024-02-21 00:45:00.236328318,2500.8,payment,mrc_5166,DE,dev_168708,1
txn_003851,user_0050,2024-02-21 00:59:40.236019242,366.75,purchase,mrc_6293,CN,dev_890140,1
txn_003852,user_0139,2024-02-21 01:16:06.117774604,57.54,purchase,mrc_1352,CN,dev_613879,0
txn_003853,user_0189,2024-02-21 01:30:25.259894118,47.82,purchase,mrc_8035,BR,dev_747681,0
txn_003854,user_0071,2024-02-21 01:48:46.791688177,21.79,purchase,mrc_7865,CN,dev_627800,0
txn_003855,user_0187,2024-02-21 01:49:22.308764696,25.89,withdrawal,mrc_1890,FR,dev_943069,0
txn_003856,user_0044,2024-02-21 02:21:51.227522344,16.58,purchase,mrc_5006,BR,dev_176043,0
txn_003857,user_0063,2024-02-21 02:22:31.020101871,34.09,payment,mrc_5766,GB,dev_321655,0
txn_003858,user_0110,2024-02-21 02:32:46.948029433,52.43,payment,mrc_5525,JP,dev_758021,0
txn_003859,user_0157,2024-02-21 02:46:21.285213060,81.33,purchase,mrc_5725,DE,dev_319870,0
txn_003860,user_0153,2024-02-21 02:47:34.910919878,25.42,purchase,mrc_4467,DE,dev_332714,0
txn_003861,user_0177,2024-02-21 03:32:53.783159020,61.01,withdrawal,mrc_2549,BR,dev_124137,1
txn_003862,user_0177,2024-02-21 03:38:13.416278731,16.9,purchase,mrc_3795,BR,dev_124137,1
txn_003863,user_0177,2024-02-21 03:43:31.383053531,16.82,purchase,mrc_1567,BR,dev_124137,1
txn_003864,user_0177,2024-02-21 03:43:34.668833708,48.94,purchase,mrc_9901,BR,dev_124137,1
txn_003865,user_0177,2024-02-21 03:44:21.188292880,52.04,withdrawal,mrc_9901,BR,dev_124137,1
txn_003866,user_0177,2024-02-21 04:12:24.479893821,49.13,payment,mrc_3598,BR,dev_124137,1
txn_003867,user_0177,2024-02-21 04:18:19.044612247,43.3,payment,mrc_1567,BR,dev_124137,1
txn_003868,user_0177,2024-02-21 04:25:17.486435974,34.24,transfer,mrc_9717,BR,dev_124137,1
txn_003869,user_0177,2024-02-21 04:27:27.975388613,15.82,withdrawal,mrc_2549,BR,dev_124137,1
txn_003870,user_0177,2024-02-21 04:30:30.707165273,48.59,purchase,mrc_9717,BR,dev_124137,1
txn_003871,user_0073,2024-02-21 04:54:43.364184112,37.89,purchase,mrc_5488,CN,dev_866813,0
txn_003872,user_0035,2024-02-21 05:13:59.652091911,62.49,purchase,mrc_4542,NL,dev_149855,0
txn_003873,user_0062,2024-02-21 05:50:23.778345761,52.07,purchase,mrc_6151,GB,dev_385336,0
txn_003874,user_0055,2024-02-21 05:58:19.636410741,30.46,purchase,mrc_7948,BR,dev_821332,0
txn_003875,user_0061,2024-02-21 06:14:12.068045570,124.32,purchase,mrc_6413,IT,dev_350267,0
txn_003876,user_0137,2024-02-21 06:16:19.199923741,34.6,purchase,mrc_1188,IN,dev_384439,0
txn_003877,user_0016,2024-02-21 06:19:32.228510296,62.44,purchase,mrc_1930,GB,dev_694538,0
txn_003878,user_0165,2024-02-21 06:24:02.031726341,83.82,purchase,mrc_9734,GB,dev_450186,0
txn_003879,user_0131,2024-02-21 07:05:54.597848783,72.41,withdrawal,mrc_4624,DE,dev_270545,0
txn_003880,user_0114,2024-02-21 07:21:37.707476023,27.99,purchase,mrc_2671,GB,dev_530246,0
txn_003881,user_0006,2024-02-21 07:53:04.283958298,49.92,purchase,mrc_8081,US,dev_824287,0
txn_003882,user_0064,2024-02-21 09:08:31.741845391,79.85,purchase,mrc_3418,IN,dev_424591,0
txn_003883,user_0028,2024-02-21 09:21:15.268673851,21.17,withdrawal,mrc_9757,IN,dev_743865,0
txn_003884,user_0078,2024-02-21 09:31:32.898118403,56.12,purchase,mrc_3679,DE,dev_986119,0
txn_003885,user_0102,2024-02-21 09:50:44.381580765,210.17,purchase,mrc_7031,JP,dev_233145,0
txn_003886,user_0007,2024-02-21 09:52:44.271695501,17.23,purchase,mrc_3209,ES,dev_133536,0
txn_003887,user_0055,2024-02-21 10:25:34.818129945,22.84,purchase,mrc_8540,BR,dev_821332,0
txn_003888,user_0080,2024-02-21 10:29:00.900755728,26.45,purchase,mrc_4320,US,dev_149548,0
txn_003889,user_0143,2024-02-21 11:36:26.084537712,84.53,purchase,mrc_1953,CA,dev_121390,0
txn_003890,user_0167,2024-02-21 12:21:19.207714100,51.47,purchase,mrc_6109,FR,dev_606400,0
txn_003891,user_0105,2024-02-21 12:56:46.459620803,34.49,purchase,mrc_1467,NL,dev_979037,0
txn_003892,user_0121,2024-02-21 13:05:31.157906200,111.5,withdrawal,mrc_3664,GB,dev_581381,0
txn_003893,user_0175,2024-02-21 13:30:53.275670912,81.01,purchase,mrc_1363,CA,dev_530674,0
txn_003894,user_0103,2024-02-21 13:40:34.288738284,64.47,withdrawal,mrc_5979,US,dev_931748,0
txn_003895,user_0006,2024-02-21 13:43:27.624739541,47.48,transfer,mrc_2798,US,dev_824287,0
txn_003896,user_0169,2024-02-21 13:50:49.998523102,39.23,payment,mrc_6347,MX,dev_169030,0
txn_003897,user_0151,2024-02-21 13:59:18.486794945,101.8,transfer,mrc_9518,MX,dev_688185,0
txn_003898,user_0123,2024-02-21 14:06:41.759338463,60.66,purchase,mrc_2479,FR,dev_491106,0
txn_003899,user_0042,2024-02-21 14:11:02.694790928,49.93,purchase,mrc_2821,IT,dev_165220,0
txn_003900,user_0032,2024-02-21 14:24:33.685956538,41.77,purchase,mrc_9950,IT,dev_966352,0
txn_003901,user_0136,2024-02-21 14:35:47.658100481,44.18,purchase,mrc_3952,IN,dev_862579,0
txn_003902,user_0087,2024-02-21 14:38:42.090514081,36.57,purchase,mrc_3115,ES,dev_408962,0
txn_003903,user_0098,2024-02-21 14:41:23.865111458,22.39,purchase,mrc_7186,ES,dev_128155,0
txn_003904,user_0134,2024-02-21 14:46:29.005012170,104.65,transfer,mrc_6240,US,dev_224788,0
txn_003905,user_0008,2024-02-21 14:53:53.097812765,138.74,purchase,mrc_5981,IT,dev_701561,0
txn_003906,user_0175,2024-02-21 15:07:36.365417650,69.33,purchase,mrc_9125,CA,dev_530674,0
txn_003907,user_0014,2024-02-21 15:12:41.470538509,40.42,payment,mrc_5921,FR,dev_504424,0
txn_003908,user_0026,2024-02-21 15:27:21.747907484,22.32,transfer,mrc_9408,FR,dev_276791,0
txn_003909,user_0024,2024-02-21 15:30:19.730644669,151.19,withdrawal,mrc_7720,DE,dev_897665,0
txn_003910,user_0129,2024-02-21 16:00:06.924717620,75.63,purchase,mrc_6252,NL,dev_987564,0
txn_003911,user_0066,2024-02-21 16:11:18.758179094,49.26,purchase,mrc_3154,DE,dev_768422,0
txn_003912,user_0179,2024-02-21 16:24:01.234904861,21.02,purchase,mrc_9745,ES,dev_449253,0
txn_003913,user_0193,2024-02-21 16:55:25.659064285,182.79,payment,mrc_2525,JP,dev_754885,0
txn_003914,user_0152,2024-02-21 17:06:29.092134439,10.79,purchase,mrc_1445,BR,dev_360174,0
txn_003915,user_0112,2024-02-21 17:30:31.811284416,92.88,withdrawal,mrc_5208,IN,dev_647866,0
txn_003916,user_0050,2024-02-21 18:19:35.799955053,482.56,purchase,mrc_1291,CN,dev_890140,1
txn_003917,user_0013,2024-02-21 18:36:50.327765831,58.64,transfer,mrc_7451,MX,dev_965706,0
txn_003918,user_0119,2024-02-21 18:58:58.299855711,50.52,purchase,mrc_9064,IN,dev_467629,0
txn_003919,user_0090,2024-02-21 19:20:40.591393634,118.97,purchase,mrc_1916,BR,dev_704432,0
txn_003920,user_0078,2024-02-21 19:25:03.354053995,64.19,payment,mrc_3679,DE,dev_986119,0
txn_003921,user_0102,2024-02-21 19:25:38.037424462,185.71,purchase,mrc_2134,JP,dev_233145,0
txn_003922,user_0062,2024-02-21 19:25:42.100647721,41.27,withdrawal,mrc_6151,GB,dev_385336,0
txn_003923,user_0047,2024-02-21 19:54:28.542167306,18.16,purchase,mrc_7574,DE,dev_207760,0
txn_003924,user_0080,2024-02-21 20:06:27.802577051,44.18,purchase,mrc_9383,US,dev_149548,0
txn_003925,user_0020,2024-02-21 20:16:02.056327301,55.35,transfer,mrc_3530,NL,dev_906543,0
txn_003926,user_0191,2024-02-21 20:38:47.618911235,57.26,payment,mrc_7706,US,dev_830909,0
txn_003927,user_0038,2024-02-21 22:35:21.591277832,44.31,purchase,mrc_7650,RU,dev_665036,0
txn_003928,user_0151,2024-02-21 22:44:14.563336454,79.87,purchase,mrc_6904,MX,dev_688185,0
txn_003929,user_0170,2024-02-21 23:42:17.046104274,17.28,purchase,mrc_4758,ES,dev_674267,0
txn_003930,user_0146,2024-02-22 00:05:06.067191563,49.51,purchase,mrc_1475,ES,dev_229517,0
txn_003931,user_0030,2024-02-22 00:15:09.251553532,57.38,purchase,mrc_5205,IT,dev_263321,0
txn_003932,user_0121,2024-02-22 01:14:34.205111022,149.01,purchase,mrc_3664,GB,dev_581381,0
txn_003933,user_0126,2024-02-22 01:40:32.742350826,66.43,purchase,mrc_3584,RU,dev_408162,0
txn_003934,user_0041,2024-02-22 01:56:41.654338194,10.56,transfer,mrc_5144,FR,dev_793260,0
txn_003935,user_0116,2024-02-22 02:19:15.829788375,61.57,purchase,mrc_4193,JP,dev_194702,0
txn_003936,user_0104,2024-02-22 02:38:24.839609677,54.33,purchase,mrc_2640,ES,dev_626174,0
txn_003937,user_0165,2024-02-22 03:25:42.811191179,91.02,purchase,mrc_9346,GB,dev_450186,0
txn_003938,user_0008,2024-02-22 03:26:14.828059982,131.61,payment,mrc_3735,IT,dev_701561,0
txn_003939,user_0181,2024-02-22 03:30:50.387259316,34.07,purchase,mrc_8742,US,dev_801882,0
txn_003940,user_0167,2024-02-22 03:32:51.796591586,59.39,transfer,mrc_1049,FR,dev_606400,0
txn_003941,user_0008,2024-02-22 03:52:51.710538267,88.07,purchase,mrc_1815,IT,dev_701561,0
txn_003942,user_0167,2024-02-22 04:15:39.039155042,53.39,purchase,mrc_5191,FR,dev_606400,0
txn_003943,user_0056,2024-02-22 04:50:14.166363402,32.37,payment,mrc_8659,PL,dev_136136,0
txn_003944,user_0039,2024-02-22 04:56:14.499757795,70.41,purchase,mrc_4902,DE,dev_717548,0
txn_003945,user_0014,2024-02-22 05:51:21.807279806,44.57,withdrawal,mrc_5921,FR,dev_504424,0
txn_003946,user_0033,2024-02-22 08:45:37.339742019,199.87,withdrawal,mrc_8421,IT,dev_422074,0
txn_003947,user_0188,2024-02-22 08:45:50.639238312,36.6,transfer,mrc_5220,GB,dev_530151,0
txn_003948,user_0000,2024-02-22 08:59:35.892950645,42.39,purchase,mrc_5737,NL,dev_281322,0
txn_003949,user_0060,2024-02-22 09:09:52.257572706,117.5,withdrawal,mrc_2163,DE,dev_922343,0
txn_003950,user_0109,2024-02-22 09:10:27.884493664,28.94,purchase,mrc_7674,CN,dev_681298,0
txn_003951,user_0135,2024-02-22 10:43:35.830208904,36.22,purchase,mrc_4600,DE,dev_329595,0
txn_003952,user_0014,2024-02-22 11:47:06.800205966,44.92,withdrawal,mrc_5921,FR,dev_504424,0
txn_003953,user_0182,2024-02-22 12:08:11.885856924,104.31,purchase,mrc_6066,MX,dev_978161,0
txn_003954,user_0017,2024-02-22 12:08:37.866366674,38.41,purchase,mrc_1205,DE,dev_628879,0
txn_003955,user_0159,2024-02-22 12:21:06.965984198,20.41,purchase,mrc_2889,BR,dev_722789,0
txn_003956,user_0171,2024-02-22 12:28:36.369825718,33.02,purchase,mrc_1215,GB,dev_735490,0
txn_003957,user_0151,2024-02-22 12:30:42.157507569,66.92,purchase,mrc_8854,MX,dev_688185,0
txn_003958,user_0062,2024-02-22 12:37:51.835093348,45.95,purchase,mrc_6151,GB,dev_385336,0
txn_003959,user_0123,2024-02-22 12:37:55.916424010,56.38,purchase,mrc_2479,FR,dev_491106,0
txn_003960,user_0014,2024-02-22 13:03:48.311233269,61.71,purchase,mrc_5921,FR,dev_504424,0
txn_003961,user_0030,2024-02-22 13:04:27.348808410,58.48,withdrawal,mrc_5205,IT,dev_263321,0
txn_003962,user_0134,2024-02-22 13:09:06.447469962,95.28,purchase,mrc_9575,US,dev_224788,0
txn_003963,user_0090,2024-02-22 13:13:02.142297718,120.03,purchase,mrc_6058,BR,dev_704432,0
txn_003964,user_0150,2024-02-22 13:25:03.778650229,88.9,withdrawal,mrc_4586,US,dev_139544,0
txn_003965,user_0123,2024-02-22 13:38:27.099761731,53.55,withdrawal,mrc_5989,FR,dev_491106,0
txn_003966,user_0079,2024-02-22 13:46:01.342591987,43.72,purchase,mrc_1763,FR,dev_392734,0
txn_003967,user_0028,2024-02-22 14:00:30.387892558,22.92,purchase,mrc_4577,IN,dev_743865,0
txn_003968,user_0001,2024-02-22 14:24:59.471288827,41.14,withdrawal,mrc_8033,DE,dev_785024,0
txn_003969,user_0166,2024-02-22 14:38:54.376139002,153.72,payment,mrc_9219,IN,dev_702052,0
txn_003970,user_0099,2024-02-22 15:13:28.338225572,1086.79,transfer,mrc_6011,RU,dev_915144,1
txn_003971,user_0178,2024-02-22 15:24:49.221239990,42.83,purchase,mrc_6571,US,dev_706543,0
txn_003972,user_0157,2024-02-22 15:50:55.533246424,66.64,purchase,mrc_4079,DE,dev_319870,0
txn_003973,user_0037,2024-02-22 16:11:45.017832228,40.41,withdrawal,mrc_8533,US,dev_183988,0
txn_003974,user_0074,2024-02-22 16:12:53.007177794,25.34,withdrawal,mrc_1076,IT,dev_452352,0
txn_003975,user_0061,2024-02-22 16:21:43.749607203,116.81,purchase,mrc_4678,IT,dev_350267,0
txn_003976,user_0024,2024-02-22 16:59:59.653572802,211.13,withdrawal,mrc_7628,DE,dev_897665,0
txn_003977,user_0073,2024-02-22 17:53:58.221727769,42.32,purchase,mrc_4064,CN,dev_866813,0
txn_003978,user_0044,2024-02-22 17:55:24.131210733,20.0,purchase,mrc_8155,BR,dev_176043,0
txn_003979,user_0007,2024-02-22 18:21:10.426400159,23.24,purchase,mrc_4956,ES,dev_133536,0
txn_003980,user_0022,2024-02-22 18:22:10.951798039,141.71,transfer,mrc_9921,GB,dev_282464,0
txn_003981,user_0198,2024-02-22 18:34:11.440925048,37.19,purchase,mrc_7841,IT,dev_496956,0
txn_003982,user_0167,2024-02-22 18:40:01.189060573,39.86,purchase,mrc_1049,FR,dev_606400,0
txn_003983,user_0090,2024-02-22 18:49:17.140177074,48.78,purchase,mrc_8087,BR,dev_704432,0
txn_003984,user_0185,2024-02-22 19:04:25.635847121,128.5,purchase,mrc_6878,ES,dev_494056,0
txn_003985,user_0135,2024-02-22 19:12:07.811831452,47.25,withdrawal,mrc_7168,DE,dev_329595,0
txn_003986,user_0161,2024-02-22 19:13:42.898936334,78.17,purchase,mrc_2738,US,dev_689131,0
txn_003987,user_0075,2024-02-22 19:16:50.298857770,70.2,withdrawal,mrc_2532,GB,dev_228165,0
txn_003988,user_0145,2024-02-22 19:51:06.781510608,157.48,purchase,mrc_5420,BR,dev_839106,0
txn_003989,user_0049,2024-02-22 19:57:21.477446709,129.18,purchase,mrc_4386,FR,dev_756716,1
txn_003990,user_0136,2024-02-22 20:02:19.547156289,68.22,payment,mrc_5407,IN,dev_862579,0
txn_003991,user_0181,2024-02-22 20:07:23.057655755,27.57,purchase,mrc_3543,US,dev_801882,0
txn_003992,user_0060,2024-02-22 20:21:22.430787849,115.25,purchase,mrc_2206,DE,dev_922343,0
txn_003993,user_0063,2024-02-22 20:25:08.415722008,33.67,withdrawal,mrc_4083,GB,dev_321655,0
txn_003994,user_0172,2024-02-22 20:36:08.827312853,77.8,withdrawal,mrc_6567,US,dev_663974,0
txn_003995,user_0054,2024-02-22 21:11:59.043375459,76.21,purchase,mrc_8379,IT,dev_228719,0
txn_003996,user_0052,2024-02-22 21:27:03.628096958,77.84,purchase,mrc_8001,CN,dev_926596,0
txn_003997,user_0198,2024-02-22 21:30:24.199095039,469.05,payment,mrc_7841,IT,dev_496956,1
txn_003998,user_0013,2024-02-22 21:31:43.674923003,76.43,purchase,mrc_8100,MX,dev_965706,0
txn_003999,user_0030,2024-02-22 21:40:33.490256411,69.88,purchase,mrc_1160,IT,dev_263321,0
txn_004000,user_0174,2024-02-22 21:41:08.662322081,58.51,payment,mrc_4237,US,dev_624267,0
txn_004001,user_0039,2024-02-22 22:12:08.635311084,28.16,purchase,mrc_3397,DE,dev_717548,0
txn_004002,user_0002,2024-02-22 22:19:55.564585267,46.8,payment,mrc_6684,US,dev_840484,0
txn_004003,user_0158,2024-02-22 22:41:31.173911924,135.82,purchase,mrc_6575,IN,dev_338326,0
txn_004004,user_0139,2024-02-22 23:08:59.440470304,49.82,purchase,mrc_4293,CN,dev_613879,0
txn_004005,user_0158,2024-02-23 00:07:57.234930702,101.47,purchase,mrc_6575,IN,dev_338326,0
txn_004006,user_0108,2024-02-23 00:27:41.710555871,64.6,purchase,mrc_7137,US,dev_423684,0
txn_004007,user_0011,2024-02-23 00:28:46.003671751,42.4,transfer,mrc_5508,FR,dev_250275,0
txn_004008,user_0049,2024-02-23 00:43:32.231935306,30.51,payment,mrc_9878,FR,dev_756716,0
txn_004009,user_0171,2024-02-23 00:45:57.317491210,32.13,withdrawal,mrc_8868,GB,dev_735490,0
txn_004010,user_0100,2024-02-23 01:46:25.106817033,238.96,transfer,mrc_6406,GB,dev_643081,0
txn_004011,user_0100,2024-02-23 02:07:48.273456050,217.39,purchase,mrc_5638,GB,dev_643081,0
txn_004012,user_0148,2024-02-23 02:11:22.632034714,27.8,payment,mrc_6287,US,dev_481048,0
txn_004013,user_0059,2024-02-23 02:16:42.797948354,104.48,purchase,mrc_7297,US,dev_323460,0
txn_004014,user_0167,2024-02-23 02:32:25.995325945,41.57,purchase,mrc_5191,FR,dev_606400,0
txn_004015,user_0074,2024-02-23 03:19:11.384720925,36.16,purchase,mrc_1076,IT,dev_452352,0
txn_004016,user_0067,2024-02-23 03:28:22.853944345,35.97,withdrawal,mrc_4002,GB,dev_793538,0
txn_004017,user_0190,2024-02-23 03:29:37.725760292,296.74,transfer,mrc_4825,NL,dev_800230,0
txn_004018,user_0064,2024-02-23 03:48:14.986272486,75.46,purchase,mrc_5673,IN,dev_424591,0
txn_004019,user_0009,2024-02-23 04:19:19.727268794,27.03,purchase,mrc_3105,CN,dev_127736,0
txn_004020,user_0052,2024-02-23 04:24:59.773095326,58.67,purchase,mrc_8531,CN,dev_926596,0
txn_004021,user_0124,2024-02-23 04:35:34.683491555,128.62,withdrawal,mrc_5786,GB,dev_327865,0
txn_004022,user_0018,2024-02-23 04:38:36.224445987,69.14,purchase,mrc_5260,FR,dev_534072,0
txn_004023,user_0056,2024-02-23 05:00:01.989230794,33.69,transfer,mrc_8659,PL,dev_136136,0
txn_004024,user_0096,2024-02-23 05:09:40.197695400,20.56,withdrawal,mrc_5452,IN,dev_531876,0
txn_004025,user_0077,2024-02-23 05:10:51.181641803,28.99,purchase,mrc_1965,FR,dev_803803,0
txn_004026,user_0142,2024-02-23 05:33:45.416694712,57.07,purchase,mrc_6180,US,dev_811663,0
txn_004027,user_0109,2024-02-23 05:50:08.719720758,22.7,purchase,mrc_5652,CN,dev_681298,0
txn_004028,user_0198,2024-02-23 06:12:47.696694895,67.32,purchase,mrc_8122,IT,dev_496956,0
txn_004029,user_0034,2024-02-23 06:15:39.219442567,50.29,purchase,mrc_1190,GB,dev_379300,0
txn_004030,user_0164,2024-02-23 06:50:13.456638383,31.28,purchase,mrc_7507,US,dev_375115,0
txn_004031,user_0178,2024-02-23 07:01:10.591954128,33.46,payment,mrc_2142,US,dev_706543,0
txn_004032,user_0097,2024-02-23 07:27:00.584847066,53.99,purchase,mrc_8348,JP,dev_180838,0
txn_004033,user_0176,2024-02-23 07:31:30.066999692,52.27,purchase,mrc_8511,US,dev_354405,0
txn_004034,user_0111,2024-02-23 07:34:46.349347349,196.44,payment,mrc_6658,DE,dev_824486,0
txn_004035,user_0164,2024-02-23 07:46:43.735734290,40.6,purchase,mrc_5505,US,dev_375115,0
txn_004036,user_0052,2024-02-23 07:53:44.647922090,63.97,withdrawal,mrc_1388,CN,dev_926596,0
txn_004037,user_0196,2024-02-23 08:08:09.355042257,71.19,purchase,mrc_4289,GB,dev_520735,0
txn_004038,user_0126,2024-02-23 08:09:31.829220779,28.15,purchase,mrc_9313,RU,dev_408162,0
txn_004039,user_0141,2024-02-23 08:32:25.104188401,27.72,purchase,mrc_9445,IT,dev_998747,0
txn_004040,user_0000,2024-02-23 09:27:16.452662964,56.81,purchase,mrc_7621,NL,dev_281322,0
txn_004041,user_0105,2024-02-23 09:47:26.919018919,1487.94,withdrawal,mrc_2406,NL,dev_979037,1
txn_004042,user_0195,2024-02-23 10:16:22.520284977,40.78,payment,mrc_2634,FR,dev_495433,0
txn_004043,user_0151,2024-02-23 10:25:55.384012241,776.83,withdrawal,mrc_5257,MX,dev_688185,1
txn_004044,user_0174,2024-02-23 10:42:00.770176598,90.61,withdrawal,mrc_8841,US,dev_624267,0
txn_004045,user_0167,2024-02-23 10:51:02.808077858,50.15,purchase,mrc_5191,FR,dev_606400,0
txn_004046,user_0138,2024-02-23 11:58:05.257203639,357.68,purchase,mrc_6273,IT,dev_670415,0
txn_004047,user_0182,2024-02-23 12:23:33.881327386,84.62,payment,mrc_1442,MX,dev_978161,0
txn_004048,user_0190,2024-02-23 12:48:23.921495504,107.11,withdrawal,mrc_4337,NL,dev_800230,0
txn_004049,user_0062,2024-02-23 12:55:15.487153960,44.54,purchase,mrc_4157,GB,dev_385336,0
txn_004050,user_0064,2024-02-23 13:01:22.906910842,39.44,purchase,mrc_3418,IN,dev_424591,0
txn_004051,user_0014,2024-02-23 13:10:38.804094876,42.28,purchase,mrc_6212,FR,dev_504424,0
txn_004052,user_0010,2024-02-23 13:15:35.109017732,65.24,purchase,mrc_6978,ES,dev_554513,0
txn_004053,user_0172,2024-02-23 13:20:55.931809921,91.36,transfer,mrc_6230,US,dev_663974,0
txn_004054,user_0109,2024-02-23 13:36:26.156443661,31.93,purchase,mrc_4716,CN,dev_681298,0
txn_004055,user_0114,2024-02-23 13:36:26.499472408,22.44,purchase,mrc_5309,GB,dev_530246,0
txn_004056,user_0153,2024-02-23 13:52:41.140932597,21.78,purchase,mrc_7790,DE,dev_332714,0
txn_004057,user_0012,2024-02-23 14:06:27.506667048,238.57,purchase,mrc_4082,IT,dev_646476,1
txn_004058,user_0162,2024-02-23 14:28:23.714038403,148.72,purchase,mrc_9339,DE,dev_495721,0
txn_004059,user_0007,2024-02-23 14:59:24.379265155,14.1,purchase,mrc_3209,ES,dev_133536,0
txn_004060,user_0171,2024-02-23 15:38:53.819783787,20.86,purchase,mrc_8868,GB,dev_735490,0
txn_004061,user_0045,2024-02-23 15:46:35.572988169,29.09,purchase,mrc_2163,US,dev_568492,0
txn_004062,user_0187,2024-02-23 15:50:44.777624677,32.52,purchase,mrc_5376,FR,dev_943069,0
txn_004063,user_0152,2024-02-23 16:00:46.436061981,20.24,purchase,mrc_1445,BR,dev_360174,0
txn_004064,user_0102,2024-02-23 16:28:25.664739830,163.68,purchase,mrc_7986,JP,dev_233145,0
txn_004065,user_0189,2024-02-23 17:40:24.980967290,633.54,payment,mrc_5104,BR,dev_654395,1
txn_004066,user_0052,2024-02-23 17:46:04.087132715,71.82,purchase,mrc_8531,CN,dev_926596,0
txn_004067,user_0187,2024-02-23 17:54:53.262657952,24.99,purchase,mrc_9952,FR,dev_943069,0
txn_004068,user_0066,2024-02-23 17:56:38.671651124,57.87,purchase,mrc_4283,DE,dev_768422,0
txn_004069,user_0045,2024-02-23 18:06:03.837186983,31.57,purchase,mrc_2163,US,dev_568492,0
txn_004070,user_0112,2024-02-23 18:26:55.167531119,110.33,purchase,mrc_1609,IN,dev_647866,0
txn_004071,user_0080,2024-02-23 18:30:16.134764479,28.87,payment,mrc_9383,US,dev_149548,0
txn_004072,user_0090,2024-02-23 18:38:39.518377324,120.02,purchase,mrc_3874,BR,dev_704432,0
txn_004073,user_0152,2024-02-23 18:40:00.798466170,25.48,purchase,mrc_7394,BR,dev_360174,0
txn_004074,user_0135,2024-02-23 19:30:30.561847979,61.98,purchase,mrc_1209,DE,dev_329595,0
txn_004075,user_0052,2024-02-23 19:35:51.432863865,62.89,purchase,mrc_1957,CN,dev_926596,0
txn_004076,user_0051,2024-02-23 20:05:18.532491598,64.06,purchase,mrc_1108,GB,dev_971478,0
txn_004077,user_0171,2024-02-23 20:08:59.043015891,22.72,purchase,mrc_8868,GB,dev_735490,0
txn_004078,user_0145,2024-02-23 20:15:22.544161776,1796.72,purchase,mrc_2997,IN,dev_839106,1
txn_004079,user_0080,2024-02-23 20:43:56.136998509,47.5,purchase,mrc_1438,US,dev_149548,0
txn_004080,user_0022,2024-02-23 21:28:50.307803498,256.08,transfer,mrc_9423,GB,dev_282464,0
txn_004081,user_0182,2024-02-23 22:41:37.635869381,113.96,purchase,mrc_1442,MX,dev_978161,0
txn_004082,user_0135,2024-02-23 23:10:17.684082544,48.7,withdrawal,mrc_5899,DE,dev_329595,0
txn_004083,user_0068,2024-02-23 23:33:27.224793380,84.29,purchase,mrc_9282,US,dev_109654,0
txn_004084,user_0121,2024-02-24 01:06:12.616034389,87.13,purchase,mrc_3997,GB,dev_581381,0
txn_004085,user_0019,2024-02-24 01:35:29.943373108,72.97,withdrawal,mrc_1089,DE,dev_356102,0
txn_004086,user_0140,2024-02-24 02:10:28.139960431,67.63,purchase,mrc_5054,RU,dev_644420,0
txn_004087,user_0074,2024-02-24 02:29:35.670725182,40.06,purchase,mrc_2724,IT,dev_452352,0
txn_004088,user_0077,2024-02-24 02:43:47.881680525,26.3,purchase,mrc_5977,FR,dev_803803,0
txn_004089,user_0074,2024-02-24 02:45:35.980225827,35.74,purchase,mrc_1076,IT,dev_452352,0
txn_004090,user_0125,2024-02-24 02:48:51.939967863,14.78,transfer,mrc_9285,FR,dev_268514,0
txn_004091,user_0134,2024-02-24 04:00:20.617499128,120.23,purchase,mrc_6489,US,dev_224788,0
txn_004092,user_0081,2024-02-24 04:04:21.946453479,25.14,purchase,mrc_9169,PL,dev_707774,0
txn_004093,user_0104,2024-02-24 04:14:16.016557856,50.13,purchase,mrc_3458,ES,dev_626174,0
txn_004094,user_0183,2024-02-24 05:12:53.546142768,51.82,transfer,mrc_3347,ES,dev_427912,0
txn_004095,user_0052,2024-02-24 05:33:41.623939698,50.63,purchase,mrc_9990,CN,dev_926596,0
txn_004096,user_0026,2024-02-24 06:29:20.920574414,28.76,purchase,mrc_3066,FR,dev_276791,0
txn_004097,user_0100,2024-02-24 06:43:55.447740848,181.05,purchase,mrc_2946,GB,dev_643081,0
txn_004098,user_0151,2024-02-24 07:19:31.180659398,116.48,transfer,mrc_9518,MX,dev_688185,0
txn_004099,user_0159,2024-02-24 07:38:05.168648607,10.86,purchase,mrc_9969,BR,dev_722789,0
txn_004100,user_0067,2024-02-24 07:59:15.899089419,27.03,payment,mrc_4490,GB,dev_793538,0
txn_004101,user_0159,2024-02-24 08:02:16.205451450,33.32,withdrawal,mrc_9969,BR,dev_722789,0
txn_004102,user_0060,2024-02-24 08:03:12.293674497,97.62,transfer,mrc_9529,DE,dev_922343,0
txn_004103,user_0190,2024-02-24 08:28:35.358506320,137.69,purchase,mrc_7343,NL,dev_800230,0
txn_004104,user_0005,2024-02-24 08:29:57.102351363,28.59,purchase,mrc_7301,BR,dev_528133,0
txn_004105,user_0109,2024-02-24 08:56:53.981500417,15.31,transfer,mrc_6874,CN,dev_681298,0
txn_004106,user_0052,2024-02-24 09:05:27.578685190,71.31,purchase,mrc_1388,CN,dev_926596,0
txn_004107,user_0108,2024-02-24 10:26:07.784350667,58.48,purchase,mrc_3388,US,dev_423684,0
txn_004108,user_0114,2024-02-24 11:02:11.152263253,18.93,purchase,mrc_5697,GB,dev_530246,0
txn_004109,user_0073,2024-02-24 11:34:47.457643912,48.16,purchase,mrc_6245,CN,dev_866813,0
txn_004110,user_0195,2024-02-24 12:27:29.703027162,78.53,purchase,mrc_2634,FR,dev_495433,0
txn_004111,user_0132,2024-02-24 12:32:12.782797048,55.53,withdrawal,mrc_8244,IT,dev_759758,0
txn_004112,user_0063,2024-02-24 14:06:03.199371438,39.58,purchase,mrc_4083,GB,dev_321655,0
txn_004113,user_0008,2024-02-24 14:06:30.636666951,94.81,payment,mrc_5981,IT,dev_701561,0
txn_004114,user_0030,2024-02-24 14:18:34.304404120,48.3,transfer,mrc_4888,IT,dev_263321,0
txn_004115,user_0031,2024-02-24 14:31:44.870690951,149.97,purchase,mrc_9398,GB,dev_400819,0
txn_004116,user_0152,2024-02-24 14:32:07.016618624,265.92,purchase,mrc_1445,BR,dev_360174,1
txn_004117,user_0051,2024-02-24 14:59:37.569687148,42.23,purchase,mrc_5639,GB,dev_971478,0
txn_004118,user_0078,2024-02-24 15:37:33.393439064,57.44,purchase,mrc_2114,DE,dev_986119,0
txn_004119,user_0061,2024-02-24 15:40:29.929647578,157.05,withdrawal,mrc_4678,IT,dev_350267,0
txn_004120,user_0119,2024-02-24 15:55:20.338284909,54.21,purchase,mrc_3095,IN,dev_467629,0
txn_004121,user_0142,2024-02-24 16:23:17.490175195,73.41,purchase,mrc_5557,US,dev_811663,0
txn_004122,user_0139,2024-02-24 16:31:51.825486252,6256.38,purchase,mrc_4293,CN,dev_613879,1
txn_004123,user_0037,2024-02-24 17:15:43.965010557,36.74,withdrawal,mrc_8591,US,dev_183988,0
txn_004124,user_0067,2024-02-24 17:28:38.233400689,33.05,purchase,mrc_7776,GB,dev_793538,0
txn_004125,user_0049,2024-02-24 18:07:07.927262814,25.65,withdrawal,mrc_4386,FR,dev_756716,0
txn_004126,user_0059,2024-02-24 18:17:16.752004878,22.76,purchase,mrc_5837,US,dev_323460,0
txn_004127,user_0152,2024-02-24 18:45:37.283328761,16.21,payment,mrc_5774,BR,dev_360174,0
txn_004128,user_0001,2024-02-24 18:56:29.041799925,49.68,payment,mrc_4621,DE,dev_785024,0
txn_004129,user_0000,2024-02-24 19:07:50.392311042,78.38,purchase,mrc_9779,NL,dev_281322,0
txn_004130,user_0012,2024-02-24 19:10:42.050778539,313.91,purchase,mrc_4050,IT,dev_646476,1
txn_004131,user_0158,2024-02-24 20:10:18.866557436,113.33,transfer,mrc_1898,IN,dev_338326,0
txn_004132,user_0052,2024-02-24 20:14:50.048412325,57.83,purchase,mrc_1957,CN,dev_926596,0
txn_004133,user_0176,2024-02-24 20:17:14.660970895,59.05,purchase,mrc_9431,US,dev_354405,0
txn_004134,user_0077,2024-02-24 21:34:13.299170190,25.34,purchase,mrc_9727,FR,dev_803803,0
txn_004135,user_0147,2024-02-24 21:42:48.357233379,24.06,purchase,mrc_2511,IT,dev_100466,0
txn_004136,user_0026,2024-02-24 21:47:57.485014594,33.04,purchase,mrc_1125,FR,dev_276791,0
txn_004137,user_0046,2024-02-24 22:13:52.409133082,20.51,purchase,mrc_6395,RU,dev_565935,0
txn_004138,user_0040,2024-02-24 23:13:46.670125579,61.94,purchase,mrc_4904,DE,dev_763249,0
txn_004139,user_0041,2024-02-24 23:28:29.743815262,43.15,purchase,mrc_5144,FR,dev_793260,0
txn_004140,user_0075,2024-02-24 23:32:21.408821770,41.49,withdrawal,mrc_3501,GB,dev_228165,0
txn_004141,user_0039,2024-02-24 23:39:49.957263451,76.96,purchase,mrc_3247,DE,dev_717548,0
txn_004142,user_0061,2024-02-24 23:59:25.233654685,93.36,purchase,mrc_2958,IT,dev_350267,0
txn_004143,user_0134,2024-02-25 00:55:12.937547976,112.45,purchase,mrc_6489,US,dev_224788,0
txn_004144,user_0159,2024-02-25 01:20:58.808307845,15.48,transfer,mrc_1397,BR,dev_722789,0
txn_004145,user_0047,2024-02-25 01:50:13.928412956,22.7,withdrawal,mrc_7968,DE,dev_207760,0
txn_004146,user_0039,2024-02-25 02:29:25.959847314,65.34,purchase,mrc_3247,DE,dev_717548,0
txn_004147,user_0018,2024-02-25 02:52:37.364477754,61.15,withdrawal,mrc_9439,FR,dev_534072,0
txn_004148,user_0118,2024-02-25 03:03:16.867930288,28.87,withdrawal,mrc_4340,PL,dev_765830,0
txn_004149,user_0022,2024-02-25 03:35:24.916070288,137.59,payment,mrc_9148,GB,dev_282464,0
txn_004150,user_0044,2024-02-25 04:02:29.631316314,18.87,purchase,mrc_5006,BR,dev_176043,0
txn_004151,user_0092,2024-02-25 04:16:54.136494686,28.89,purchase,mrc_8110,FR,dev_192702,0
txn_004152,user_0113,2024-02-25 04:19:19.589608754,55.47,purchase,mrc_9593,GB,dev_454695,0
txn_004153,user_0059,2024-02-25 04:28:46.121238027,113.43,purchase,mrc_5837,US,dev_323460,0
txn_004154,user_0149,2024-02-25 04:45:47.289275778,76.8,withdrawal,mrc_6628,DE,dev_777095,0
txn_004155,user_0035,2024-02-25 05:19:18.480952268,57.26,purchase,mrc_4542,NL,dev_149855,0
txn_004156,user_0145,2024-02-25 05:51:25.843357028,139.27,purchase,mrc_5420,BR,dev_839106,0
txn_004157,user_0047,2024-02-25 06:34:18.926092024,18.39,purchase,mrc_7968,DE,dev_207760,0
txn_004158,user_0135,2024-02-25 07:04:49.169232633,43.6,purchase,mrc_4600,DE,dev_329595,0
txn_004159,user_0174,2024-02-25 07:10:55.031843285,93.02,withdrawal,mrc_9915,US,dev_624267,0
txn_004160,user_0195,2024-02-25 07:13:10.020179636,62.45,purchase,mrc_4246,FR,dev_495433,0
txn_004161,user_0135,2024-02-25 07:24:01.063690661,56.73,transfer,mrc_4600,DE,dev_329595,0
txn_004162,user_0072,2024-02-25 08:09:35.092706545,240.04,purchase,mrc_5781,PL,dev_303481,1
txn_004163,user_0180,2024-02-25 08:47:54.196214527,23.03,payment,mrc_7513,DE,dev_275394,0
txn_004164,user_0132,2024-02-25 08:57:14.584688354,43.33,purchase,mrc_2780,IT,dev_759758,0
txn_004165,user_0030,2024-02-25 09:02:18.688451465,64.33,payment,mrc_8621,IT,dev_263321,0
txn_004166,user_0062,2024-02-25 09:06:30.458821578,38.87,purchase,mrc_6091,GB,dev_385336,0
txn_004167,user_0118,2024-02-25 09:07:34.556056303,52.81,withdrawal,mrc_8630,PL,dev_765830,0
txn_004168,user_0031,2024-02-25 09:26:30.806837692,136.55,purchase,mrc_7779,GB,dev_400819,0
txn_004169,user_0011,2024-02-25 09:33:21.146296843,33.47,withdrawal,mrc_9441,FR,dev_250275,0
txn_004170,user_0015,2024-02-25 09:34:12.323016359,23.36,payment,mrc_1852,DE,dev_377800,0
txn_004171,user_0138,2024-02-25 09:59:09.265295237,419.51,withdrawal,mrc_3748,IT,dev_670415,0
txn_004172,user_0103,2024-02-25 10:45:56.328010869,60.93,purchase,mrc_6199,US,dev_931748,0
txn_004173,user_0018,2024-02-25 10:57:49.508992251,67.02,purchase,mrc_6144,FR,dev_534072,0
txn_004174,user_0024,2024-02-25 10:58:38.112779411,72.15,payment,mrc_7720,DE,dev_897665,0
txn_004175,user_0108,2024-02-25 10:59:22.973067014,73.74,withdrawal,mrc_3388,US,dev_423684,0
txn_004176,user_0113,2024-02-25 11:36:55.073145173,67.49,purchase,mrc_9593,GB,dev_454695,0
txn_004177,user_0135,2024-02-25 11:46:54.424967336,53.53,transfer,mrc_5852,DE,dev_329595,0
txn_004178,user_0005,2024-02-25 11:56:45.458512805,32.28,purchase,mrc_7301,BR,dev_528133,0
txn_004179,user_0187,2024-02-25 12:29:01.612720267,3814.01,transfer,mrc_5376,FR,dev_943069,1
txn_004180,user_0089,2024-02-25 12:31:21.150497968,100.04,purchase,mrc_8126,GB,dev_154564,0
txn_004181,user_0150,2024-02-25 12:36:39.899392816,91.08,purchase,mrc_1550,US,dev_139544,0
txn_004182,user_0159,2024-02-25 12:49:02.839843165,17.56,purchase,mrc_1397,BR,dev_722789,0
txn_004183,user_0083,2024-02-25 13:00:14.630933526,15.19,purchase,mrc_3473,CN,dev_704450,0
txn_004184,user_0175,2024-02-25 13:08:30.853219833,71.94,purchase,mrc_6945,CA,dev_530674,0
txn_004185,user_0134,2024-02-25 13:23:26.954013557,71.49,purchase,mrc_7921,US,dev_224788,0
txn_004186,user_0080,2024-02-25 14:47:30.715131865,43.55,purchase,mrc_4320,US,dev_149548,0
txn_004187,user_0150,2024-02-25 14:50:14.539313922,77.83,withdrawal,mrc_1550,US,dev_139544,0
txn_004188,user_0141,2024-02-25 15:04:46.384166716,34.2,purchase,mrc_9445,IT,dev_998747,0
txn_004189,user_0096,2024-02-25 16:24:10.577589187,33.48,purchase,mrc_8774,IN,dev_531876,0
txn_004190,user_0113,2024-02-25 16:32:53.418027891,49.31,payment,mrc_9593,GB,dev_454695,0
txn_004191,user_0092,2024-02-25 16:39:13.630994481,544.27,purchase,mrc_3812,ES,dev_192702,1
txn_004192,user_0139,2024-02-25 17:10:34.562411658,57.3,payment,mrc_4024,CN,dev_613879,0
txn_004193,user_0087,2024-02-25 17:20:14.987896474,14.54,purchase,mrc_3927,ES,dev_408962,0
txn_004194,user_0144,2024-02-25 17:29:16.127434147,101.87,purchase,mrc_8488,US,dev_431862,0
txn_004195,user_0196,2024-02-25 18:03:17.656390715,72.84,payment,mrc_2177,GB,dev_520735,0
txn_004196,user_0118,2024-02-25 18:06:14.285717981,18.19,payment,mrc_8516,PL,dev_765830,0
txn_004197,user_0045,2024-02-25 18:22:21.299759435,22.37,purchase,mrc_6083,US,dev_568492,0
txn_004198,user_0111,2024-02-25 18:32:50.914838668,173.67,purchase,mrc_6639,DE,dev_824486,0
txn_004199,user_0161,2024-02-25 19:11:25.946372214,49.18,transfer,mrc_1929,US,dev_689131,0
txn_004200,user_0006,2024-02-25 19:21:07.011792643,69.67,payment,mrc_2798,US,dev_824287,0
txn_004201,user_0074,2024-02-25 19:32:54.622872206,15.61,withdrawal,mrc_4049,IT,dev_452352,0
txn_004202,user_0017,2024-02-25 20:03:20.700225871,16.4,payment,mrc_3652,DE,dev_628879,0
txn_004203,user_0196,2024-02-25 20:24:26.427083193,72.11,purchase,mrc_3454,GB,dev_520735,0
txn_004204,user_0111,2024-02-25 21:02:25.386358460,147.14,purchase,mrc_9380,DE,dev_824486,0
txn_004205,user_0010,2024-02-25 21:18:18.641537282,58.0,transfer,mrc_6978,ES,dev_554513,0
txn_004206,user_0182,2024-02-25 21:37:23.707625263,103.66,purchase,mrc_1442,MX,dev_978161,0
txn_004207,user_0010,2024-02-25 21:59:59.610088301,95.52,purchase,mrc_4682,ES,dev_554513,0
txn_004208,user_0100,2024-02-25 23:29:37.443310978,204.9,payment,mrc_2946,GB,dev_643081,0
txn_004209,user_0159,2024-02-25 23:29:54.089492265,10.73,purchase,mrc_1397,BR,dev_722789,0
txn_004210,user_0187,2024-02-25 23:50:58.381529837,35.05,withdrawal,mrc_1890,FR,dev_943069,0
txn_004211,user_0091,2024-02-26 00:23:48.864148357,24.36,payment,mrc_9637,DE,dev_225701,0
txn_004212,user_0083,2024-02-26 01:07:13.596318866,28.44,purchase,mrc_5946,CN,dev_704450,0
txn_004213,user_0141,2024-02-26 01:17:40.655797431,26.78,purchase,mrc_9445,IT,dev_998747,0
txn_004214,user_0035,2024-02-26 02:03:01.071021318,70.04,purchase,mrc_7623,NL,dev_149855,0
txn_004215,user_0107,2024-02-26 02:45:33.691944248,43.56,withdrawal,mrc_1846,RU,dev_985074,0
txn_004216,user_0127,2024-02-26 02:56:23.671297396,54.34,purchase,mrc_8180,US,dev_457768,0
txn_004217,user_0165,2024-02-26 03:00:45.343281168,114.49,transfer,mrc_6375,GB,dev_450186,0
txn_004218,user_0029,2024-02-26 03:16:25.581059139,108.32,purchase,mrc_6705,GB,dev_964255,0
txn_004219,user_0116,2024-02-26 03:22:26.303096286,26.8,purchase,mrc_9840,JP,dev_194702,0
txn_004220,user_0029,2024-02-26 03:23:03.986639452,101.37,purchase,mrc_8566,GB,dev_964255,0
txn_004221,user_0120,2024-02-26 03:32:45.809305942,38.0,payment,mrc_2666,DE,dev_190355,1
txn_004222,user_0120,2024-02-26 03:39:29.739036112,27.03,purchase,mrc_2666,DE,dev_190355,1
txn_004223,user_0120,2024-02-26 03:40:29.802398629,90.79,purchase,mrc_3207,DE,dev_190355,1
txn_004224,user_0120,2024-02-26 03:47:19.943903578,94.6,purchase,mrc_5048,DE,dev_190355,1
txn_004225,user_0160,2024-02-26 03:53:59.176635982,99.23,purchase,mrc_8211,BR,dev_932446,0
txn_004226,user_0088,2024-02-26 03:58:44.086641570,38.78,purchase,mrc_3172,IT,dev_918157,0
txn_004227,user_0120,2024-02-26 04:13:27.465722459,48.61,purchase,mrc_5048,DE,dev_190355,1
txn_004228,user_0120,2024-02-26 04:15:03.575743556,63.15,withdrawal,mrc_2666,DE,dev_190355,1
txn_004229,user_0120,2024-02-26 04:20:06.882040974,51.46,purchase,mrc_2666,DE,dev_190355,1
txn_004230,user_0066,2024-02-26 04:29:21.541848805,20.3,purchase,mrc_2076,DE,dev_768422,0
txn_004231,user_0137,2024-02-26 04:44:29.363703826,32.97,transfer,mrc_1188,IN,dev_384439,0
txn_004232,user_0118,2024-02-26 05:37:28.480988189,66.7,withdrawal,mrc_8516,PL,dev_765830,0
txn_004233,user_0118,2024-02-26 07:08:54.196028216,53.26,payment,mrc_8630,PL,dev_765830,0
txn_004234,user_0135,2024-02-26 07:25:03.330764757,54.36,purchase,mrc_5899,DE,dev_329595,0
txn_004235,user_0001,2024-02-26 07:27:23.403254165,30.61,purchase,mrc_4621,DE,dev_785024,0
txn_004236,user_0163,2024-02-26 07:29:22.500327723,3105.82,purchase,mrc_6928,ES,dev_939500,1
txn_004237,user_0000,2024-02-26 07:52:46.956209287,70.31,payment,mrc_5737,NL,dev_281322,0
txn_004238,user_0151,2024-02-26 08:45:18.614707113,88.56,purchase,mrc_5089,MX,dev_688185,0
txn_004239,user_0045,2024-02-26 08:54:57.807254650,33.9,purchase,mrc_6151,US,dev_568492,0
txn_004240,user_0083,2024-02-26 09:06:00.741418000,19.79,payment,mrc_3690,CN,dev_704450,0
txn_004241,user_0035,2024-02-26 09:11:49.765750196,61.25,withdrawal,mrc_8453,NL,dev_149855,0
txn_004242,user_0035,2024-02-26 09:34:29.765766681,59.28,transfer,mrc_5540,NL,dev_149855,0
txn_004243,user_0137,2024-02-26 09:47:30.686579896,35.35,purchase,mrc_9423,IN,dev_384439,0
txn_004244,user_0116,2024-02-26 09:47:39.938305361,44.7,purchase,mrc_4193,JP,dev_194702,0
txn_004245,user_0003,2024-02-26 11:08:59.460220191,58.73,purchase,mrc_5918,FR,dev_973627,0
txn_004246,user_0096,2024-02-26 11:22:29.574247694,24.38,withdrawal,mrc_5452,IN,dev_531876,0
txn_004247,user_0176,2024-02-26 11:30:32.619916201,44.38,purchase,mrc_8511,US,dev_354405,0
txn_004248,user_0171,2024-02-26 11:40:08.620533935,24.93,purchase,mrc_1215,GB,dev_735490,0
txn_004249,user_0124,2024-02-26 12:34:16.900506826,123.72,purchase,mrc_4603,GB,dev_327865,0
txn_004250,user_0064,2024-02-26 12:40:13.708042973,62.77,purchase,mrc_5532,IN,dev_424591,0
txn_004251,user_0012,2024-02-26 13:12:23.946106367,112.01,payment,mrc_9636,IT,dev_646476,0
txn_004252,user_0177,2024-02-26 13:50:04.888497603,45.71,purchase,mrc_1567,DE,dev_240181,0
txn_004253,user_0101,2024-02-26 13:56:59.228771739,89.36,purchase,mrc_6931,DE,dev_472623,0
txn_004254,user_0082,2024-02-26 15:10:11.347834262,156.27,withdrawal,mrc_7836,FR,dev_336679,0
txn_004255,user_0019,2024-02-26 15:17:01.900471700,59.56,payment,mrc_1089,DE,dev_356102,0
txn_004256,user_0094,2024-02-26 15:19:47.764748507,89.01,purchase,mrc_5572,CN,dev_246312,0
txn_004257,user_0080,2024-02-26 15:32:34.085014370,18.63,withdrawal,mrc_9577,US,dev_149548,0
txn_004258,user_0011,2024-02-26 15:34:00.666443408,51.59,purchase,mrc_2451,FR,dev_250275,0
txn_004259,user_0081,2024-02-26 15:42:27.864681376,19.38,withdrawal,mrc_3110,PL,dev_707774,0
txn_004260,user_0030,2024-02-26 15:53:30.032113899,55.32,transfer,mrc_5205,IT,dev_263321,0
txn_004261,user_0049,2024-02-26 16:03:08.759177121,33.52,payment,mrc_4386,FR,dev_756716,0
txn_004262,user_0139,2024-02-26 16:38:11.082766218,46.79,withdrawal,mrc_4293,CN,dev_613879,0
txn_004263,user_0080,2024-02-26 16:44:02.241597985,41.86,purchase,mrc_1983,US,dev_149548,0
txn_004264,user_0188,2024-02-26 16:55:11.068207439,31.06,purchase,mrc_1155,GB,dev_530151,0
txn_004265,user_0126,2024-02-26 17:22:05.120405787,43.35,payment,mrc_4941,RU,dev_408162,0
txn_004266,user_0006,2024-02-26 17:23:59.511528693,54.47,purchase,mrc_8170,US,dev_824287,0
txn_004267,user_0095,2024-02-26 17:29:00.200644802,18.21,purchase,mrc_9226,CN,dev_540551,0
txn_004268,user_0151,2024-02-26 17:34:36.049578136,80.94,purchase,mrc_2986,MX,dev_688185,0
txn_004269,user_0135,2024-02-26 18:02:10.712300886,44.1,transfer,mrc_5899,DE,dev_329595,0
txn_004270,user_0087,2024-02-26 18:41:39.175475455,65.07,purchase,mrc_9016,ES,dev_408962,0
txn_004271,user_0076,2024-02-26 19:01:36.768516142,66.97,purchase,mrc_6609,FR,dev_986288,0
txn_004272,user_0061,2024-02-26 19:22:23.090091961,166.87,purchase,mrc_2380,IT,dev_350267,0
txn_004273,user_0175,2024-02-26 19:25:23.951929828,4461.99,purchase,mrc_7351,ES,dev_530674,1
txn_004274,user_0100,2024-02-26 19:29:32.791974202,184.18,purchase,mrc_2016,GB,dev_643081,0
txn_004275,user_0184,2024-02-26 19:39:03.646988484,179.03,purchase,mrc_4664,DE,dev_200963,0
txn_004276,user_0198,2024-02-26 19:43:16.587661644,57.86,payment,mrc_9176,IT,dev_496956,0
txn_004277,user_0080,2024-02-26 19:53:01.363975283,33.09,transfer,mrc_9577,US,dev_149548,0
txn_004278,user_0118,2024-02-26 20:39:02.777401846,44.94,purchase,mrc_8516,PL,dev_765830,0
txn_004279,user_0077,2024-02-26 20:41:08.098476314,27.22,purchase,mrc_4751,FR,dev_803803,0
txn_004280,user_0179,2024-02-26 21:26:54.994699734,22.7,payment,mrc_2939,ES,dev_449253,0
txn_004281,user_0148,2024-02-26 21:29:07.304196137,32.96,withdrawal,mrc_6287,US,dev_481048,0
txn_004282,user_0192,2024-02-26 21:30:37.469212056,29.49,withdrawal,mrc_2389,US,dev_664141,0
txn_004283,user_0180,2024-02-26 21:47:26.501258441,20.4,purchase,mrc_1807,DE,dev_275394,0
txn_004284,user_0014,2024-02-26 22:03:03.289677540,36.86,purchase,mrc_2821,FR,dev_504424,0
txn_004285,user_0177,2024-02-26 22:04:07.959048471,24.1,purchase,mrc_9901,DE,dev_240181,0
txn_004286,user_0090,2024-02-26 22:20:08.501287400,78.2,purchase,mrc_2666,BR,dev_704432,0
txn_004287,user_0077,2024-02-26 22:53:39.372932683,17.04,withdrawal,mrc_5977,FR,dev_803803,0
txn_004288,user_0000,2024-02-26 22:58:57.623279991,90.12,purchase,mrc_7621,NL,dev_281322,0
txn_004289,user_0190,2024-02-26 23:41:14.584834583,291.69,transfer,mrc_6391,NL,dev_800230,0
txn_004290,user_0090,2024-02-27 00:29:21.767781567,70.48,payment,mrc_1916,BR,dev_704432,0
txn_004291,user_0011,2024-02-27 00:42:52.662657228,41.24,transfer,mrc_7266,FR,dev_250275,0
txn_004292,user_0012,2024-02-27 00:57:26.538177814,85.74,purchase,mrc_9636,IT,dev_646476,0
txn_004293,user_0173,2024-02-27 02:32:39.135128923,873.12,purchase,mrc_9524,CN,dev_146712,1
txn_004294,user_0130,2024-02-27 02:40:24.879908618,84.17,payment,mrc_7645,GB,dev_425066,0
txn_004295,user_0005,2024-02-27 02:46:38.847779427,24.05,purchase,mrc_7301,BR,dev_528133,0
txn_004296,user_0080,2024-02-27 02:59:03.214467441,29.43,purchase,mrc_1983,US,dev_149548,0
txn_004297,user_0111,2024-02-27 03:13:17.723198908,180.82,purchase,mrc_4551,DE,dev_824486,0
txn_004298,user_0052,2024-02-27 03:18:26.599617033,69.89,payment,mrc_1388,CN,dev_926596,0
txn_004299,user_0181,2024-02-27 03:35:15.309280335,27.69,payment,mrc_8742,US,dev_801882,0
txn_004300,user_0138,2024-02-27 04:32:26.228783302,258.46,withdrawal,mrc_3320,IT,dev_670415,0
txn_004301,user_0161,2024-02-27 04:36:00.266703456,54.36,withdrawal,mrc_2951,US,dev_689131,0
txn_004302,user_0171,2024-02-27 04:45:14.401784705,25.64,payment,mrc_8868,GB,dev_735490,0
txn_004303,user_0109,2024-02-27 04:59:11.397608550,23.19,purchase,mrc_4716,CN,dev_681298,0
txn_004304,user_0137,2024-02-27 04:59:33.184754837,34.93,purchase,mrc_9423,IN,dev_384439,0
txn_004305,user_0157,2024-02-27 05:34:20.285920511,92.31,purchase,mrc_4079,DE,dev_319870,0
txn_004306,user_0022,2024-02-27 05:54:57.318698919,214.66,purchase,mrc_6712,GB,dev_282464,0
txn_004307,user_0141,2024-02-27 06:10:36.445912483,27.82,transfer,mrc_9395,IT,dev_998747,0
txn_004308,user_0121,2024-02-27 06:25:57.080137922,110.68,purchase,mrc_2451,GB,dev_581381,0
txn_004309,user_0060,2024-02-27 06:46:30.263320868,137.68,purchase,mrc_2163,DE,dev_922343,0
txn_004310,user_0041,2024-02-27 07:45:01.415023625,55.05,withdrawal,mrc_8636,FR,dev_793260,0
txn_004311,user_0075,2024-02-27 08:22:46.763994163,67.41,purchase,mrc_6098,GB,dev_228165,0
txn_004312,user_0015,2024-02-27 08:26:21.009235389,13.95,purchase,mrc_6847,DE,dev_377800,0
txn_004313,user_0196,2024-02-27 08:32:54.412278785,90.07,payment,mrc_3454,GB,dev_520735,0
txn_004314,user_0174,2024-02-27 08:44:45.349612428,41.97,purchase,mrc_4860,US,dev_624267,0
txn_004315,user_0034,2024-02-27 08:54:35.559638042,14.99,purchase,mrc_5100,GB,dev_379300,0
txn_004316,user_0100,2024-02-27 09:13:11.314155028,147.06,purchase,mrc_6406,GB,dev_643081,0
txn_004317,user_0182,2024-02-27 09:18:19.861759372,1205.74,purchase,mrc_3127,PL,dev_978161,1
txn_004318,user_0120,2024-02-27 09:22:36.091400552,71.45,purchase,mrc_5048,DE,dev_190355,0
txn_004319,user_0057,2024-02-27 09:55:10.504039139,26.76,transfer,mrc_1490,CA,dev_761158,0
txn_004320,user_0090,2024-02-27 09:55:32.160226773,725.05,withdrawal,mrc_6058,BR,dev_704432,1
txn_004321,user_0116,2024-02-27 10:27:18.438909351,61.13,payment,mrc_2240,JP,dev_194702,0
txn_004322,user_0060,2024-02-27 10:57:42.297578312,111.21,purchase,mrc_2163,DE,dev_922343,0
txn_004323,user_0082,2024-02-27 11:28:49.135916042,210.7,withdrawal,mrc_9059,FR,dev_336679,0
txn_004324,user_0091,2024-02-27 12:14:21.682877079,48.99,purchase,mrc_9441,DE,dev_225701,0
txn_004325,user_0144,2024-02-27 12:52:20.487067242,117.21,withdrawal,mrc_7130,US,dev_431862,0
txn_004326,user_0030,2024-02-27 12:59:52.774720501,8447.31,purchase,mrc_1160,IT,dev_263321,1
txn_004327,user_0011,2024-02-27 13:05:53.992515838,52.17,purchase,mrc_5508,FR,dev_250275,0
txn_004328,user_0123,2024-02-27 13:11:50.447616894,47.14,purchase,mrc_9577,FR,dev_491106,0
txn_004329,user_0034,2024-02-27 13:12:20.074523578,15.78,withdrawal,mrc_1190,GB,dev_379300,0
txn_004330,user_0118,2024-02-27 14:05:58.764014476,45.48,withdrawal,mrc_8516,PL,dev_765830,0
txn_004331,user_0054,2024-02-27 14:07:54.909944771,62.32,payment,mrc_9819,IT,dev_228719,0
txn_004332,user_0182,2024-02-27 14:15:28.846179937,83.62,purchase,mrc_6066,MX,dev_978161,0
txn_004333,user_0048,2024-02-27 14:19:01.501881362,86.49,withdrawal,mrc_2329,US,dev_786278,0
txn_004334,user_0087,2024-02-27 14:26:00.569213184,48.43,purchase,mrc_6043,ES,dev_408962,0
txn_004335,user_0108,2024-02-27 14:32:41.664173591,45.69,payment,mrc_7137,US,dev_423684,0
txn_004336,user_0124,2024-02-27 14:56:43.323655601,100.1,purchase,mrc_6472,GB,dev_327865,0
txn_004337,user_0168,2024-02-27 15:27:49.299186135,20.25,purchase,mrc_2445,RU,dev_807983,1
txn_004338,user_0118,2024-02-27 15:30:17.781068146,51.51,payment,mrc_4340,PL,dev_765830,0
txn_004339,user_0188,2024-02-27 15:40:07.044961957,35.08,purchase,mrc_1457,GB,dev_530151,0
txn_004340,user_0125,2024-02-27 15:56:23.214522506,26.31,purchase,mrc_9385,FR,dev_268514,0
txn_004341,user_0168,2024-02-27 16:03:59.636476124,19.88,purchase,mrc_7047,RU,dev_807983,1
txn_004342,user_0168,2024-02-27 16:13:36.146767551,12.15,purchase,mrc_7047,RU,dev_807983,1
txn_004343,user_0168,2024-02-27 16:26:52.201210414,10.46,purchase,mrc_7047,RU,dev_807983,1
txn_004344,user_0168,2024-02-27 16:30:00.180937938,11.6,purchase,mrc_2445,RU,dev_807983,1
txn_004345,user_0166,2024-02-27 16:32:14.323073532,146.14,purchase,mrc_9219,IN,dev_702052,0
txn_004346,user_0168,2024-02-27 16:33:36.071232338,21.75,transfer,mrc_2445,RU,dev_807983,1
txn_004347,user_0168,2024-02-27 16:33:51.188418539,15.11,purchase,mrc_2445,RU,dev_807983,1
txn_004348,user_0076,2024-02-27 16:36:28.329333256,74.19,payment,mrc_5635,FR,dev_986288,0
txn_004349,user_0091,2024-02-27 16:37:07.872631558,17.14,purchase,mrc_9441,DE,dev_225701,0
txn_004350,user_0168,2024-02-27 16:45:14.931741833,16.76,purchase,mrc_2445,RU,dev_807983,1
txn_004351,user_0123,2024-02-27 17:01:41.528338659,54.06,purchase,mrc_2320,FR,dev_491106,0
txn_004352,user_0168,2024-02-27 17:08:25.098485006,26.33,purchase,mrc_3432,RU,dev_807983,1
txn_004353,user_0098,2024-02-27 17:09:28.688996257,24.16,withdrawal,mrc_6311,ES,dev_128155,0
txn_004354,user_0032,2024-02-27 17:18:02.462036970,33.0,purchase,mrc_9950,IT,dev_966352,0
txn_004355,user_0108,2024-02-27 17:28:28.871530594,92.71,purchase,mrc_3388,US,dev_423684,0
txn_004356,user_0126,2024-02-27 17:45:49.127685835,27.89,purchase,mrc_2895,RU,dev_408162,0
txn_004357,user_0095,2024-02-27 17:49:37.316768604,17.95,withdrawal,mrc_3902,CN,dev_540551,0
txn_004358,user_0090,2024-02-27 18:07:34.266221267,87.25,purchase,mrc_6058,BR,dev_704432,0
txn_004359,user_0145,2024-02-27 19:09:48.999321921,140.84,transfer,mrc_5420,BR,dev_839106,0
txn_004360,user_0192,2024-02-27 20:02:14.145240441,11.65,payment,mrc_9603,US,dev_664141,0
txn_004361,user_0191,2024-02-27 20:10:05.330945094,55.5,purchase,mrc_2180,US,dev_830909,0
txn_004362,user_0182,2024-02-27 20:36:16.590433904,72.57,purchase,mrc_1442,MX,dev_978161,0
txn_004363,user_0132,2024-02-27 20:53:13.277684253,60.72,purchase,mrc_8985,IT,dev_759758,0
txn_004364,user_0083,2024-02-27 20:56:23.481738787,13.78,withdrawal,mrc_3690,CN,dev_704450,0
txn_004365,user_0119,2024-02-27 21:06:38.640618545,61.33,purchase,mrc_9064,IN,dev_467629,0
txn_004366,user_0080,2024-02-27 22:56:09.672970809,36.33,payment,mrc_9577,US,dev_149548,0
txn_004367,user_0136,2024-02-27 23:08:52.534790889,47.41,purchase,mrc_3899,IN,dev_862579,0
txn_004368,user_0008,2024-02-27 23:19:54.409908625,35.85,purchase,mrc_3735,IT,dev_701561,0
txn_004369,user_0054,2024-02-27 23:43:32.831728581,68.74,withdrawal,mrc_2406,IT,dev_228719,0
txn_004370,user_0104,2024-02-28 00:23:11.249993044,59.88,transfer,mrc_3458,ES,dev_626174,0
txn_004371,user_0041,2024-02-28 00:24:13.966683479,39.26,purchase,mrc_8636,FR,dev_793260,0
txn_004372,user_0079,2024-02-28 00:42:20.042579809,38.88,transfer,mrc_1763,FR,dev_392734,0
txn_004373,user_0087,2024-02-28 01:23:45.403363050,66.68,purchase,mrc_4120,ES,dev_408962,0
txn_004374,user_0159,2024-02-28 01:38:24.947733979,26.6,purchase,mrc_4610,BR,dev_722789,0
txn_004375,user_0195,2024-02-28 01:40:05.914676683,73.13,purchase,mrc_4246,FR,dev_495433,0
txn_004376,user_0074,2024-02-28 01:59:12.668143804,32.04,payment,mrc_3847,IT,dev_452352,0
txn_004377,user_0097,2024-02-28 02:53:47.794587733,51.95,withdrawal,mrc_8348,JP,dev_180838,0
txn_004378,user_0190,2024-02-28 03:06:26.278432954,263.69,payment,mrc_9368,NL,dev_800230,0
txn_004379,user_0114,2024-02-28 03:20:53.150320543,17.12,transfer,mrc_5697,GB,dev_530246,0
txn_004380,user_0149,2024-02-28 03:28:25.423063950,24.63,purchase,mrc_2972,DE,dev_777095,0
txn_004381,user_0066,2024-02-28 03:29:05.595872825,41.84,withdrawal,mrc_5574,DE,dev_768422,0
txn_004382,user_0037,2024-02-28 03:52:10.559013472,25.79,purchase,mrc_1891,US,dev_183988,0
txn_004383,user_0005,2024-02-28 04:01:13.298033446,35.13,purchase,mrc_8489,BR,dev_528133,0
txn_004384,user_0091,2024-02-28 04:26:19.991428414,23.99,withdrawal,mrc_9441,DE,dev_225701,0
txn_004385,user_0134,2024-02-28 04:27:36.704067457,91.43,purchase,mrc_6240,US,dev_224788,0
txn_004386,user_0005,2024-02-28 05:05:24.952202069,38.57,transfer,mrc_4916,BR,dev_528133,0
txn_004387,user_0184,2024-02-28 05:07:16.940135011,256.38,purchase,mrc_4664,DE,dev_200963,0
txn_004388,user_0193,2024-02-28 05:14:29.400679845,130.16,withdrawal,mrc_8087,JP,dev_754885,0
txn_004389,user_0118,2024-02-28 05:21:52.972377331,48.69,purchase,mrc_8516,PL,dev_765830,0
txn_004390,user_0005,2024-02-28 05:49:21.475641169,33.15,withdrawal,mrc_1874,BR,dev_528133,0
txn_004391,user_0006,2024-02-28 06:26:04.626943268,64.01,transfer,mrc_8022,US,dev_824287,0
txn_004392,user_0022,2024-02-28 06:45:25.180859275,364.7,purchase,mrc_3617,GB,dev_282464,0
txn_004393,user_0108,2024-02-28 07:17:16.569829316,94.76,purchase,mrc_3388,US,dev_423684,0
txn_004394,user_0014,2024-02-28 07:40:18.672565977,54.09,purchase,mrc_2590,FR,dev_504424,0
txn_004395,user_0080,2024-02-28 08:53:01.556080704,34.73,payment,mrc_1983,US,dev_149548,0
txn_004396,user_0176,2024-02-28 09:07:05.588296400,41.75,transfer,mrc_1042,US,dev_354405,0
txn_004397,user_0157,2024-02-28 09:12:26.225937612,35.72,withdrawal,mrc_4079,DE,dev_319870,0
txn_004398,user_0072,2024-02-28 09:12:26.427834473,15.52,withdrawal,mrc_7916,CN,dev_152297,0
txn_004399,user_0112,2024-02-28 09:26:41.898208999,93.84,purchase,mrc_4394,IN,dev_647866,0
txn_004400,user_0026,2024-02-28 09:37:19.576538775,50.6,purchase,mrc_3066,FR,dev_276791,0
txn_004401,user_0085,2024-02-28 09:37:47.512223805,46.43,payment,mrc_5461,CA,dev_870105,0
txn_004402,user_0099,2024-02-28 09:40:18.491788590,67.08,payment,mrc_3288,RU,dev_104267,0
txn_004403,user_0037,2024-02-28 10:04:34.555330587,33.06,purchase,mrc_7203,US,dev_183988,0
txn_004404,user_0066,2024-02-28 10:12:40.268112667,51.06,transfer,mrc_6406,DE,dev_768422,0
txn_004405,user_0112,2024-02-28 10:46:24.543659251,110.78,payment,mrc_1609,IN,dev_647866,0
txn_004406,user_0111,2024-02-28 10:56:50.447591059,194.62,transfer,mrc_4551,DE,dev_824486,0
txn_004407,user_0010,2024-02-28 11:24:36.702293733,85.59,payment,mrc_4682,ES,dev_554513,0
txn_004408,user_0067,2024-02-28 11:39:12.385100443,33.43,payment,mrc_4490,GB,dev_793538,0
txn_004409,user_0083,2024-02-28 11:40:56.555050870,33.45,purchase,mrc_4572,CN,dev_704450,0
txn_004410,user_0179,2024-02-28 11:44:55.603373487,17.32,withdrawal,mrc_9687,ES,dev_449253,0
txn_004411,user_0121,2024-02-28 11:50:05.293069394,111.35,purchase,mrc_3997,GB,dev_581381,0
txn_004412,user_0178,2024-02-28 12:09:47.447661518,48.33,purchase,mrc_6571,US,dev_706543,0
txn_004413,user_0018,2024-02-28 12:34:56.014715132,63.96,purchase,mrc_5260,FR,dev_534072,0
txn_004414,user_0111,2024-02-28 13:00:26.740584748,171.91,purchase,mrc_4551,DE,dev_824486,0
txn_004415,user_0076,2024-02-28 13:37:21.223178864,31.2,withdrawal,mrc_9667,FR,dev_986288,0
txn_004416,user_0166,2024-02-28 14:26:13.164170890,184.31,transfer,mrc_7123,IN,dev_702052,0
txn_004417,user_0100,2024-02-28 14:48:41.108853715,210.07,purchase,mrc_2016,GB,dev_643081,0
txn_004418,user_0114,2024-02-28 14:56:53.576696204,32.18,transfer,mrc_5309,GB,dev_530246,0
txn_004419,user_0154,2024-02-28 15:07:20.711108560,74.24,purchase,mrc_9049,NL,dev_343626,0
txn_004420,user_0161,2024-02-28 15:16:08.361822955,55.83,purchase,mrc_2738,US,dev_689131,0
txn_004421,user_0103,2024-02-28 16:10:06.759419654,65.3,purchase,mrc_5979,US,dev_931748,0
txn_004422,user_0006,2024-02-28 16:23:09.146164889,60.59,purchase,mrc_8022,US,dev_824287,0
txn_004423,user_0144,2024-02-28 16:55:24.890746779,84.51,purchase,mrc_3913,US,dev_431862,0
txn_004424,user_0195,2024-02-28 17:26:33.949637868,50.2,purchase,mrc_2587,FR,dev_495433,0
txn_004425,user_0011,2024-02-28 17:33:05.892856476,30.45,purchase,mrc_9104,FR,dev_250275,1
txn_004426,user_0011,2024-02-28 17:35:35.576504039,46.4,purchase,mrc_9104,FR,dev_250275,1
txn_004427,user_0011,2024-02-28 17:36:58.051714364,45.19,purchase,mrc_5508,FR,dev_250275,1
txn_004428,user_0011,2024-02-28 17:39:12.690773326,46.09,purchase,mrc_9104,FR,dev_250275,1
txn_004429,user_0011,2024-02-28 17:52:52.862956562,41.87,purchase,mrc_9104,FR,dev_250275,1
txn_004430,user_0011,2024-02-28 17:54:56.877928367,38.41,transfer,mrc_9441,FR,dev_250275,1
txn_004431,user_0064,2024-02-28 18:05:29.430697788,18.48,withdrawal,mrc_8198,IN,dev_424591,0
txn_004432,user_0138,2024-02-28 18:21:46.659178080,265.64,purchase,mrc_6273,IT,dev_670415,0
txn_004433,user_0178,2024-02-28 18:56:17.338489088,46.28,withdrawal,mrc_2142,US,dev_706543,0
txn_004434,user_0167,2024-02-28 19:05:57.544362644,38.67,purchase,mrc_5069,FR,dev_606400,0
txn_004435,user_0038,2024-02-28 19:13:05.551394668,79.93,purchase,mrc_5824,RU,dev_665036,0
txn_004436,user_0170,2024-02-28 19:25:00.403827280,18.63,payment,mrc_7564,ES,dev_674267,0
txn_004437,user_0190,2024-02-28 19:56:56.303929695,255.51,purchase,mrc_4337,NL,dev_800230,0
txn_004438,user_0133,2024-02-28 20:11:33.254055742,35.12,transfer,mrc_8839,NL,dev_254947,0
txn_004439,user_0185,2024-02-28 20:16:38.267509947,67.1,purchase,mrc_2670,ES,dev_494056,0
txn_004440,user_0015,2024-02-28 20:17:26.713636898,16.4,withdrawal,mrc_2261,DE,dev_377800,0
txn_004441,user_0168,2024-02-28 20:29:24.813902871,13.48,purchase,mrc_2445,ES,dev_807983,0
txn_004442,user_0095,2024-02-28 21:12:33.680514260,16.93,purchase,mrc_6376,CN,dev_540551,0
txn_004443,user_0050,2024-02-28 22:24:44.620468266,63.74,withdrawal,mrc_1291,CN,dev_890140,0
txn_004444,user_0187,2024-02-28 22:57:24.414649587,32.29,purchase,mrc_3491,FR,dev_943069,0
txn_004445,user_0085,2024-02-28 23:00:30.396113236,44.24,withdrawal,mrc_1542,CA,dev_870105,0
txn_004446,user_0052,2024-02-28 23:31:40.507210960,59.51,purchase,mrc_1957,CN,dev_926596,0
txn_004447,user_0066,2024-02-29 00:04:01.148498747,575.09,transfer,mrc_5574,DE,dev_928031,1
txn_004448,user_0184,2024-02-29 00:47:19.108048813,91.77,payment,mrc_3033,DE,dev_200963,0
txn_004449,user_0181,2024-02-29 00:50:49.736495072,42.92,purchase,mrc_2852,US,dev_801882,0
txn_004450,user_0024,2024-02-29 01:50:04.640299220,140.49,withdrawal,mrc_4419,DE,dev_897665,0
txn_004451,user_0161,2024-02-29 01:52:57.036103354,841.19,withdrawal,mrc_1929,NL,dev_689131,1
txn_004452,user_0134,2024-02-29 03:10:35.831248249,82.96,withdrawal,mrc_9575,US,dev_224788,0
txn_004453,user_0184,2024-02-29 03:38:54.783801604,223.59,purchase,mrc_5246,DE,dev_200963,0
txn_004454,user_0008,2024-02-29 04:51:54.554131468,94.73,purchase,mrc_6032,IT,dev_701561,0
txn_004455,user_0014,2024-02-29 05:12:00.708960989,46.31,payment,mrc_7493,FR,dev_504424,0
txn_004456,user_0073,2024-02-29 05:33:50.486365941,45.46,withdrawal,mrc_6245,CN,dev_866813,0
txn_004457,user_0192,2024-02-29 05:42:15.221039155,27.95,payment,mrc_8221,US,dev_664141,0
txn_004458,user_0123,2024-02-29 06:04:36.252749584,649.32,purchase,mrc_9577,FR,dev_491106,1
txn_004459,user_0118,2024-02-29 06:12:08.397453241,48.68,transfer,mrc_8516,PL,dev_765830,0
txn_004460,user_0006,2024-02-29 06:12:44.369169498,60.21,transfer,mrc_8022,US,dev_824287,0
txn_004461,user_0088,2024-02-29 06:34:03.395747344,36.6,purchase,mrc_3694,IT,dev_918157,0
txn_004462,user_0176,2024-02-29 06:45:20.400144597,35.04,purchase,mrc_9431,US,dev_354405,0
txn_004463,user_0103,2024-02-29 06:59:47.955249413,69.11,purchase,mrc_9936,US,dev_931748,0
txn_004464,user_0180,2024-02-29 08:13:40.513110479,19.0,payment,mrc_6113,DE,dev_275394,0
txn_004465,user_0030,2024-02-29 08:16:20.015259065,45.84,purchase,mrc_8238,IT,dev_263321,0
txn_004466,user_0135,2024-02-29 08:56:29.062425915,42.49,purchase,mrc_5899,DE,dev_329595,0
txn_004467,user_0038,2024-02-29 09:06:29.646746320,98.56,purchase,mrc_7650,RU,dev_665036,0
txn_004468,user_0002,2024-02-29 09:20:42.790758064,766.33,payment,mrc_2486,US,dev_840484,1
txn_004469,user_0114,2024-02-29 09:30:15.329264128,22.89,purchase,mrc_9779,GB,dev_530246,0
txn_004470,user_0132,2024-02-29 09:36:42.614413302,53.35,purchase,mrc_1177,IT,dev_759758,0
txn_004471,user_0038,2024-02-29 09:48:34.863265077,121.48,purchase,mrc_6545,RU,dev_665036,0
txn_004472,user_0089,2024-02-29 09:56:48.171665917,103.48,transfer,mrc_8126,GB,dev_154564,0
txn_004473,user_0066,2024-02-29 10:27:39.663898990,29.87,withdrawal,mrc_4283,DE,dev_768422,0
txn_004474,user_0014,2024-02-29 10:51:22.925963429,41.11,purchase,mrc_8277,FR,dev_504424,0
txn_004475,user_0173,2024-02-29 11:10:28.439420980,52.06,purchase,mrc_1871,US,dev_515554,0
txn_004476,user_0045,2024-02-29 11:19:40.959544086,27.01,purchase,mrc_2509,US,dev_568492,0
txn_004477,user_0145,2024-02-29 12:10:24.057087286,103.37,withdrawal,mrc_5420,BR,dev_839106,0
txn_004478,user_0187,2024-02-29 12:29:51.512598542,28.29,purchase,mrc_9952,FR,dev_943069,0
txn_004479,user_0131,2024-02-29 12:46:02.421439003,63.7,purchase,mrc_4673,DE,dev_270545,0
txn_004480,user_0090,2024-02-29 12:47:30.039480057,67.31,withdrawal,mrc_2666,BR,dev_704432,0
txn_004481,user_0175,2024-02-29 13:26:37.969753642,75.02,payment,mrc_2830,CA,dev_530674,0
txn_004482,user_0095,2024-02-29 13:39:27.230274498,27.79,payment,mrc_3902,CN,dev_540551,0
txn_004483,user_0013,2024-02-29 14:03:44.504328225,69.15,withdrawal,mrc_3349,MX,dev_965706,0
txn_004484,user_0125,2024-02-29 14:24:07.061526649,14.26,purchase,mrc_4072,FR,dev_268514,0
txn_004485,user_0162,2024-02-29 14:36:46.826475771,153.95,purchase,mrc_6697,DE,dev_495721,0
txn_004486,user_0122,2024-02-29 15:14:11.275905075,20.93,purchase,mrc_5828,FR,dev_353998,0
txn_004487,user_0133,2024-02-29 15:22:25.068643517,33.34,withdrawal,mrc_7892,NL,dev_254947,0
txn_004488,user_0126,2024-02-29 15:31:35.242580943,43.91,purchase,mrc_4941,RU,dev_408162,0
txn_004489,user_0135,2024-02-29 15:39:43.067221982,63.44,withdrawal,mrc_1209,DE,dev_329595,0
txn_004490,user_0139,2024-02-29 15:43:46.844552477,49.6,purchase,mrc_1352,CN,dev_613879,0
txn_004491,user_0007,2024-02-29 15:44:51.424782458,21.02,purchase,mrc_4956,ES,dev_133536,0
txn_004492,user_0106,2024-02-29 15:51:17.377607728,49.38,purchase,mrc_7867,DE,dev_776495,0
txn_004493,user_0082,2024-02-29 16:13:17.738098371,2858.6,purchase,mrc_1266,FR,dev_336679,1
txn_004494,user_0191,2024-02-29 16:23:02.098514108,49.37,withdrawal,mrc_4481,US,dev_830909,0
txn_004495,user_0039,2024-02-29 16:31:00.953084781,67.7,purchase,mrc_1550,DE,dev_717548,0
txn_004496,user_0000,2024-02-29 16:32:48.723410578,82.86,purchase,mrc_5737,NL,dev_281322,0
txn_004497,user_0132,2024-02-29 16:42:39.332397668,56.38,payment,mrc_3938,IT,dev_759758,0
txn_004498,user_0119,2024-02-29 16:52:52.060111308,49.09,purchase,mrc_7539,IN,dev_467629,0
txn_004499,user_0130,2024-02-29 17:20:39.643518981,81.95,payment,mrc_4627,GB,dev_425066,0
txn_004500,user_0150,2024-02-29 17:32:36.894772176,69.46,purchase,mrc_2234,US,dev_139544,0
txn_004501,user_0032,2024-02-29 17:45:52.246442049,33.25,purchase,mrc_3129,IT,dev_966352,0
txn_004502,user_0158,2024-02-29 18:00:39.216652378,95.1,payment,mrc_1898,IN,dev_338326,0
txn_004503,user_0052,2024-02-29 19:19:46.593580051,69.48,payment,mrc_3554,CN,dev_926596,0
txn_004504,user_0182,2024-02-29 20:10:04.507527496,51.8,purchase,mrc_6066,MX,dev_978161,0
txn_004505,user_0041,2024-02-29 20:36:50.311925910,42.06,purchase,mrc_9643,FR,dev_793260,0
txn_004506,user_0026,2024-02-29 20:39:09.519165158,13.94,purchase,mrc_1125,FR,dev_276791,0
txn_004507,user_0187,2024-02-29 21:15:57.196045499,22.8,transfer,mrc_5376,FR,dev_943069,0
txn_004508,user_0161,2024-02-29 21:20:05.288848030,62.66,withdrawal,mrc_2951,US,dev_689131,0
txn_004509,user_0154,2024-02-29 21:40:34.728701098,45.02,payment,mrc_1084,NL,dev_343626,0
txn_004510,user_0049,2024-02-29 22:21:47.038190484,16.11,purchase,mrc_6866,FR,dev_756716,0
txn_004511,user_0016,2024-02-29 23:07:17.949291307,58.07,purchase,mrc_7098,GB,dev_694538,0
txn_004512,user_0042,2024-02-29 23:35:21.787910037,999.23,purchase,mrc_2590,CN,dev_165220,1
